date,txVolume(USD),adjustedTxVolume(USD),txCount,marketcap(USD),price(USD),exchangeVolume(USD),realizedCap(USD),generatedCoins,fees,activeAddresses,averageDifficulty,paymentCount,medianTxValue(USD),medianFee,blockSize,blockCount
10/1/2017,5393408389,1954883100,203523,72054319360,4341.05,1208210048,28376064830,1625,119.0534979,624785,1.10E+12,296932,259.5242913,0.0002616,118670148,130
10/2/2017,7085722429,2757369646,294852,72971377912,4395.81,1431730048,28529981667,1875,180.47324,815069,1.12E+12,463964,271.4472898,0.00033222,150225359,150
10/3/2017,5502221558,2384578475,281949,73191567362,4408.46,1288019968,28616600344,2287.5,152.5344188,785914,1.12E+12,440833,258.6080666,0.00030468,160282789,183
10/4/2017,4721678649,2266245593,232692,71719575370,4319.37,1116770048,28674146820,1675,136.732834,639802,1.12E+12,366423,334.0713062,0.0003277,112221565,134
10/5/2017,5756696356,2403649349,273118,70240118316,4229.88,1161769984,28874369762,1562.5,160.3442403,727434,1.12E+12,401676,261.5435475,0.000339,127254278,125
10/6/2017,4941275865,2160195233,283540,71819494347,4324.46,1069939968,28976331831,1987.5,149.0212022,819066,1.12E+12,457187,224.0115687,0.000327,146349291,159
10/7/2017,3833663482,1937705208,231068,72573592695,4369.35,906928000,29059379912,1975,108.2155643,670951,1.12E+12,376557,202.1297576,0.00030736,132168275,158
10/8/2017,4765572899,1797445619,238203,73585678040,4429.67,1313869952,29210481643,2275,111.7964751,689838,1.12E+12,370758,188.8251378,0.00027645,139124422,182
10/9/2017,10500282356,2720602902,296785,76665459928,4614.52,1968739968,29495972131,2012.5,149.3409866,800806,1.12E+12,429684,275.4819526,0.0002825,148367331,161
10/10/2017,7720480608,3023817779,302941,79361562675,4776.21,1597139968,29699893285,2000,167.2582099,826210,1.12E+12,462138,266.4760278,0.00031009,154283614,160
10/11/2017,7500621260,2427410057,292320,79586559188,4789.25,1222279936,29821047754,1737.5,148.1728918,780257,1.12E+12,453823,238.983575,0.00031809,141237215,139
10/12/2017,8328690405,2901748026,293011,80265866463,4829.58,2791610112,30146175589,1912.5,174.4145147,783622,1.12E+12,426771,356.5716585,0.00031796,149564077,153
10/13/2017,8710528466,3655007007,309683,90821715816,5464.16,3615480064,30591907153,1700,281.5345822,819164,1.12E+12,501228,389.5115528,0.0005404,139467331,136
10/14/2017,7436979779,2685783727,292999,93813031266,5643.53,1669030016,30816276732,1762.5,227.5956389,796789,1.12E+12,448376,227.2786104,0.0004959,144274223,141
10/15/2017,6631326174,2526466398,283278,97026044779,5835.96,1976039936,31010221129,2437.5,162.7073282,826707,1.18E+12,426984,193.1025789,0.00035482,174284733,195
10/16/2017,9828202678,3000309051,314551,94571207689,5687.57,2008070016,31298366215,2175,193.4194609,850054,1.20E+12,484439,240.0589639,0.00039517,159690873,174
10/17/2017,14637440376,3247423513,334274,95481108904,5741.58,1821570048,31514158237,2050,209.1372614,873937,1.20E+12,500846,249.6705393,0.00040651,161798009,164
10/18/2017,10358498063,3181093541,329428,93200912999,5603.82,2399269888,31676189799,1887.5,192.2026716,818815,1.20E+12,497948,236.9664388,0.00039843,153645745,151
10/19/2017,9336231341,2910853409,356807,92879233192,5583.74,1780540032,31978191179,2225,191.5123957,910174,1.20E+12,525157,194.872526,0.00035123,176939355,178
10/20/2017,9450194220,3023451350,312230,94960688771,5708.11,2354429952,32219926412,2237.5,161.9724456,850258,1.20E+12,500763,221.4220963,0.00033798,177749261,179
10/21/2017,8132101209,2838321745,312104,99774514062,5996.79,2207099904,32401023589,1912.5,167.7673012,805473,1.20E+12,447156,203.6155474,0.00030272,159132049,153
10/22/2017,7672719185,2538069548,288949,1.00E+11,6036.66,2034630016,32726144843,2275,155.3319302,981728,1.20E+12,433885,195.9762431,0.00030396,182962093,182
10/23/2017,14296685309,4891179756,315925,99954554700,6006,2401840128,33335764220,2137.5,185.6443395,877356,1.20E+12,477707,394.636242,0.00031,166241284,171
10/24/2017,12064521030,4487492445,347053,98793833867,5935.52,2735699968,33515603034,2087.5,199.7905691,957976,1.20E+12,529691,386.5210624,0.000327,173848944,167
10/25/2017,9021986468,3768237719,315230,91967115691,5524.6,1966989952,33718676492,2312.5,141.9753754,919336,1.20E+12,464949,235.4012171,0.00028815,179389978,185
10/26/2017,8733216874,3554087463,265647,95698263320,5747.95,1905040000,33903864924,2250,112.6505176,730711,1.23E+12,416138,276.7087846,0.0002634,131824168,180
10/27/2017,9780217060,2764122097,246588,98233030896,5899.74,1710130048,34043607793,1300,166.66746,673653,1.45E+12,418157,357.7977559,0.0004068,107322640,104
10/28/2017,6965317471,2313344473,206981,96375664793,5787.82,1403920000,34127529545,1062.5,175.0382808,555051,1.45E+12,327091,377.2271878,0.00054567,85663587,85
10/29/2017,8492465811,3089957886,333871,95830916288,5754.44,2859040000,34348345324,1925,278.857125,911592,1.45E+12,516737,216.9159176,0.00058082,156773294,154
10/30/2017,10040929640,3503883482,315930,1.02E+11,6114.85,1772150016,34585042351,1837.5,263.5909742,889430,1.45E+12,496273,302.4298412,0.000565,151190843,147
10/31/2017,10261139373,3633263005,277397,1.02E+11,6132.02,2311379968,34873337772,1725,231.8949993,829238,1.45E+12,461286,421.8393773,0.00054282,143105610,138
11/1/2017,12050590911,4066636238,351373,1.07E+11,6440.97,2870320128,35328655183,1950,296.9376042,960573,1.45E+12,554430,377.6463734,0.00054397,162830743,156
11/2/2017,13198172316,4850397067,341324,1.13E+11,6777.77,4653770240,35903881543,1875,277.5907948,916841,1.45E+12,510735,471.9345662,0.0005424,155609349,150
11/3/2017,11133920200,4237543493,277479,1.18E+11,7087.53,3369860096,36333368242,1487.5,271.7738527,818583,1.45E+12,516545,503.0062566,0.00058458,124546111,119
11/4/2017,8075799853,3694338129,293991,1.19E+11,7164.48,2483800064,36620442489,1625,273.249729,800319,1.45E+12,418542,331.8578539,0.00064184,133672241,130
11/5/2017,7906084143,3368328823,251587,1.23E+11,7404.52,2380410112,36990648199,1762.5,197.6563993,803250,1.45E+12,425979,346.277635,0.00054918,147016070,141
11/6/2017,10365132174,4420377290,270896,1.23E+11,7403.22,3111899904,37193022371,1662.5,240.3378973,825192,1.45E+12,453874,446.917585,0.0006322,138925599,133
11/7/2017,13186823103,4191456328,335480,1.17E+11,7023.1,2326340096,37522813617,1950,294.127314,939818,1.45E+12,554073,341.8321157,0.00059961,160115293,156
11/8/2017,13615015832,4930486004,301202,1.19E+11,7141.38,4602200064,37884823645,1800,262.1693912,860914,1.45E+12,481445,484.8062927,0.00063388,147863665,144
11/9/2017,14514360424,5511365323,341128,1.24E+11,7446.83,3226249984,38240861126,1912.5,361.32994,945888,1.45E+12,531408,469.15029,0.000678,156793486,153
11/10/2017,14919581333,5609306790,271625,1.20E+11,7173.73,5208249856,38447310165,1500,319.9729572,795418,1.42E+12,463010,630.7555905,0.00073,126001568,120
11/11/2017,9589797520,3901468056,194554,1.10E+11,6618.61,4908680192,38660777146,1000,317.0579268,578308,1.36E+12,344731,782.4589576,0.00093401,84660106,80
11/12/2017,11582517510,4792655169,185886,1.05E+11,6295.45,8957349888,39349216975,1000,583.6104671,598625,1.36E+12,355141,1084.042432,0.00212424,84249119,80
11/13/2017,24717087646,4826253363,309159,99039469606,5938.25,6263249920,39855359875,1750,783.3862644,917287,1.36E+12,529275,539.5065208,0.001701,145850292,140
11/14/2017,23482168188,7114676378,271867,1.09E+11,6561.48,3197110016,40102563755,1600,615.0868792,817534,1.36E+12,476312,514.0931391,0.00157296,131508667,128
11/15/2017,19653332646,7087013050,321636,1.11E+11,6634.76,4200880128,40666812866,1900,603.509962,951196,1.36E+12,547969,434.2215549,0.00107,158978416,152
11/16/2017,25779850795,7498974031,310244,1.22E+11,7323.24,5123809792,41412889793,1900,502.6402592,903497,1.36E+12,516488,494.5724503,0.001,155463981,152
11/17/2017,27276055666,6259702110,306450,1.31E+11,7853.57,4651670016,42043885478,2087.5,401.1664327,980129,1.36E+12,534530,332.1518214,0.00055615,172766272,167
11/18/2017,19518236322,5158188329,270738,1.28E+11,7697.21,3667190016,42387560504,1700,289.9883924,849503,1.36E+12,468080,304.1188453,0.00041285,142498033,136
11/19/2017,21435790610,4033686237,264695,1.30E+11,7766.03,3149319936,42785053889,2000,247.4435441,908966,1.36E+12,465574,339.5555276,0.00039252,166877892,160
11/20/2017,23942095652,5085932005,336029,1.34E+11,8039.07,3488450048,43330020524,2187.5,329.0181743,989857,1.36E+12,574204,402.7601403,0.0003886,178269444,175
11/21/2017,24510232855,5930996968,370918,1.37E+11,8205.74,4277609984,43884976822,2162.5,310.2965518,979924,1.36E+12,590709,302.7671888,0.00036723,182669689,173
11/22/2017,20348301782,5466786474,311885,1.35E+11,8077.95,3633530112,44214584772,1850,256.4031823,870876,1.36E+12,515406,439.3640626,0.00037208,157696884,148
11/23/2017,22127414859,4983497676,352050,1.37E+11,8232.38,4225179904,44513049978,1962.5,265.9195691,956721,1.36E+12,565864,410.691787,0.00037367,165932399,157
11/24/2017,18132626557,5614372739,305586,1.35E+11,8074.02,5058610176,45048340251,1862.5,233.5364872,907143,1.36E+12,544620,355.25688,0.0003616,156243184,149
11/25/2017,18063710661,4509299082,336533,1.38E+11,8241.71,4342060032,45720283973,1950,195.6397653,931680,1.35E+12,521448,307.7091055,0.00033554,163466176,156
11/26/2017,14579400038,5411561176,329524,1.47E+11,8789.04,5475579904,46457251851,1912.5,191.2220773,936230,1.35E+12,537151,362.6324506,0.00030931,159460176,153
11/27/2017,18273427258,7043449883,379086,1.56E+11,9352.72,5653320192,47341663437,2125,236.5030831,1057287,1.35E+12,625210,464.6408849,0.00034512,178057430,170
11/28/2017,23584545236,7974343282,365821,1.64E+11,9823.43,6348819968,48426297025,1950,245.2309135,1025731,1.35E+12,605525,661.5713691,0.00036256,165797696,156
11/29/2017,28458302001,9679743168,397917,1.68E+11,10077.4,11568799744,49326653164,2162.499999,290.9021286,1131747,1.35E+12,669272,846.0304816,0.00038865,184142758,173
11/30/2017,22924917044,7692426622,384219,1.66E+11,9906.79,8310689792,49968841252,2087.5,270.6311441,1084885,1.35E+12,644407,595.5364769,0.0003842,178406503,167
12/1/2017,19570122510,6611009303,412725,1.70E+11,10198.6,6783119872,50818807054,2287.5,247.0519056,1116245,1.35E+12,659212,356.951,0.00036635,195459494,183
12/2/2017,18449211954,5176061560,326193,1.84E+11,10978.3,5138500096,51514473651,2012.5,190.2958534,942700,1.35E+12,506753,399.580259,0.00035498,166844046,161
12/3/2017,18202697113,5094689065,352868,1.85E+11,11082.7,6608309760,52041005248,2200,187.4511427,1016509,1.35E+12,554015,440.1038806,0.00033662,184338007,176
12/4/2017,24984064000,6528974004,400505,1.89E+11,11315.4,6132409856,52888901064,2262.5,226.1199096,1145180,1.35E+12,658211,554.4546,0.00033762,193362372,181
12/5/2017,27862582838,7747929531,405531,1.95E+11,11685.7,6895260160,53668418111,2225,219.679754,1145916,1.35E+12,678119,590.9414084,0.00030608,188441219,178
12/6/2017,33519822353,8604451247,443399,1.99E+11,11923.4,12656300032,55415549602,2350,257.1699543,1230813,1.41E+12,727780,956.6205822,0.00031063,199100690,188
12/7/2017,41078503263,13482518240,374765,2.39E+11,14266.1,17950699520,60205062306,1900,364.605605,1068971,1.59E+12,633371,1701.030132,0.00065633,158878942,152
12/8/2017,34519751834,16248088756,384936,2.98E+11,17802.9,21135998976,62443105466,1950,641.4296648,1125005,1.59E+12,667114,1627.54272,0.001026,164011051,156
12/9/2017,39313620236,15958576850,403225,2.76E+11,16523.3,13911300096,63218128610,2175,567.0884245,1187736,1.59E+12,632247,959.1836786,0.0009395,182920334,174
12/10/2017,25646823085,11776242364,341256,2.54E+11,15168.4,13433299968,64192950255,2050,458.1002969,1077265,1.59E+12,533121,708.7852031,0.00085309,173259264,164
12/11/2017,34997845471,14076118993,368427,2.58E+11,15427.4,12153900032,65977264398,2137.5,483.6386507,1153418,1.59E+12,663293,689.7041325,0.0008555,181336603,171
12/12/2017,45542037889,15220047163,372821,2.83E+11,16919.8,14603799552,68370659484,1950,537.9440791,1096932,1.59E+12,662530,1214.911688,0.00087645,165564852,156
12/13/2017,48353069371,13569096785,424393,2.93E+11,17500,12976900096,69788110748,2325,604.2979452,1261348,1.59E+12,709918,1281.58625,0.0008588,196614029,186
12/14/2017,37521936559,11336751026,490459,2.74E+11,16384.6,13777399808,70836721795,2312.5,644.6079443,1283929,1.59E+12,764683,3131.431306,0.00085846,192739902,185
12/15/2017,35932354892,11988669679,405507,2.78E+11,16601.3,14309999616,72220235845,2112.499999,592.7039343,1179829,1.59E+12,698713,1659.324339,0.00093595,178791652,169
12/16/2017,34015547808,10343890878,364051,2.97E+11,17760.3,12740599808,73758510127,2137.5,534.0113834,1136363,1.59E+12,601778,1276.746053,0.000896,180675813,171
12/17/2017,37469204186,12146533758,391725,3.26E+11,19475.8,13314599936,75330804441,2312.5,535.4386753,1176110,1.59E+12,643748,1349.341851,0.00088816,192598768,185
12/18/2017,46053266584,12822950807,394057,3.20E+11,19106.4,14839499776,76545144824,2275,587.1254837,1197857,1.72E+12,681423,1942.456168,0.00087977,189650380,182
12/19/2017,27921654891,11121916462,378482,3.20E+11,19118.3,16894499840,77247928020,1750,662.5955054,1048091,1.87E+12,643653,3738.610139,0.0010848,148422316,140
12/20/2017,28925969429,13149451482,370141,2.98E+11,17760.3,22149699584,78502976094,1700,911.5917428,1025885,1.87E+12,615360,3338.834989,0.0016048,145900819,136
12/21/2017,21021432317,9367307531,335350,2.79E+11,16642.4,16516599808,78922977986,1650,1128.76167,1002360,1.87E+12,632916,3423.84245,0.00204211,137107356,132
12/22/2017,21320968720,10196701402,380493,2.66E+11,15898,22197999616,79016447916,1937.5,1495.946477,1112381,1.87E+12,670389,3010.18662,0.00226,164659455,155
12/23/2017,17876947895,6297545813,308072,2.34E+11,13948.7,13086000128,79399499401,1737.5,1065.615595,980574,1.87E+12,570467,1617.789754,0.00226,147345277,139
12/24/2017,16206983431,6364924150,279371,2.45E+11,14608.2,11572299776,79670768693,1900,881.1213628,1023773,1.87E+12,503880,1059.193836,0.0019549,161749715,152
12/25/2017,19532753166,7061128900,228791,2.35E+11,13995.9,10664699904,79878685615,1687.5,689.394412,879901,1.87E+12,457825,1118.158203,0.0018,141850704,135
12/26/2017,24633024693,7381311597,247298,2.35E+11,14036.6,13454300160,80796207173,1775,725.6238182,912401,1.87E+12,467480,1466.749464,0.0015325,149144463,142
12/27/2017,27522917856,9608974937,307486,2.71E+11,16163.5,12487600128,81821641612,1950,784.8171235,1032417,1.87E+12,568578,2495.470642,0.0014632,166544787,156
12/28/2017,22350204742,9544955744,304904,2.66E+11,15864.1,12336499712,82094810932,1862.5,785.8338917,1003665,1.87E+12,566517,2514.907059,0.00146853,161397253,149
12/29/2017,21928912582,9243769202,353659,2.46E+11,14695.8,13025500160,82541132331,2062.5,785.7950496,1094029,1.87E+12,644851,2671.161513,0.00126628,172879363,165
12/30/2017,20847802427,10577191298,344260,2.46E+11,14681.9,14452599808,82784527644,1825,778.5711097,1009195,1.87E+12,601269,3391.183419,0.00120766,152421656,147
12/31/2017,13686043242,7351729797,290259,2.16E+11,12897.7,12136299520,83149422474,2037.5,545.1445262,1007352,1.87E+12,515996,1256.135765,0.00114096,169040286,163
1/1/2018,14286973592,6731304774,241601,2.37E+11,14112.2,10291200000,83220486776,1950,469.4130365,966713,1.92E+12,455903,1331.951914,0.0010815,162767670,156
1/2/2018,21070141546,7712513940,340809,2.29E+11,13625,16846600192,84033570587,2137.5,649.1649763,1142472,1.93E+12,648248,2318.85837,0.00090307,178073859,171
1/3/2018,20793365454,8217780707,395806,2.51E+11,14978.2,16871900160,84544514572,1962.5,749.6854726,1132612,1.93E+12,694576,3178.702961,0.00103344,167285574,157
1/4/2018,22292265232,10702582283,424840,2.56E+11,15270.7,21783199744,85421504703,2100,778.2610948,1253400,1.93E+12,808680,3301.03851,0.00104274,179059894,168
1/5/2018,25900974434,11691227839,342564,2.60E+11,15477.2,23840899072,86945117624,1787.499999,701.3560209,1068678,1.93E+12,691280,2897.089312,0.0010892,152671919,143
1/6/2018,32777363199,10880865099,358679,2.93E+11,17462.1,18314600448,87939098115,2100,694.4779056,1171166,1.93E+12,698765,1938.449735,0.00104361,177174339,168
1/7/2018,38152383782,12613786661,368025,2.94E+11,17527.3,15866000384,89059705728,2025,686.1140025,1127779,1.93E+12,683244,4176.310572,0.00114465,169733607,162
1/8/2018,28755019697,11528195374,345506,2.77E+11,16476.2,18413899776,89054353752,2075,694.5264055,1158259,1.93E+12,701298,2531.385903,0.00114271,174407624,166
1/9/2018,23699755586,10625708874,360101,2.54E+11,15123.7,16659999744,89300828199,2050,752.4182028,1150333,1.93E+12,712901,2698.79674,0.00119852,172954293,164
1/10/2018,21480822245,10291816326,347227,2.45E+11,14588.5,18500800512,89745506228,2075,720.3257009,1125371,1.93E+12,680181,2744.89805,0.00114801,175660366,166
1/11/2018,18718517841,9914043661,337766,2.51E+11,14968.2,16534099968,89887122017,2412.5,697.4408335,1223977,1.93E+12,624669,2231.065592,0.00114919,204023669,193
1/12/2018,16490708794,8004615315,299913,2.26E+11,13453.9,12065699840,90187176139,2225,617.6357942,1152568,1.93E+12,575458,1958.098769,0.00114969,187731039,178
1/13/2018,12748028051,6389467953,265586,2.34E+11,13952.4,12763599872,90481992868,1862.5,528.466321,943080,2.13E+12,497578,2288.740116,0.00115181,151181001,149
1/14/2018,12266702310,6046487128,234890,2.41E+11,14370.8,11084099584,90603464564,1937.5,491.3244648,967584,2.23E+12,449426,1704.972693,0.00103719,162851954,155
1/15/2018,13172946669,7165407906,273473,2.31E+11,13767.3,12750799872,90664106500,1875,510.1176178,953007,2.23E+12,514589,1672.105907,0.00094308,158899507,150
1/16/2018,28204175767,10344058605,303566,2.33E+11,13836.1,18853799936,90140186146,1987.5,606.3824601,999065,2.23E+12,572078,1995.036806,0.00103338,166958621,159
1/17/2018,17637597012,8122650284,315604,1.92E+11,11431.1,18830600192,90003284223,2087.5,675.0966865,1090522,2.23E+12,587740,1849.659204,0.00114736,177389306,167
1/18/2018,15128920554,7183767571,309322,1.88E+11,11198.8,15020399616,89850854168,2162.5,656.8975354,1053533,2.23E+12,581572,1528.683459,0.00113954,181796855,173
1/19/2018,11760289034,6660269586,243454,1.92E+11,11429.8,10740400128,89883998332,2062.5,491.4899943,1027758,2.23E+12,447880,1182.215532,0.00102954,172978826,165
1/20/2018,10643662158,5159893377,240433,1.96E+11,11656.2,11801700352,90137282468,2225,429.4031975,973534,2.23E+12,436493,912.9068234,0.00097336,196969209,178
1/21/2018,9135857725,4966835735,215435,2.17E+11,12889.2,9935179776,89939083431,2337.5,343.3626963,985152,2.23E+12,397634,672.9840574,0.00084701,201491164,187
1/22/2018,11990946776,6465848033,245395,1.96E+11,11633.1,10537400320,89789048063,2087.5,314.6125395,944996,2.23E+12,440476,988.8135,0.00063534,180533363,167
1/23/2018,11920415582,6316007591,271759,1.84E+11,10944.5,9660609536,89612648572,2212.5,285.9580052,900248,2.23E+12,413562,498.0584754,0.00047612,189451004,177
1/24/2018,11955565338,5856396007,250247,1.83E+11,10903.4,9940989952,89687161684,2200,283.498099,944583,2.23E+12,433454,977.274795,0.0005273,188318936,176
1/25/2018,9754662057,5612809305,236422,1.92E+11,11421.7,8873169920,89682646590,1975,220.8544664,841506,2.46E+12,407265,835.9001984,0.00049958,175431636,158
1/26/2018,11742366541,6475110086,220304,1.89E+11,11256,9746199552,89902366511,1937.5,209.132216,807963,2.60E+12,388804,887.4957538,0.00050016,161607231,155
1/27/2018,6929334038,3490353960,193421,1.88E+11,11174.9,7583269888,90023944373,1962.5,168.2546936,870592,2.60E+12,428955,681.7948411,0.00045282,163052025,157
1/28/2018,11038244789,3986983631,213288,1.93E+11,11475.3,8350360064,90451706087,1975,155.3448557,768043,2.60E+12,380072,548.546766,0.00043009,162899397,158
1/29/2018,9673896110,5845185340,232028,1.98E+11,11755.5,7107359744,90424512405,1850,145.7511292,778150,2.60E+12,399726,624.2594874,0.00042774,150689736,148
1/30/2018,9215469711,5526346354,236442,1.90E+11,11306.8,8637859840,89888519446,2087.5,160.3009039,838824,2.60E+12,394423,956.5263346,0.00042814,164913948,167
1/31/2018,7689823496,4913915978,204159,1.70E+11,10108.2,8041160192,89829112614,1462.5,162.2062363,676289,2.60E+12,361604,1151.960392,0.0003729,122011264,117
2/1/2018,10437874264,6061021295,257504,1.72E+11,10237.3,9959400448,89436266309,2000,214.0275449,842407,2.60E+12,442685,1062.037977,0.0003898,168634108,160
2/2/2018,10418735070,6161052159,235750,1.54E+11,9142.28,12726899712,88804998170,2100,274.3625824,854261,2.60E+12,414774,1334.97337,0.00044823,171776392,168
2/3/2018,6166344342,3437793112,194733,1.49E+11,8852.12,7263790080,88729609422,1975,146.9277694,714666,2.60E+12,332534,676.744574,0.00040801,157457564,158
2/4/2018,5630156386,3595823009,173509,1.55E+11,9175.7,7073549824,88722892387,2225,111.3166981,720912,2.60E+12,300607,669.2319734,0.00035599,176306855,178
2/5/2018,12235146915,5726193760,216178,1.39E+11,8270.54,9285289984,87965185071,2312.499999,173.7675019,903367,2.60E+12,370126,746.168615,0.00033222,204005692,185
2/6/2018,10209584543,5382606371,243950,1.19E+11,7051.75,13999800320,87781496001,2125,164.2699857,999121,2.61E+12,456055,670.4748896,0.00031974,181479158,170
2/7/2018,7383538359,4514035840,213578,1.31E+11,7755.49,9169280000,87439991798,1762.5,123.521091,814508,2.87E+12,366311,626.8142903,0.00031723,151112857,141
2/8/2018,7389507380,4504738203,173158,1.29E+11,7637.86,9346750464,87355346689,1637.5,87.98500449,746349,2.87E+12,296659,440.022232,0.00028795,137327985,131
2/9/2018,7502707124,4738222640,177725,1.39E+11,8271.84,6784820224,87355409118,1687.5,88.36425123,775358,2.87E+12,354485,568.2026985,0.00028972,145285994,135
2/10/2018,11259806019,6259417774,181640,1.47E+11,8720.08,7780960256,87347375857,1787.5,88.79565618,741906,2.87E+12,313546,539.0833681,0.00026325,147975317,143
2/11/2018,9520593485,5284027170,147057,1.45E+11,8616.13,6122189824,87250334969,1887.5,61.96458348,818420,2.87E+12,280973,369.3734931,0.00025003,152044792,151
2/12/2018,11113984445,6256319464,186752,1.37E+11,8141.43,6256439808,87373254620,2075,69.96971094,914744,2.87E+12,325002,461.7086367,0.0002034,172854404,166
2/13/2018,8924752165,5121183763,182820,1.51E+11,8926.72,5696719872,87248179438,2050,68.57325292,852830,2.87E+12,308786,543.7946261,0.00019376,169404810,164
2/14/2018,9585133738,5197766951,196238,1.45E+11,8599.92,7909819904,87485023557,2237.5,63.75846926,937586,2.87E+12,332629,503.0010649,0.00015262,181834435,179
2/15/2018,9046158952,5161446749,198052,1.60E+11,9488.32,9062540288,87828727594,1637.5,64.08005499,788520,2.87E+12,355904,593.3026571,0.00017206,139370240,131
2/16/2018,6879188520,4264292256,187581,1.71E+11,10135.7,7296159744,87982367953,1962.5,58.25713445,773228,2.87E+12,309500,550.1347808,0.00012096,155372600,157
2/17/2018,11315638700,5710408604,173640,1.72E+11,10207.5,8660880384,88206204228,1862.5,48.63875388,770450,2.87E+12,293702,510.2798661,0.00010292,144979560,149
2/18/2018,14588036498,6783725421,159333,1.88E+11,11123.4,8744009728,88288187801,2025,44.58328081,730175,2.87E+12,283478,532.9729279,0.0001,157588201,162
2/19/2018,15274937955,6898329658,187205,1.78E+11,10552.6,7652089856,88608355181,2025,50.9081119,849889,2.87E+12,325452,532.1057798,7.20E-05,163066620,162
2/20/2018,11256696602,6205170128,198314,1.90E+11,11231.8,9926540288,88912062082,1762.5,52.23072575,714645,2.97E+12,336704,627.9097356,4.58E-05,142528477,141
2/21/2018,12215613119,7387058457,205032,1.92E+11,11372.2,9405339648,88954502912,2112.5,40.68256761,705387,3.01E+12,345916,768.8985511,1.88E-05,166480992,169
2/22/2018,12015582852,7402166378,183086,1.80E+11,10660.4,8040079872,90029764884,1862.5,37.60222865,713590,3.01E+12,395935,567.7464662,1.99E-05,136924497,149
2/23/2018,7347626606,4564639966,185045,1.68E+11,9937.07,7739500032,90178555298,1850,73.94810594,739570,3.01E+12,316131,560.8827124,6.72E-05,148931360,148
2/24/2018,6208455871,3857990057,154389,1.74E+11,10287.7,6917929984,90100641203,1812.5,96.10766905,704058,3.01E+12,272646,606.5428339,0.00023842,149044636,145
2/25/2018,4384695642,2549810968,144698,1.65E+11,9796.42,5706939904,90091975272,2137.5,41.44060303,528654,3.01E+12,275153,591.9027333,0.00013928,121437585,171
2/26/2018,6386756347,3600402280,186333,1.63E+11,9669.43,7287690240,90219940176,1762.5,46.19035139,669623,3.01E+12,341349,496.8692688,4.57E-05,138506339,141
2/27/2018,7116756940,4287169823,219464,1.76E+11,10393.9,6966179840,90376864019,2000,50.54578675,713403,3.01E+12,382900,589.1866406,4.48E-05,162590744,160
2/28/2018,9233137527,5287498011,189068,1.81E+11,10687.2,6936189952,90498897265,1937.499999,51.29908837,806237,3.01E+12,372546,555.6136346,5.62E-05,163403542,155
3/1/2018,9757408494,5318654519,233579,1.75E+11,10385,7317279744,90728186389,2062.5,52.05574602,819981,3.01E+12,403191,620.4486057,6.29E-05,176259686,165
3/2/2018,7917264413,4548084525,194917,1.85E+11,10977.4,7620590080,90888348648,1950,42.01376982,749023,3.01E+12,429514,581.4329203,5.47E-05,134326058,156
3/3/2018,6657283231,3129462297,176844,1.88E+11,11101.9,6690570240,91022296675,2250,37.96379904,930026,3.01E+12,342737,407.8326262,5.25E-05,175830033,180
3/4/2018,5268982642,2940584185,160083,1.94E+11,11497.4,6084149760,91223536247,1850,33.46586197,802172,3.01E+12,296156,407.5393698,5.47E-05,148422339,148
3/5/2018,8062165667,4790036379,201289,1.95E+11,11532.4,6468539904,91528383734,1862.5,44.53138052,850566,3.23E+12,342185,542.3583928,4.52E-05,151393017,149
3/6/2018,7260012005,4115389486,205860,1.94E+11,11500.1,6832169984,91472078340,1950,37.24003205,836894,3.29E+12,341783,468.7222258,4.13E-05,159464680,156
3/7/2018,7144578485,4464538868,213821,1.83E+11,10803.9,8797910016,91348002567,1962.5,34.8377064,917555,3.29E+12,368216,439.0679031,2.94E-05,160504540,157
3/8/2018,7230854771,3900532009,196260,1.68E+11,9951.44,7186089984,91185496973,2025,35.63080068,915698,3.29E+12,332688,494.1022314,2.72E-05,165146538,162
3/9/2018,7513778456,4587022602,198034,1.59E+11,9414.69,8704190464,90689028413,1825,34.8459414,881628,3.29E+12,384354,472.1779603,2.24E-05,150559338,146
3/10/2018,4169223799,2737202429,156088,1.58E+11,9350.59,5386319872,90534207629,1750,40.27322368,810973,3.29E+12,260548,403.1443294,4.04E-05,141840378,140
3/11/2018,4125518665,2774167184,150731,1.50E+11,8852.78,6296370176,90658197605,1912.5,39.61038377,884564,3.29E+12,259150,362.3899657,3.36E-05,155012067,153
3/12/2018,6416998189,3759383422,188233,1.62E+11,9602.93,6457399808,90571780849,2012.5,33.46783473,844775,3.29E+12,328797,400.5418594,2.27E-05,152473910,161
3/13/2018,5711389197,3320903429,195982,1.55E+11,9173.04,5991139840,90509623930,1975,60.67628875,764106,3.29E+12,320040,403.7264967,8.80E-05,141027789,158
3/14/2018,6195101928,3839836008,190898,1.56E+11,9214.65,6438230016,90236659706,1800,37.04036657,574892,3.29E+12,315241,521.8541028,5.04E-05,107227683,144
3/15/2018,6800060235,3512498211,206042,1.40E+11,8290.76,6834429952,90136688836,1800,36.64624829,617139,3.29E+12,352627,482.7217077,2.69E-05,110942371,144
3/16/2018,4971515728,3098181750,186823,1.41E+11,8322.91,5289379840,90026663320,1950,29.65177072,593940,3.29E+12,354309,416.918199,2.49E-05,106652791,156
3/17/2018,3413899967,2269832508,154347,1.41E+11,8321.91,4426149888,89910498533,1862.5,21.51541723,460743,3.29E+12,266988,376.0250873,1.87E-05,76798757,149
3/18/2018,3900493413,2425863746,164250,1.34E+11,7890.52,6639190016,89892678429,1887.5,25.33293823,534906,3.38E+12,291065,480.6981322,1.70E-05,104987344,151
3/19/2018,5371659508,3178190390,191373,1.41E+11,8344.12,6729110016,89908712110,1937.5,30.78064883,582460,3.46E+12,316841,418.5267073,1.87E-05,105096929,155
3/20/2018,5042975778,3181503141,195041,1.46E+11,8619.67,6361789952,89919568382,1587.5,31.3790795,568469,3.46E+12,310955,445.7291695,2.90E-05,100823104,127
3/21/2018,6020064793,3277318615,194694,1.51E+11,8937.48,6043129856,89934018427,1900,31.0252744,573438,3.46E+12,314321,437.5123472,2.28E-05,101880916,152
3/22/2018,5156476494,3141639462,185044,1.51E+11,8939.44,5530390016,89860557872,1787.5,27.7247885,595119,3.46E+12,316385,415.1782559,2.08E-05,114088127,143
3/23/2018,5165293490,3102072580,179685,1.48E+11,8736.25,5954120192,89881195942,1662.499999,26.25767336,624356,3.46E+12,327732,420.1323779,2.08E-05,110462841,133
3/24/2018,4266640988,2407323985,156931,1.51E+11,8901.95,5664600064,89887666649,1950,21.76498898,538133,3.46E+12,269616,370.8623586,1.84E-05,93062112,156
3/25/2018,5402066610,3110530936,135139,1.46E+11,8612.81,4569880064,89788024799,1687.5,20.23147507,442843,3.46E+12,238637,344.5124,2.03E-05,76784336,135
3/26/2018,6203275507,4080943131,187700,1.44E+11,8498.47,5921039872,89593655645,1875,26.98506764,584461,3.46E+12,312810,422.6736151,1.91E-05,106862019,150
3/27/2018,5969723258,3872496128,186913,1.39E+11,8200,5378250240,89467177140,1900,27.51028124,602500,3.46E+12,311228,372.447772,1.94E-05,116006267,152
3/28/2018,5267277711,3744148572,177386,1.33E+11,7836.83,4935289856,89356826054,1687.5,24.09273355,543737,3.46E+12,295052,372.3247369,2.02E-05,97814631,135
3/29/2018,4954102782,3318847054,192259,1.35E+11,7979.07,6361229824,89028501629,1900,27.20122872,565348,3.46E+12,325846,398.9017956,1.94E-05,103317980,152
3/30/2018,5652727052,3051136718,185778,1.22E+11,7171.45,6289509888,88754696076,2025,25.7646693,570440,3.46E+12,357118,372.965887,1.87E-05,101319356,162
3/31/2018,3370052456,2006288388,148489,1.17E+11,6892.48,4553269760,88708612360,1600,20.07447617,479750,3.46E+12,248517,315.865265,1.81E-05,86569789,128
4/1/2018,3681134051,2359946652,134967,1.19E+11,7003.06,4532100096,88602715377,2025,18.28180544,423281,3.49E+12,242466,283.3718198,1.87E-05,73414196,162
4/2/2018,5878174748,3599772364,168022,1.16E+11,6844.86,4333440000,88549249581,1950,21.39248333,494672,3.51E+12,288495,306.904083,1.72E-05,88391451,156
4/3/2018,6956277298,4004596916,198756,1.20E+11,7102.26,5499700224,88505010387,2037.5,25.12929851,594098,3.51E+12,328441,330.8437963,1.66E-05,110153083,163
4/4/2018,5007761970,3064417707,185563,1.26E+11,7456.41,4936000000,88330896344,1837.5,24.81899369,568015,3.51E+12,329626,365.36409,1.94E-05,106331912,147
4/5/2018,4414602331,2472952045,181676,1.16E+11,6848.65,5639320064,88219397989,1950,24.46293557,536162,3.51E+12,297645,349.0658284,1.87E-05,100814176,156
4/6/2018,4827412756,2779055437,172751,1.16E+11,6815.96,3766810112,88054414663,1725,34.53138383,640379,3.51E+12,377430,341.9312215,2.47E-05,113801371,138
4/7/2018,3342811092,2052928280,154459,1.12E+11,6630.51,3976610048,88010723694,2250,27.16559493,499530,3.51E+12,246616,274.0059584,1.98E-05,96988516,180
4/8/2018,3004166412,1813853897,138374,1.17E+11,6919.98,3652499968,87999161369,2012.5,21.01734283,404622,3.51E+12,239498,268.0784336,1.87E-05,69463734,161
4/9/2018,5215601800,3125617086,176416,1.20E+11,7044.32,4894060032,87861549918,1837.5,22.42407623,543836,3.51E+12,288689,332.4400578,2.04E-05,108557703,147
4/10/2018,4659018325,2781341685,186251,1.15E+11,6795.44,4272750080,87762628270,2050,22.98846383,565732,3.51E+12,320440,331.2966593,2.00E-05,112029130,164
4/11/2018,4702472016,3111353013,183087,1.16E+11,6843.47,4641889792,87763488751,2012.5,22.75353142,539442,3.51E+12,295213,344.2255145,1.94E-05,102764773,161
4/12/2018,5921845506,3452273584,210725,1.18E+11,6955.38,8906250240,87897113264,1925,35.70920887,617410,3.51E+12,335325,351.7434432,4.25E-05,127168034,154
4/13/2018,6542683258,4020350617,217117,1.34E+11,7901.09,7764460032,87971518210,2062.5,36.36336175,646935,3.51E+12,389963,358.7617122,5.18E-05,119255317,165
4/14/2018,3465356443,1977068676,161706,1.34E+11,7874.67,5191430144,87989493501,1712.5,23.75939568,493659,3.80E+12,274869,291.6767531,3.84E-05,109450707,137
4/15/2018,4083994982,2085197363,173868,1.36E+11,7999.33,5244480000,88056009028,2037.5,24.30501194,587020,3.84E+12,306125,301.0538246,3.05E-05,138146033,163
4/16/2018,8443965651,5227925693,195965,1.42E+11,8337.57,5631309824,88038060118,1762.5,25.73063079,738315,3.84E+12,323438,361.765995,2.23E-05,136424163,141
4/17/2018,6947501939,4410110696,201658,1.37E+11,8071.66,6900879872,88003968095,2025,26.13707878,608590,3.84E+12,349414,358.9704509,1.94E-05,117904324,162
4/18/2018,6834032666,4015399418,200580,1.35E+11,7944.43,6529909760,88061302734,2000,25.31797642,589421,3.84E+12,349333,343.4523267,1.87E-05,107913764,160
4/19/2018,7905684325,3967420981,213345,1.39E+11,8159.27,7063209984,88357183501,2225,27.6722839,644595,3.84E+12,385813,375.3996087,1.86E-05,111392334,178
4/20/2018,8452039164,4718917868,207640,1.41E+11,8286.88,8438110208,88550967749,1712.5,29.02296386,653018,3.84E+12,404046,364.6715297,2.04E-05,112126251,137
4/21/2018,5336340581,2992900544,193816,1.50E+11,8848.79,7548550144,88679202342,1987.5,28.40590158,620016,3.84E+12,332170,322.5710475,2.26E-05,121525753,159
4/22/2018,4959900179,3001818872,171710,1.52E+11,8925.06,6629899776,88734015255,2000,21.73949684,509559,3.84E+12,305619,287.9523346,1.94E-05,89415557,160
4/23/2018,6473371464,3708830650,226200,1.49E+11,8794.39,6925190144,88865552542,1912.5,29.13376866,642656,3.84E+12,379467,293.1944093,1.81E-05,116680257,153
4/24/2018,8548462178,5159360596,254334,1.52E+11,8934.34,10678800384,89161733549,1987.5,65.4108642,774318,3.84E+12,420483,375.7822715,7.00E-05,153781385,159
4/25/2018,9533897983,5725929149,213032,1.65E+11,9701.03,11083100160,89125725775,1537.5,91.73241634,688680,3.84E+12,367957,514.9651111,0.0001738,128292859,123
4/26/2018,6498903626,3876492153,216591,1.51E+11,8867.32,8970559488,89412787537,1762.5,67.58831497,660414,3.84E+12,374399,344.3338194,0.00015157,124743618,141
4/27/2018,6747290173,4048607137,210977,1.58E+11,9290.63,7566289920,89370620885,1775,55.63050596,675804,3.94E+12,398889,357.9949167,0.00010896,135751295,142
4/28/2018,7514890721,3589543700,203553,1.52E+11,8939.27,7805479936,89461337751,1600,41.9470722,562250,4.02E+12,356818,215.2224903,8.89E-05,108067162,128
4/29/2018,7106274885,3060675733,180640,1.59E+11,9346.41,8853000192,89515270813,1975,34.8862402,541897,4.02E+12,331064,294.272747,4.63E-05,98511378,158
4/30/2018,7252192107,3462006997,214952,1.60E+11,9426.11,8673920000,89592517084,1937.5,36.71911167,642134,4.02E+12,365142,396.4950837,2.77E-05,116001525,155
5/1/2018,5417296649,2791440455,199801,1.57E+11,9251.47,7713019904,89630759026,1975,31.75790178,632650,4.02E+12,382675,363.9186919,3.02E-05,106376905,158
5/2/2018,5881530806,3574194267,212156,1.55E+11,9104.6,7558159872,89827574158,1750,38.88684015,683386,4.02E+12,355152,379.7939277,3.57E-05,122916939,140
5/3/2018,6933584100,3621083563,228370,1.57E+11,9233.97,10207299584,89976576212,1887.5,39.40065166,663171,4.02E+12,382920,382.14554,3.84E-05,131056630,151
5/4/2018,7837824038,4235399151,218931,1.65E+11,9695.5,8217829888,90097003743,1725,39.37853649,695603,4.02E+12,395233,395.3934459,4.04E-05,134387026,138
5/5/2018,5748961684,2809396516,202542,1.65E+11,9700.28,7651939840,90180135145,2012.5,32.17831497,625693,4.02E+12,347986,295.996672,3.37E-05,116964787,161
5/6/2018,5507894076,3065267319,171624,1.68E+11,9845.31,7222280192,90208416069,1712.5,31.28195837,533415,4.02E+12,298239,295.3593,3.00E-05,103900945,137
5/7/2018,6739584541,3868097402,204913,1.64E+11,9645.67,7394019840,90223012272,1875,35.90014262,660191,4.02E+12,341955,339.2623281,4.32E-05,130155208,150
5/8/2018,6527295923,3713465241,217671,1.60E+11,9380.87,7415869952,90216179232,1737.499999,34.29413578,665088,4.02E+12,374324,321.8856985,4.53E-05,127240201,139
5/9/2018,6415001714,3760745127,206419,1.57E+11,9223.73,7226890240,90326360697,2000,30.52956993,612055,4.02E+12,348840,340.1077031,3.39E-05,117268094,160
5/10/2018,6876198665,3820425726,208807,1.59E+11,9325.96,6906699776,90347894457,1925,26.71177891,617388,4.02E+12,354923,354.3870396,2.90E-05,112940011,154
5/11/2018,8447266643,4624565127,213497,1.54E+11,9052.96,8488520192,90227937783,1587.5,38.61210375,758816,4.14E+12,405291,428.8938477,4.71E-05,136597543,127
5/12/2018,4974204733,2474045071,181889,1.44E+11,8441.44,6821380096,90232805047,2062.5,28.38834405,588539,4.14E+12,342910,255.6644582,4.02E-05,106299053,165
5/13/2018,3847909236,2033931600,158646,1.45E+11,8515.49,5866379776,90251895207,1850,23.33858622,483628,4.14E+12,277402,304.2433853,3.35E-05,85299067,148
5/14/2018,7711103107,4327685511,209565,1.48E+11,8713.1,7364149760,90739548636,1650,35.25774075,636148,4.14E+12,360717,382.6677636,4.94E-05,115196964,132
5/15/2018,5705827470,3102166942,214633,1.48E+11,8705.19,6705710080,90739545363,1825,37.83474629,640177,4.14E+12,363050,391.2675612,6.08E-05,115541554,146
5/16/2018,6338058074,3622014100,208284,1.45E+11,8504.41,6760220160,90648234871,2237.5,32.35890796,604422,4.14E+12,345311,326.8561977,4.57E-05,108580888,179
5/17/2018,6309030686,4107812197,192551,1.43E+11,8370.05,5862530048,90967098980,1650,54.05727301,629548,4.14E+12,316167,365.9192512,6.05E-05,113553653,132
5/18/2018,6173070994,3819859446,211348,1.38E+11,8091.83,5764190208,90923521799,1850,70.13995212,703271,4.14E+12,391406,321.1954817,0.00014411,124213463,148
5/19/2018,3553458379,1837980625,173120,1.41E+11,8255.73,4712399872,90957834338,1925,31.42390531,514455,4.14E+12,286108,271.9293812,3.89E-05,89359840,154
5/20/2018,3692211645,1906368613,158519,1.41E+11,8246.99,5191059968,90999883210,1800,24.98915763,475738,4.14E+12,281220,323.6359688,2.05E-05,79927136,144
5/21/2018,4767614618,2642551665,202490,1.45E+11,8522.33,5154990080,91034963052,1962.5,31.28915469,622918,4.14E+12,334313,340.6788634,2.06E-05,118593085,157
5/22/2018,4657170905,2632479036,203186,1.44E+11,8419.87,5137010176,90957804781,1887.5,26.52413321,588253,4.14E+12,327021,331.1624122,2.57E-05,105354596,151
5/23/2018,5490574414,3085764204,223034,1.37E+11,8037.08,6491120128,90844953566,2025,30.82025138,640762,4.14E+12,364663,363.5395519,2.33E-05,121183187,162
5/24/2018,5257684343,3113925231,206682,1.29E+11,7561.12,6049220096,90858824995,1787.5,29.75362781,569804,4.22E+12,337988,338.0433091,2.08E-05,103842761,143
5/25/2018,4394747435,2649187659,196005,1.29E+11,7592.3,4867829760,90789812532,2200,30.37696335,618176,4.31E+12,364320,300.4093172,2.82E-05,110010905,176
5/26/2018,3192077186,1624873333,158621,1.28E+11,7486.48,4051539968,90754777066,2025,22.51408114,467761,4.31E+12,275434,246.8568707,1.98E-05,79132040,162
5/27/2018,4137503734,1591443012,144140,1.26E+11,7362.08,4056519936,90725622230,2049.999999,19.47089221,442647,4.31E+12,259330,244.6067277,1.54E-05,73591259,164
5/28/2018,7536167651,2929279427,188907,1.26E+11,7371.31,5040600064,90586343306,1950,29.12400991,589218,4.31E+12,313132,309.486072,2.04E-05,110775774,156
5/29/2018,6834181062,3124205733,204630,1.22E+11,7129.46,5662660096,90562673266,1737.5,28.63684227,604757,4.31E+12,335112,323.0434611,2.43E-05,115669312,139
5/30/2018,7348935917,2940583383,203903,1.27E+11,7469.73,4922540032,90535771696,2175,22.66213792,592865,4.31E+12,335898,319.1475756,2.39E-05,108922274,174
5/31/2018,7435591700,2802947328,209356,1.26E+11,7406.15,5127130112,90504286542,2125,21.6541427,627768,4.31E+12,343836,296.8301971,2.06E-05,120170201,170
6/1/2018,6206627425,2633963308,205315,1.28E+11,7500.7,4921460224,90474525149,2075,20.37476636,692509,4.31E+12,447360,287.9661243,2.00E-05,119837904,166
6/2/2018,4151723265,2051493451,174345,1.29E+11,7536.72,4939299840,90489392707,1900,16.27842016,521910,4.31E+12,295695,242.8572359,1.51E-05,94687900,152
6/3/2018,4477651688,1846975860,163280,1.30E+11,7632.09,4851760128,90518320172,2037.5,15.3074038,531463,4.31E+12,285966,246.2718222,1.36E-05,125719349,163
6/4/2018,7925996820,2583341426,209733,1.32E+11,7722.53,4993169920,90474485169,2287.5,20.71075272,702904,4.31E+12,341314,310.5680309,1.37E-05,193228304,183
6/5/2018,5821973644,2853352010,212726,1.28E+11,7500.9,4961739776,90439055663,2187.5,18.52827963,655694,4.42E+12,348466,305.3316354,1.53E-05,148483910,175
6/6/2018,5055066683,2853752936,206270,1.30E+11,7625.97,4692259840,90439677755,1837.499999,19.4579716,651145,4.94E+12,346669,278.2811015,2.02E-05,145777397,147
6/7/2018,5837903259,2614138496,207484,1.31E+11,7650.82,4485799936,90431600039,1787.5,20.6699365,634103,4.94E+12,329925,274.1737909,2.26E-05,154799429,143
6/8/2018,7184034327,2932875227,200234,1.31E+11,7685.14,4227579904,90387737937,1806.25,17.89042019,648973,4.94E+12,378684,252.6927059,1.81E-05,130088648,145
6/9/2018,4280029710,2193449620,171163,1.30E+11,7632.52,3845220096,90349584637,1787.499999,18.7073671,492526,4.94E+12,282421,228.4695639,1.36E-05,90222292,143
6/10/2018,7172614294,3221845861,179682,1.28E+11,7499.55,5804839936,90127763061,1587.5,16.7009531,529728,4.94E+12,307675,246.0200379,1.51E-05,96426965,127
6/11/2018,6838895569,2846626260,213056,1.16E+11,6799.29,4745269760,89990400722,1749.999999,24.67101897,587881,4.94E+12,343971,270.611742,2.26E-05,111030586,140
6/12/2018,6460010626,2914665232,214450,1.18E+11,6905.82,4654380032,89841100837,1812.5,21.90653344,654022,4.94E+12,340711,270.443513,2.03E-05,151515066,145
6/13/2018,6050461637,3005806381,211686,1.13E+11,6596.88,5052349952,89536101288,1787.499999,37.41423181,658357,4.94E+12,355490,281.6859184,4.52E-05,130566188,143
6/14/2018,5827509266,2401280199,209876,1.08E+11,6342.75,5138710016,89495241912,1912.499999,28.01723114,583318,4.94E+12,335212,295.5800784,4.53E-05,113813956,153
6/15/2018,4728327799,2382211566,205708,1.14E+11,6674.08,3955389952,89386671323,1912.499999,23.19453295,629466,4.94E+12,377094,254.6938383,3.51E-05,122606017,153
6/16/2018,2204904081,1272154990,158924,1.10E+11,6455.45,3194170112,89373261377,2075,16.44224754,442345,4.94E+12,264540,214.0804745,1.88E-05,78657265,166
6/17/2018,2382721739,1298826709,144751,1.12E+11,6545.53,3104019968,89333591877,1962.499999,23.48902029,436137,4.94E+12,252845,198.0105953,1.45E-05,77083902,157
6/18/2018,3323250945,2047505865,196141,1.11E+11,6510.07,4039200000,89309661811,2050,17.52291191,574922,4.94E+12,322249,238.4859983,1.36E-05,106388062,164
6/19/2018,3521309064,2017398111,191650,1.15E+11,6742.39,4057029888,89279390971,1937.499999,83.80865389,621857,5.02E+12,316994,255.9786121,2.56E-05,140836733,155
6/20/2018,3529790002,1921333894,198734,1.16E+11,6770.76,3888640000,89245852731,1937.499999,203.2853202,585078,5.08E+12,325100,283.1890682,0.00031392,167090040,155
6/21/2018,3696120112,2030909516,197943,1.16E+11,6780.09,3529129984,89276472454,2124.999999,73.52012206,562602,5.08E+12,322510,241.3881542,0.000213,104846383,170
6/22/2018,4728182571,2733263513,203993,1.15E+11,6737.88,5079810048,89069882999,1887.5,68.9368202,618791,5.08E+12,373827,284.8749386,0.00016704,120086025,151
6/23/2018,2467068562,1313279391,163135,1.04E+11,6090.1,3431360000,89024067447,2000,31.93798474,483230,5.08E+12,288670,206.4992131,3.98E-05,85507627,160
6/24/2018,2990514020,1646612862,157851,1.05E+11,6164.28,4566909952,88953205800,2137.499999,27.03085817,456995,5.08E+12,273997,219.2494467,1.62E-05,82890016,171
6/25/2018,3768795200,2182625017,200016,1.06E+11,6171.97,5500810240,88903861471,1962.5,34.68013653,614032,5.08E+12,315301,245.3391404,2.10E-05,144588810,157
6/26/2018,3202163271,1830253837,195258,1.07E+11,6253.55,3279759872,88828302388,1825,32.34384664,612977,5.08E+12,311474,244.8126622,1.87E-05,155868381,146
6/27/2018,3912693856,2582391255,188389,1.04E+11,6084.4,3296219904,88107823628,1512.5,32.15886049,589279,5.08E+12,300383,253.7826969,2.76E-05,131653212,121
6/28/2018,3278087916,1950481484,187467,1.05E+11,6153.16,3467800064,87953582572,1962.5,27.15925646,555077,5.08E+12,300659,242.8113235,2.03E-05,108240442,157
6/29/2018,3069156853,1952213013,197730,1.01E+11,5898.13,3966230016,87943405596,1887.5,27.41063627,589876,5.08E+12,355271,266.34628,1.51E-05,112723508,151
6/30/2018,2645912543,1597107606,180924,1.06E+11,6214.22,4543860224,87946114101,1762.499999,23.60409759,567603,5.08E+12,277981,239.5233814,1.51E-05,139214958,141
7/1/2018,3214311911,1835269860,156100,1.10E+11,6411.68,4788259840,87750083949,1837.499999,16.7928896,483872,5.08E+12,269207,192.3331526,1.36E-05,103677842,147
7/2/2018,3936375439,2092637120,199153,1.09E+11,6380.38,4396930048,87785113778,1762.5,23.48063765,638283,5.17E+12,336826,242.9122961,1.73E-05,139244571,141
7/3/2018,4464211068,2713078864,216631,1.13E+11,6596.66,4672309760,87731973636,1449.999999,27.90259772,659326,5.36E+12,344382,303.6389825,2.26E-05,129202773,116
7/4/2018,3490260975,2073028935,206654,1.12E+11,6550.87,4176689920,87754865141,1674.999946,21.54452916,609579,5.36E+12,336379,215.8923715,1.87E-05,125337300,134
7/5/2018,3828078410,2119380953,199463,1.13E+11,6599.71,4999240192,87732851167,1712.499999,19.76600519,545559,5.36E+12,319874,214.4661561,1.70E-05,107373506,137
7/6/2018,3912253199,2254629282,200833,1.14E+11,6638.69,4313959936,87671514407,1999.999946,21.70281974,647794,5.36E+12,432381,211.1201673,1.51E-05,109673373,160
7/7/2018,2369378762,1304610160,170004,1.14E+11,6668.71,3961080064,87684651320,1950,16.56969368,473901,5.36E+12,277763,172.7644694,1.36E-05,83804769,156
7/8/2018,3131026528,1775783458,155527,1.18E+11,6857.8,3386210048,87606802360,1975,15.64479917,492262,5.36E+12,274916,188.5901858,1.29E-05,93569107,158
7/9/2018,3529973461,2082612793,206410,1.16E+11,6775.08,3718129920,87593540430,1699.999999,19.92606527,627020,5.36E+12,322535,225.3502042,1.60E-05,144216488,136
7/10/2018,5529289206,2310385945,215914,1.16E+11,6739.21,4052430080,87505631211,1862.499946,22.86071401,666042,5.36E+12,339389,245.6343653,1.69E-05,144752096,149
7/11/2018,3747229684,2210974337,202468,1.09E+11,6330.77,3644859904,87448601431,1687.5,20.44250057,616214,5.36E+12,313756,227.8055414,1.81E-05,135889955,135
7/12/2018,3981246383,2035574502,203394,1.10E+11,6396.78,3770170112,87362507241,1762.5,18.63321237,944272,5.36E+12,304588,204.615465,1.86E-05,166261487,141
7/13/2018,3815861354,2129787681,207761,1.07E+11,6235.03,3805400064,87273757921,1787.5,19.53514153,933538,5.36E+12,371436,205.7014958,1.81E-05,159235177,143
7/14/2018,3009261260,1415401376,176342,1.07E+11,6247.5,2923670016,87251566999,1662.5,15.01264127,809623,5.36E+12,277214,169.8331646,1.52E-05,154212147,133
7/15/2018,3287356879,1335168159,161018,1.08E+11,6272.7,3285459968,87259207321,1662.5,15.27821656,509930,5.36E+12,265588,201.0910948,1.85E-05,102934830,133
7/16/2018,4410996419,2092138402,207722,1.09E+11,6357.01,4725799936,87296180436,1500,23.61292569,583692,5.36E+12,328693,241.56638,2.15E-05,111456899,120
7/17/2018,4665305840,2533086465,233807,1.16E+11,6739.65,5961950208,87433611193,1987.5,24.94209666,688584,5.20E+12,369601,240.6870548,2.02E-05,144584350,159
7/18/2018,5256772478,2932085138,238595,1.26E+11,7315.32,6103410176,87474917879,2174.999999,31.82668475,770835,5.18E+12,377654,236.8920807,3.07E-05,182086519,174
7/19/2018,4707739709,2630493327,224868,1.27E+11,7378.2,5111629824,87548047224,2137.499999,28.82741906,636864,5.18E+12,356263,203.1326182,2.59E-05,125621525,171
7/20/2018,4551700540,2379933490,225375,1.28E+11,7467.4,4936869888,87570898612,1925,23.08779797,651803,5.18E+12,390930,215.3233751,2.24E-05,125555080,154
7/21/2018,3143680510,1654203619,184666,1.26E+11,7352.72,3726609920,87615553491,1712.5,17.37819099,505481,5.18E+12,298834,170.8959622,1.72E-05,98056548,137
7/22/2018,2764756603,1233501406,166947,1.27E+11,7417.8,3695460096,87648061839,2275,14.77231882,458207,5.18E+12,280340,180.162117,1.37E-05,82135273,182
7/23/2018,4781389673,2445605971,229314,1.27E+11,7414.71,5132480000,87746738249,2075,26.12072165,711253,5.18E+12,356168,229.7523524,2.00E-05,147749615,166
7/24/2018,5790915702,3064401493,259199,1.32E+11,7716.51,7277689856,87946558156,1987.499999,29.64295029,718928,5.18E+12,406479,214.2716639,1.93E-05,145872253,159
7/25/2018,5485943591,2929991201,250031,1.44E+11,8379.66,5845400064,88029223231,2212.499999,26.82417337,776511,5.18E+12,409243,194.3871628,2.01E-05,170818185,177
7/26/2018,4639718656,2636205960,231514,1.40E+11,8176.85,4899089920,88033740302,2062.5,23.88022702,639897,5.18E+12,371182,200.8737236,1.62E-05,127276200,165
7/27/2018,4546416627,2553697001,229230,1.37E+11,7950.4,5195879936,88121796998,2087.499998,20.72404572,717598,5.18E+12,418484,197.4592351,1.19E-05,148008101,167
7/28/2018,3433507048,1694550562,188093,1.40E+11,8169.06,3988750080,88177475956,1812.499999,16.74880998,564178,5.18E+12,305235,177.9951582,1.34E-05,110061661,145
7/29/2018,3570968620,1919858514,168237,1.41E+11,8205.82,4107190016,88267182833,2124.999891,15.67077716,484547,5.60E+12,301795,182.1513153,1.23E-05,91684557,170
7/30/2018,4869650400,2699324558,230790,1.41E+11,8221.58,5551400000,88309018591,1675,24.57789474,636120,5.95E+12,367965,231.91178,1.77E-05,122085777,134
7/31/2018,5095902412,2714062563,242830,1.41E+11,8181.2,5287530000,88295417273,1837.499999,25.5829697,690053,5.95E+12,392240,231.8631438,1.88E-05,139681465,147
8/1/2018,4566928612,2350378869,240894,1.34E+11,7769.04,4797620000,88280844272,1874.999998,21.2832986,705913,5.95E+12,377686,235.0507514,1.83E-05,148581175,150
8/2/2018,4575247295,2521250482,224720,1.31E+11,7634.19,4214110000,88258255826,1912.499999,25.20903778,634184,5.95E+12,358896,209.8238799,1.86E-05,123461583,153
8/3/2018,4551433196,2405353989,229693,1.30E+11,7562.14,4627150000,88208122947,2075,23.21487948,688873,5.95E+12,436035,197.5720995,1.92E-05,138448268,166
8/4/2018,3593955402,1542412878,191481,1.28E+11,7438.67,4268390000,88123877551,2200,17.19453121,542819,5.95E+12,333559,173.5940846,1.36E-05,101038463,176
8/5/2018,3443177450,1471054330,172021,1.21E+11,7031.08,3679110000,88113977854,2000,13.6299328,495719,5.95E+12,297092,158.0465849,1.13E-05,92496859,160
8/6/2018,4256522100,2180602691,218476,1.21E+11,7062.94,3925900000,88040632009,1637.499999,17.7504862,654516,5.95E+12,349815,201.7437699,1.50E-05,137679258,131
8/7/2018,4547865328,2237663183,232894,1.20E+11,6958.32,4682800000,87963462790,1887.5,18.61533926,706511,5.95E+12,365984,207.0734103,1.37E-05,153485224,151
8/8/2018,5388353976,2713193431,235154,1.16E+11,6746.85,5064430000,87823983468,1962.499999,20.75086011,649793,5.95E+12,390751,225.8222646,1.53E-05,127634373,157
8/9/2018,4601544381,2481928066,222177,1.08E+11,6305.56,4267040000,87743259219,1862.5,20.7502075,629986,5.95E+12,360943,191.7235154,2.24E-05,119848994,149
8/10/2018,4456150601,2369829765,225972,1.13E+11,6571.42,4528680000,87652549148,2199.999999,20.41451761,658540,5.95E+12,417084,200.3832301,1.57E-05,139458549,176
8/11/2018,3104925387,1678470132,192268,1.06E+11,6185.79,4047850000,87598416092,2125,15.39050663,525917,6.20E+12,308729,179.7468095,1.12E-05,103956856,170
8/12/2018,2298917334,1290574951,164889,1.08E+11,6283.65,5665250000,87581394680,1937.499999,12.77525693,477955,6.39E+12,283875,159.7636235,8.81E-06,90604745,155
8/13/2018,4299064024,2454314326,222079,1.09E+11,6341.36,4083980000,87557326474,1874.999999,19.92080467,611815,6.39E+12,355002,206.6577567,1.58E-05,135974531,150
8/14/2018,5292741219,2748515002,247486,1.08E+11,6287.66,5301700000,87431040333,1700,26.45582537,657023,6.39E+12,393307,228.8673658,2.30E-05,137603837,136
8/15/2018,4598554836,2675973813,245905,1.07E+11,6221.42,4895450000,87348081091,2012.499999,22.16329503,680561,6.39E+12,417302,198.4853218,1.78E-05,127361812,161
8/16/2018,3880903788,2206347611,232177,1.08E+11,6294.23,4328420000,87343531060,1975,24.04769454,620660,6.39E+12,362609,196.1717629,2.20E-05,120387676,158
8/17/2018,3771508904,2129963182,233642,1.09E+11,6340.91,4992990000,87394785387,1900,24.88424895,652818,6.39E+12,399526,198.625011,1.72E-05,126620477,152
8/18/2018,2484667962,1318392464,190775,1.13E+11,6583.43,3984520000,87374472689,2000,16.45331646,502019,6.39E+12,308597,169.7179287,1.37E-05,94409636,160
8/19/2018,2025425099,1135226601,167255,1.11E+11,6422.57,3311170000,87412889898,1812.499998,17.04586085,514313,6.39E+12,316565,166.2263877,9.04E-06,89831571,145
8/20/2018,3542550339,1923702779,214833,1.12E+11,6500.51,3665100000,87378167750,1875,29.07233893,623598,6.39E+12,349379,200.8376768,2.59E-05,122727236,150
8/21/2018,4260145323,2537848796,217629,1.09E+11,6301.07,3377180000,87399575118,1849.999999,24.75227584,589708,6.39E+12,340058,206.351158,2.71E-05,115408430,148
8/22/2018,4213578375,2453826122,230173,1.12E+11,6486.25,4668110000,87397043029,1999.999999,24.27418043,638156,6.39E+12,369529,194.8573929,2.30E-05,123983722,160
8/23/2018,3559409836,2142735666,217203,1.10E+11,6371.34,3426180000,87430739194,1862.499999,19.30837036,569277,6.39E+12,338921,189.5869947,1.97E-05,114490282,149
8/24/2018,3616315147,1988909337,219702,1.13E+11,6551.52,4097820000,87466232924,1825,19.15356329,632142,6.51E+12,382945,206.045304,1.70E-05,119823738,146
8/25/2018,3079792232,1709046603,196285,1.16E+11,6719.95,3312600000,87535073475,1687.5,21.06312548,548608,6.73E+12,319211,184.3289677,1.13E-05,103079478,135
8/26/2018,2387268575,1205644802,172574,1.16E+11,6754.64,3295500000,87584379427,2162.499999,27.80300602,502611,6.73E+12,283228,160.7412488,8.93E-06,98560782,173
8/27/2018,4341753458,2426599072,223471,1.16E+11,6710.8,4019000000,87674685527,2312.499999,32.65580356,664869,6.73E+12,351392,205.0694988,1.03E-05,129786683,185
8/28/2018,4715126022,2873623847,237886,1.19E+11,6891.08,4659940000,87768909275,1912.5,45.21346372,663743,6.73E+12,368006,226.8805397,3.00E-05,134621756,153
8/29/2018,4562768212,2475709783,237369,1.22E+11,7091.71,4145880000,87877571466,1737.5,23.64752291,669404,6.73E+12,388150,210.933482,2.37E-05,126196179,139
8/30/2018,4250994852,2284678486,231237,1.21E+11,7043.76,4463250000,87897821355,1924.999999,24.10101603,621242,6.73E+12,347470,230.8041518,2.56E-05,125933626,154
8/31/2018,9228928174,2396307564,236921,1.20E+11,6973.97,4495650000,87907549916,1937.499998,25.25628116,651131,6.73E+12,394845,213.1556271,2.88E-05,125423100,155
9/1/2018,4282342836,1643341560,213180,1.21E+11,7044.81,4116050000,87952379986,1887.5,19.2117222,564630,6.73E+12,338890,186.8811973,2.05E-05,116163704,151
9/2/2018,4210173806,1502056220,187001,1.24E+11,7189.58,4329540000,87992538415,1799.999999,16.3033171,495998,6.73E+12,294192,179.2644844,1.78E-05,93455529,144
9/3/2018,4993351415,2247301453,222753,1.26E+11,7279.03,4087760000,88009342841,1799.999999,19.91598267,613352,6.73E+12,341989,214.6810869,1.58E-05,121932358,144
9/4/2018,4939975891,2508888295,232139,1.25E+11,7263,4273640000,88056312909,1575,24.1065379,629625,6.73E+12,354519,231.7336411,2.69E-05,120666513,126
9/5/2018,5339951445,2750043825,246345,1.27E+11,7361.46,5800460000,87935281710,1649.999997,31.82732747,664157,6.73E+12,373480,254.3032552,4.26E-05,133114599,132
9/6/2018,5674711195,3000357108,252111,1.17E+11,6755.14,5523470000,87847057336,1874.999999,31.29006024,666558,6.73E+12,379621,254.3924928,4.24E-05,133205581,150
9/7/2018,4240383141,2163449085,230638,1.13E+11,6528.92,4264680000,87784762998,1900,27.92194982,689985,6.97E+12,429552,204.2922572,3.74E-05,135266523,152
9/8/2018,3048283400,1303988144,204278,1.11E+11,6460.17,3835060000,87739561963,1875,18.81937591,546144,7.02E+12,317533,175.0982565,2.77E-05,106580970,150
9/9/2018,2682059629,1367109498,188749,1.07E+11,6223.38,3671890000,87709445241,2037.5,18.37028897,506835,7.02E+12,295698,160.5699875,2.73E-05,100412746,163
9/10/2018,3702296599,2031324708,222731,1.09E+11,6301.57,3714100000,87676240194,1687.5,19.97514305,614057,7.02E+12,342312,205.2684755,1.81E-05,121373337,135
9/11/2018,4038253813,2231423105,237430,1.09E+11,6331.88,3849910000,87597125827,1762.5,23.27470384,651098,7.02E+12,356798,203.9751823,2.29E-05,132796815,141
9/12/2018,3834971685,2112817779,233107,1.09E+11,6317.01,4064230000,87558221529,2099.999999,23.91441308,599503,7.02E+12,346528,202.5137387,2.71E-05,119120595,168
9/13/2018,4835915334,2536821815,234061,1.10E+11,6354.24,4210910000,87459355687,1849.999999,20.29803773,608107,7.02E+12,350225,211.4095044,1.87E-05,121220725,148
9/14/2018,3729846668,1944428887,223118,1.13E+11,6515.41,4076220000,87460435430,1650,21.21893106,620772,7.02E+12,367077,201.8965931,2.21E-05,139588020,132
9/15/2018,2803603112,1346370232,210931,1.12E+11,6509.4,3216300000,87462778237,1750,15.69995673,558339,7.02E+12,326120,161.2304173,1.87E-05,110580268,140
9/16/2018,2605954493,1151472532,179344,1.13E+11,6536.68,3273730000,87464337285,1737.499999,13.07015213,470139,7.02E+12,280923,151.5994016,1.45E-05,87198647,139
9/17/2018,3835487976,1830692045,240017,1.13E+11,6514.06,3910780000,87422331549,1687.5,17.45767671,631067,7.02E+12,362187,195.3629129,1.22E-05,122532457,135
9/18/2018,3745291498,1850301797,244117,1.09E+11,6280.91,4180090000,87410468182,1775,19.01368472,638235,7.02E+12,356406,187.8167955,1.67E-05,132956519,142
9/19/2018,3814974554,1834417755,250881,1.10E+11,6371.85,4431340000,87402636300,1950,17.09335521,631546,7.02E+12,355575,149.9962163,1.20E-05,125492210,156
9/20/2018,4022342316,2057553850,253520,1.11E+11,6398.85,4348110000,87388609362,1925,18.26192982,628587,7.03E+12,364640,171.6262434,1.36E-05,125519412,154
9/21/2018,5202351577,2490080022,272907,1.13E+11,6513.87,6531940000,87298124039,1799.999999,25.61259462,715507,7.15E+12,436008,189.3486906,1.97E-05,145771449,144
9/22/2018,3136789005,1529144403,225382,1.16E+11,6735.05,4509660000,87296455828,1937.499999,18.65597145,562522,7.15E+12,333446,150.1551784,1.37E-05,113466030,155
9/23/2018,2327891120,1160500291,200169,1.16E+11,6715.32,4197500000,87308266925,1875,14.47737832,507621,7.15E+12,298092,133.1308832,1.12E-05,98345016,150
9/24/2018,3103546821,1569110522,237522,1.16E+11,6704.77,4177310000,87295737871,1850,15.50844294,614679,7.15E+12,343175,159.0236008,1.01E-05,119452875,148
9/25/2018,4337086138,2329189740,251944,1.14E+11,6603.64,4726180000,87194707273,2112.5,20.31737127,648244,7.15E+12,364132,160.3570486,1.65E-05,129832692,169
9/26/2018,3825650431,1866639522,243788,1.12E+11,6452.79,4437300000,87188560152,1737.5,20.1338664,628119,7.15E+12,350095,168.8851946,2.03E-05,124822744,139
9/27/2018,4009015310,2211958428,248543,1.12E+11,6495.29,4606810000,87221239684,1787.5,23.65350638,633994,7.15E+12,355229,176.6838393,3.04E-05,125415466,143
9/28/2018,4821502768,2237124454,254085,1.16E+11,6678.75,5014430000,87235329027,1925,28.91825487,673177,7.15E+12,400405,188.2472475,4.01E-05,131695975,154
9/29/2018,3092432350,1369047941,218187,1.15E+11,6643.1,4363690000,87219251620,1900,19.10685859,552202,7.15E+12,321741,149.2050225,2.00E-05,105394308,152
9/30/2018,2864249358,1285180634,208047,1.14E+11,6604.71,4002280000,87221053501,2037.5,15.42794706,532067,7.15E+12,308326,144.6073515,1.48E-05,102153943,163
10/1/2018,3868196006,1982712570,242662,1.15E+11,6619.85,4000970000,87174382916,1975,21.82334691,672475,7.15E+12,360525,194.2998131,2.02E-05,135422735,158
10/2/2018,4369755902,2142437458,244635,1.14E+11,6593.24,3979260000,87139553563,1712.5,25.72269107,678543,7.15E+12,359131,199.6045389,3.59E-05,139101005,137
10/3/2018,3787349114,1962649041,242158,1.13E+11,6553.86,3887310000,87104535193,1812.5,21.36448501,694010,7.15E+12,427200,173.7370612,3.20E-05,121542722,145
10/4/2018,3847994118,1847601505,243007,1.12E+11,6497.91,3838410000,87101870030,1875,18.70916379,642395,7.36E+12,381204,167.7808447,2.10E-05,119796008,150
10/5/2018,3511070704,1796495299,244589,1.14E+11,6574.15,3671500000,87110464917,1625,21.33672301,688115,7.45E+12,409154,188.890713,3.16E-05,125204415,130
10/6/2018,2748743396,1408659700,214718,1.15E+11,6622.45,3259740000,87103458787,1562.5,17.57876392,588478,7.45E+12,336658,142.5010182,2.78E-05,115262735,125
10/7/2018,2209576383,1036458505,219589,1.14E+11,6590.68,3306630000,87109174425,1774.999999,13.06671747,598361,7.45E+12,313022,80.69628592,1.69E-05,118128874,142
10/8/2018,3460203706,1922593448,247906,1.14E+11,6600.19,3979460000,87124787026,1687.5,16.79599849,646076,7.45E+12,350251,168.0665781,1.94E-05,130298970,135
10/9/2018,3559088725,2082698666,235732,1.15E+11,6653.08,3580810000,87124326036,1625,16.66631934,621386,7.45E+12,347881,179.63316,2.07E-05,125633758,130
10/10/2018,4675374054,2207747475,244801,1.15E+11,6640.29,3787650000,87126801285,1800,15.6339373,642600,7.45E+12,364305,170.3765608,1.75E-05,129154395,144
10/11/2018,5247183922,2858094847,262308,1.14E+11,6586.74,5181640000,86731624167,1987.5,18.4172056,686810,7.45E+12,374053,197.564458,1.53E-05,146411276,159
10/12/2018,4388868514,2443221685,243042,1.08E+11,6239.25,3783500000,86703288055,1650,18.44585713,693363,7.45E+12,382936,168.3519358,1.96E-05,148962399,132
10/13/2018,2686031468,1464480493,204956,1.09E+11,6278.08,3064030000,86686719790,1762.5,13.28476496,573912,7.45E+12,300453,139.5118704,1.54E-05,121545129,141
10/14/2018,2729399781,1514087981,191145,1.09E+11,6288.49,3085320000,86662585215,1425,12.41784997,524084,7.45E+12,281611,135.3179288,1.71E-05,109132438,114
10/15/2018,5907321265,3342050748,266783,1.09E+11,6292.64,7370770000,86706497171,2025,23.09602031,699171,7.45E+12,387215,163.0237391,2.15E-05,152889275,162
10/16/2018,4373731517,2424903577,257832,1.14E+11,6601.41,4074800000,86659369211,1687.5,19.31942675,678723,7.45E+12,364796,169.9618823,2.29E-05,143946965,135
10/17/2018,4446638005,2239410172,260224,1.14E+11,6590.52,4088420000,86627835430,1725,18.8500803,673361,7.45E+12,361250,185.0161952,2.27E-05,144790677,138
10/18/2018,4679599951,2477797793,253312,1.13E+11,6542.33,3924080000,86605590764,1725,18.05926167,654573,7.43E+12,355324,165.5373048,2.18E-05,137476711,138
10/19/2018,4452530270,2270784011,253684,1.12E+11,6478.07,3578870000,86635957851,1775,17.65876226,685201,7.18E+12,383915,149.5976818,2.14E-05,144576994,142
10/20/2018,3120265075,1729108905,227678,1.12E+11,6460.92,3379130000,86211122896,1787.5,14.32509812,593963,7.18E+12,316399,126.7642195,1.63E-05,126967625,143
10/21/2018,2300247565,1140008850,211367,1.13E+11,6490.09,3253610000,86213425842,1725,12.46404029,554355,7.18E+12,295320,117.3574418,1.39E-05,113648536,138
10/22/2018,3809554580,2166296383,255169,1.12E+11,6486.05,3672860000,86199521532,1937.5,16.6995118,676895,7.18E+12,363791,160.7774397,1.81E-05,142063633,155
10/23/2018,4520472031,2201976559,253309,1.12E+11,6472.36,3716150000,86171538039,1924.999999,16.58331992,683587,7.18E+12,360591,167.003522,1.89E-05,143568104,154
10/24/2018,4987617840,2333511697,253978,1.12E+11,6478.89,3424670000,86165976482,1412.5,16.94168952,637741,7.18E+12,354573,157.3931001,2.02E-05,129007193,113
10/25/2018,4830514325,2227300001,254462,1.12E+11,6484.65,3230550000,86137568514,1712.5,17.53993992,659220,7.18E+12,401929,146.4923937,2.07E-05,141853951,137
10/26/2018,3936464481,2582398432,252859,1.12E+11,6468.44,3306050000,86058167061,1787.5,17.91509911,691997,7.18E+12,384423,157.7876971,2.00E-05,151300769,143
10/27/2018,2539737139,1358231438,233613,1.12E+11,6480.84,3393250000,86059030341,1700,13.09651959,580054,7.18E+12,299527,128.6151214,1.55E-05,124286905,136
10/28/2018,2142271738,1372588214,219720,1.12E+11,6482.66,3445190000,86054592896,1750,16.5139359,560480,7.18E+12,293012,122.7607711,1.43E-05,115960266,140
10/29/2018,3866593294,2380527187,269608,1.13E+11,6492.35,4199910000,86022937474,1825,19.6041759,708285,7.18E+12,365187,148.0090245,2.18E-05,143637809,146
10/30/2018,3570155643,1988669275,283173,1.10E+11,6337.04,3781100000,86004200516,1925,18.77140942,697601,7.18E+12,368799,130.6229974,2.26E-05,145324396,154
10/31/2018,3665794870,2303247672,288120,1.10E+11,6336.99,4191240000,85975615807,2037.5,16.65229276,707291,7.18E+12,374760,118.4295347,1.71E-05,149681753,163
11/1/2018,3602225447,2094116252,281787,1.10E+11,6318.14,3789400000,85940581781,1925,17.45938887,692504,7.18E+12,370115,116.6551043,1.62E-05,150836102,154
11/2/2018,4239503680,2624015941,292561,1.11E+11,6378.92,4234870000,85948499279,1787.5,18.32471846,769117,7.18E+12,432929,130.85742,2.00E-05,159738855,143
11/3/2018,2276494558,1380293309,249403,1.11E+11,6387.24,3658640000,85948328976,2012.499999,13.59185156,641974,7.18E+12,330586,112.0790719,1.45E-05,142573631,161
11/4/2018,2524291741,1369477169,226124,1.11E+11,6365.47,4390020000,85960346701,1537.5,12.83578294,619063,7.18E+12,296601,122.1406384,1.43E-05,127328046,123
11/5/2018,3787437046,2215031069,296139,1.10E+11,6363.62,4174800000,85956563980,1800,18.68872972,712976,7.18E+12,389905,136.7274666,1.87E-05,150387577,144
11/6/2018,3810294232,2295581451,285323,1.12E+11,6433.38,4700040000,85963701937,1600,19.18392815,694055,7.18E+12,371603,159.1018621,2.10E-05,137220920,128
11/7/2018,3758083220,2236207417,293604,1.12E+11,6468.5,4941260000,85982962939,1624.999999,20.33841084,705209,7.18E+12,380491,133.2923043,2.51E-05,148740910,130
11/8/2018,3559035051,2098786414,277476,1.13E+11,6522.27,4665260000,85982981670,1512.5,20.99890399,700117,7.18E+12,363797,142.68307,3.03E-05,141565839,121
11/9/2018,3734951007,2332814537,283769,1.12E+11,6442.6,4346820000,85982667345,1587.5,22.42896582,704879,7.18E+12,410260,139.8642073,2.90E-05,144169864,127
11/10/2018,2497261375,1297743971,252368,1.11E+11,6386.13,3705320000,85985173810,1637.5,16.64920253,595444,7.18E+12,329095,127.9028166,2.63E-05,125177615,131
11/11/2018,2360765659,1231231645,246845,1.11E+11,6413.63,3939060000,85997899837,1825,14.13978687,590387,7.18E+12,310410,101.8484444,2.17E-05,127613095,146
11/12/2018,3720587601,2321094601,299866,1.11E+11,6411.76,4295770000,85994927988,1750,19.17199757,683388,7.18E+12,382504,113.4544261,2.17E-05,149362860,140
11/13/2018,3664042153,2304432050,279040,1.11E+11,6373.19,4503800000,85963352751,1500,18.07251239,650640,7.18E+12,364696,137.4023437,2.20E-05,133200392,120
11/14/2018,5183929714,2966572455,292620,1.10E+11,6351.24,7398940000,85803007297,1687.5,25.82337117,727949,7.18E+12,403928,168.097761,3.42E-05,147794850,135
11/15/2018,8335464562,4829948173,291398,99682958104,5736.15,7032140000,85220729240,1587.499999,38.65118054,720036,7.18E+12,407567,156.3222481,6.11E-05,151592924,127
11/16/2018,4717042290,2790334900,282998,98113403472,5645.32,5279320000,85096083021,1575,36.92729384,713931,7.18E+12,417421,146.7726182,6.72E-05,145929873,126
11/17/2018,2532806038,1388807129,262504,96963597355,5578.58,4303150000,85059863614,1812.5,21.55099415,594727,6.65E+12,331167,87.36787074,3.97E-05,132566086,145
11/18/2018,1976556846,1304067008,239680,96644682433,5559.74,4159680000,85044311198,1537.5,18.03746701,549212,6.65E+12,301260,78.22609777,3.14E-05,117375788,123
11/19/2018,4480410392,2620049442,267845,97714590429,5620.78,7039560000,84697229733,1575,39.9694861,674503,6.65E+12,361918,151.5924366,7.59E-05,138689706,126
11/20/2018,5838061760,3944651539,288318,84565196535,4863.93,8428290000,84057249510,1650,69.36765011,768696,6.65E+12,423180,260.9452724,0.00011718,158893720,132
11/21/2018,3406310686,2220358361,254837,77644518698,4465.54,6120120000,83907574982,1312.5,49.95016009,628177,6.65E+12,367256,161.6737147,0.00010064,127422353,105
11/22/2018,2759416101,1711483518,265994,80190706020,4611.57,4569370000,83729446374,1525,39.13421764,656428,6.65E+12,364559,104.8832423,7.63E-05,148651548,122
11/23/2018,2926664362,1775613552,275136,75835189420,4360.7,4871490000,83588789562,1562.5,36.98433712,639963,6.65E+12,392715,87.95435965,7.28E-05,141387073,125
11/24/2018,2173736564,1241664689,249874,75616654864,4347.69,4679500000,83400480016,1787.5,31.17997638,579240,6.65E+12,315617,76.96524309,5.89E-05,140179216,143
11/25/2018,2321203554,1413418440,239129,67502139850,3880.78,6825640000,83196751714,1587.5,32.01112732,569057,6.65E+12,318775,98.60821372,6.28E-05,128340364,127
11/26/2018,3092381614,1890301295,256951,69843547925,4015.07,6476900000,82934159978,1387.5,38.27901151,633479,6.65E+12,360865,145.2921737,7.20E-05,131664225,111
11/27/2018,3190356824,1922342172,268402,65516138001,3765.95,5998720000,82677554983,1637.5,37.38312649,643313,6.65E+12,349911,108.3051443,6.78E-05,140334279,131
11/28/2018,3602991210,2218612492,254338,66505099041,3822.47,7280280000,82628126777,1474.999999,38.73742361,617804,6.65E+12,349419,135.3726222,7.29E-05,131212276,118
11/29/2018,3486701751,2087772598,246121,74279629167,4269,6503347767,82689074179,1312.5,45.07238045,614248,6.65E+12,355259,172.0785233,8.07E-05,126223662,105
11/30/2018,6081828948,2894239024,250056,74634585122,4289.09,6048016717,82511315964,1262.5,40.77812171,596009,6.65E+12,353908,166.6379662,8.11E-05,122188928,101
12/1/2018,3769600670,1233827847,241723,70036047379,4024.46,5375314093,82585890200,1550,31.11731237,591455,6.65E+12,322999,93.47786294,6.10E-05,132486362,124
12/2/2018,2807543085,1000684211,222559,73109521141,4200.73,5262697895,82533991225,1425,23.24535308,507845,6.65E+12,269352,83.77902306,4.59E-05,114600981,114
12/3/2018,4441679971,2050101389,240538,72185933790,4147.32,5089570994,82778665051,1425,31.12664818,576356,6.19E+12,326941,147.8704136,5.92E-05,125517220,114
12/4/2018,7038744245,2780760495,270051,67649345769,3886.29,5028069239,83262357927,1725,31.50009203,679714,5.65E+12,372707,137.6383623,5.22E-05,149517427,138
12/5/2018,5179727886,2337973839,256371,68919561379,3958.89,5302481574,82237971986,1625,26.31110179,602413,5.65E+12,335794,116.8421648,4.30E-05,134779851,130
12/6/2018,4586018867,2156520657,279519,65360080030,3754.07,5878333109,81634952603,1687.5,28.47570217,655308,5.65E+12,373032,135.7135347,3.54E-05,147410519,135
12/7/2018,3245897567,1954237524,253776,61160857904,3512.59,6835615448,81404985821,1425,31.19535557,663554,5.65E+12,388868,186.6640556,4.97E-05,139341216,114
12/8/2018,1820629973,1032259769,230977,59587466117,3421.91,5305024497,81345499847,1587.5,19.7523634,533720,5.65E+12,287796,85.6161882,3.01E-05,123279033,127
12/9/2018,1411352431,829762169.6,238441,60486632450,3473.23,4947372847,81322212162,1600,16.83358837,516282,5.65E+12,271351,60.58521804,2.50E-05,121451728,128
12/10/2018,2445502643,1404935248,258229,62909648413,3612.05,5020968740,81169685553,1550,22.97283382,620290,5.65E+12,337894,116.8807728,2.96E-05,141503130,124
12/11/2018,2717321816,1549683869,251362,60921033135,3497.55,4696765188,80797032881,1562.499999,23.31901099,622451,5.65E+12,321023,124.5764004,3.32E-05,134584115,125
12/12/2018,2468473120,1476809394,261303,59600809226,3421.46,4139364829,80699708907,1500,22.35779149,626588,5.65E+12,326939,108.3772774,3.16E-05,136027500,120
12/13/2018,2700954007,1542874843,268291,60763482610,3487.88,4343372456,80581935989,1637.5,22.08826418,642768,5.65E+12,326309,104.4499379,3.11E-05,142037670,131
12/14/2018,2561855481,1380891946,275655,57701284562,3311.75,4372763663,80404734802,1825,25.09538231,696397,5.65E+12,354404,105.601706,2.94E-05,154568029,146
12/15/2018,1704903334,894965064.8,262730,56526848757,3244,3551763561,80331667880,1862.5,18.37318136,598790,5.65E+12,296508,69.78940472,2.06E-05,140336305,149
12/16/2018,1805117143,867107708,226338,56396680454,3236.27,3744248994,80261944811,1437.5,14.84875261,536378,5.65E+12,268941,69.46517632,2.15E-05,117290749,115
12/17/2018,2621840109,1412176242,298663,56696915384,3253.12,5409247918,80226595031,2000,20.97551137,696316,5.65E+12,347101,89.82267707,2.29E-05,158524710,160
12/18/2018,3317923738,1928633369,266117,61785418076,3544.76,5911325473,80040671130,1600,26.57834854,649674,5.62E+12,347160,137.8151289,3.70E-05,138034598,128
12/19/2018,3870951779,2094009380,302243,64617021420,3706.82,6810689119,79960209016,1862.5,32.92958464,708715,5.11E+12,373637,115.3490472,4.45E-05,161629936,149
12/20/2018,3347240927,1924418194,287138,65240081810,3742.2,8927129279,79994860438,1687.5,27.62806589,649999,5.11E+12,358042,120.8287149,3.69E-05,153791328,135
12/21/2018,3687550544,2063165013,280448,72072624651,4133.7,7206015706,79870594318,1750,30.95900116,660851,5.11E+12,380313,127.6344361,4.86E-05,146768480,140
12/22/2018,1937020369,1034926520,251041,67973007472,3898.08,5605823233,79882430909,2187.5,18.77646281,552671,5.11E+12,292208,71.9333752,3.03E-05,141144355,175
12/23/2018,1785125966,1068419759,250563,70125066347,4020.99,6151275490,79836899024,2200,15.44952443,522611,5.11E+12,282718,52.18014597,1.62E-05,130322402,176
12/24/2018,2750730821,1596244156,272145,69772389974,4000.33,7240968501,79802767062,1900,23.01715097,582356,5.11E+12,322790,75.07323303,2.49E-05,141775774,152
12/25/2018,2192907373,1215798784,264893,71188017281,4081.03,6158207293,79734306330,1987.5,18.28673875,489964,5.11E+12,278869,43.03413487,1.81E-05,130683877,159
12/26/2018,2400609268,1314250554,281148,66636342448,3819.67,5326547918,79703403632,1962.5,16.22660938,544465,5.11E+12,308358,50.95115108,1.57E-05,139664146,157
12/27/2018,2797136914,1604903730,299846,67255875187,3854.69,5130222366,79607844997,2175,16.91659845,617822,5.11E+12,335764,60.15008609,1.12E-05,154098125,174
12/28/2018,2913482332,1622344094,308100,63746591531,3653.13,5631554348,79414503552,2087.5,17.97068908,639459,5.11E+12,381374,71.36429639,1.13E-05,155400853,167
12/29/2018,2700809176,1430257736,264842,68628218811,3932.49,4991655917,79363762803,1725,15.31251107,569958,5.11E+12,322987,79.69438732,1.12E-05,134371999,138
12/30/2018,1552805206,907723946.6,267463,66715050821,3822.38,4770578575,79314754966,2200,13.91108006,535621,5.11E+12,303568,51.01321591,8.06E-06,134197675,176
12/31/2018,2033378718,1266467754,259529,67498451440,3866.84,4661840806,79219923689,1937.5,15.90842885,554009,5.25E+12,304283,60.82779064,7.64E-06,137701067,155
1/1/2019,1421421928,727124358.7,234576,65408563939,3746.71,4324200990,79204397897,1862.5,11.22870449,430431,5.62E+12,239832,31.18180664,6.78E-06,119465063,149
1/2/2019,2487460410,1381074287,271545,67205349058,3849.22,5244856836,79199926104,1887.5,18.0404076,585895,5.62E+12,317264,76.90079494,1.11E-05,143126960,151
1/3/2019,2779411253,1556148690,290861,68641707235,3931.05,4530215219,79124691477,1937.5,19.1678382,602499,5.62E+12,337440,85.05719023,1.53E-05,149764463,155
1/4/2019,2810816255,1592620607,281623,66919877209,3832.04,4847965467,79097108466,1862.5,19.57925017,588155,5.62E+12,346462,79.79299778,1.35E-05,142920615,149
1/5/2019,2039152891,1059765691,265029,67275985976,3851.97,5137609824,79090384834,2037.5,12.27107591,510116,5.62E+12,286539,56.05020807,7.50E-06,132510169,163
1/6/2019,2017353745,1053298021,258381,67012776834,3836.52,5597027440,79072330638,1762.5,16.59508434,513105,5.62E+12,288814,56.80692962,1.04E-05,116561230,141
1/7/2019,3012310952,1654969931,284641,71248091616,4078.59,5228625637,79023502303,1762.5,23.87585077,605732,5.62E+12,335194,91.42037127,2.03E-05,138850137,141
1/8/2019,2748920924,1466038252,318355,70381163014,4028.47,5306593305,78989111828,2112.5,20.94683492,618872,5.62E+12,348497,65.9681702,2.17E-05,146680170,169
1/9/2019,2888254608,1575073807,318892,70443209768,4031.55,5115905225,78991791017,2050,24.16978699,615701,5.62E+12,349587,60.61935337,2.63E-05,144998601,164
1/10/2019,3387830325,1806246397,327182,70501101879,4034.41,6874143796,78275502218,1950,25.84515048,646794,5.62E+12,378849,71.01570203,2.77E-05,151456004,156
1/11/2019,3325068113,2123800508,308224,64209986296,3674.02,5538712865,78205860881,1850,24.25918558,623737,5.62E+12,378600,67.88497776,2.99E-05,145508376,148
1/12/2019,1961361918,1000886212,281364,64442814740,3686.97,4778170883,78173975892,1725,17.12273992,511636,5.62E+12,298379,53.3706605,2.00E-05,123746623,138
1/13/2019,1830568206,926095992.8,276860,63957969973,3658.87,4681302466,78132421734,1712.5,14.17709438,485001,5.62E+12,277911,33.0661595,1.37E-05,116911812,137
1/14/2019,2429771522,1373111084,326536,62189329098,3557.31,5651384490,78112031908,1862.5,19.99425343,599656,5.86E+12,341391,51.22608218,1.62E-05,142540547,149
1/15/2019,3508926252,2304321607,302147,64763571243,3704.22,5537192302,78149518360,1650,21.20358949,618216,5.88E+12,352286,79.46663166,2.00E-05,140584600,132
1/16/2019,2749510107,1557678381,305569,63498441639,3631.51,5394457145,78130510193,1662.5,25.07927963,653019,5.88E+12,376408,91.16081502,2.94E-05,147909050,133
1/17/2019,2406477931,1446541066,296568,63860319720,3651.87,5464420383,78090383753,1587.5,23.48759589,610163,5.88E+12,349066,83.75636882,2.99E-05,139346201,127
1/18/2019,2303294722,1477287723,305827,64323389863,3677.99,5002961727,78054201343,1725,20.91797749,625357,5.88E+12,373567,78.91877855,2.03E-05,143242068,138
1/19/2019,1597414274,891298523.8,282055,63881511658,3652.38,5955691380,78027643265,1662.5,17.57732062,526853,5.88E+12,302288,52.06964414,1.27E-05,127563234,133
1/20/2019,1758188143,846937624.2,293961,65166891871,3725.45,5582489560,77994393581,1962.5,14.42266508,514507,5.88E+12,281008,29.89021671,1.03E-05,126508254,157
1/21/2019,2131453314,1258152961,315052,62985679023,3600.37,5004347059,77965359527,1875,19.91907516,596521,5.88E+12,339474,54.96184428,1.34E-05,141477557,150
1/22/2019,2465707443,1501307211,295910,62549012271,3575.08,5313623556,77812534501,1625,20.9003654,598611,5.88E+12,340823,81.90672734,1.91E-05,137183139,130
1/23/2019,2462429217,1363115115,293348,63089014300,3605.56,5433755649,77775495704,1825,22.67278096,681839,5.88E+12,381919,85.05000445,2.31E-05,149812261,146
1/24/2019,2342902578,1439302670,307984,62727596281,3584.5,5262869046,77753602466,2024.999999,22.98899396,631403,5.88E+12,355748,73.58939071,2.48E-05,147638496,162
1/25/2019,2409407403,1357770002,300947,63134346515,3607.39,5265847539,77705614625,1725,24.82339222,627186,5.88E+12,383362,79.29198338,2.72E-05,140395687,138
1/26/2019,1765710282,928188398.3,288135,63006939951,3599.72,5098183235,77671777840,1875,19.8801991,585767,5.88E+12,349573,55.97287422,2.07E-05,147110319,150
1/27/2019,1514914141,813839695.8,276514,63099976995,3604.69,5570752966,77641840193,1712.5,15.90784813,496688,5.88E+12,292177,50.40719193,1.51E-05,120730266,137
1/28/2019,3053109098,1599639970,307917,62749372515,3584.28,6908930483,77340050759,1812.5,24.16321392,636805,5.84E+12,368732,95.30743891,2.85E-05,148283441,145
1/29/2019,2602593778,1479064486,326016,60735178273,3468.87,5897159493,77277069121,1825,23.14980149,626793,5.81E+12,362790,68.7999719,2.65E-05,147492527,146
1/30/2019,2786886689,1615025256,321844,60303924652,3443.9,5955112627,77199770015,1700,21.22346169,609610,5.81E+12,352642,65.43430663,2.28E-05,146160284,136
1/31/2019,2628407497,1442065812,353790,61037594037,3485.41,5831198271,77153143073,1937.5,29.03627429,640465,5.81E+12,373912,54.71086417,2.57E-05,157390133,155
2/1/2019,3211674949,1753779494,339183,60608857676,3460.55,5422926707,77110941726,1975,33.11076701,665426,5.81E+12,385299,64.60922982,2.49E-05,161885605,158
2/2/2019,1942097955,967032326.7,321888,61037008774,3484.63,5071623601,77093022143,1800,18.92618462,554281,5.81E+12,317385,32.70820072,1.62E-05,141312643,144
2/3/2019,1696072713,946423397,300033,61595050721,3516.14,5043937584,77072464675,1725,14.74322284,521485,5.81E+12,287332,30.94182103,1.59E-05,129099029,138
2/4/2019,2041334888,1163770225,335141,60744291808,3467.21,5332718886,76999651662,1837.5,17.08811248,616383,5.81E+12,337056,51.18232992,1.43E-05,148822584,147
2/5/2019,2164584541,1185396246,353922,60535644042,3454.95,5227549545,76969738160,1837.5,17.21081291,650507,5.81E+12,381893,62.45022512,1.41E-05,154524678,147
2/6/2019,2336047750,1329247198,349432,60790557984,3469.09,5482196038,76901378285,2050,21.79051765,687624,5.81E+12,359783,57.63580817,1.36E-05,172260747,164
2/7/2019,2215865591,1236779319,352872,59849023243,3414.93,5004962683,76843477516,2175,16.74141122,647026,5.81E+12,352170,51.22009113,1.01E-05,163945741,174
2/8/2019,2568370006,1324304962,335117,59618414743,3401.38,7735623101,76839204724,2037.5,20.91053599,694288,5.81E+12,397679,68.13042372,2.07E-05,160491541,163
2/9/2019,2073127480,1023201072,310742,64361569026,3671.59,6158833645,76839322974,1875,17.75264078,564093,5.81E+12,313982,51.69147114,1.66E-05,140154749,150
2/10/2019,1609282877,923468015.1,299469,64396168252,3673.2,6282256903,76840582632,1750,13.62075475,495946,5.89E+12,280688,26.15204531,1.13E-05,125893737,140
2/11/2019,2375287717,1256668847,315580,64795603230,3695.61,6277056434,76809242028,1812.5,23.13798165,692074,6.06E+12,347709,72.63048854,2.37E-05,158209661,145
2/12/2019,2498980530,1441744040,271445,63874730586,3642.75,6480384532,76766439983,1600,34.31602175,826480,6.06E+12,381216,153.6757836,5.54E-05,167035400,128
2/13/2019,2688426223,1656429288,352498,64071958915,3653.6,6438903823,76601354502,1912.5,35.63755618,765352,6.06E+12,417332,96.15058551,5.15E-05,176452700,153
2/14/2019,2103498952,1194740992,354342,63685110570,3631.17,6271044418,76585158156,1762.5,26.180398,618710,6.06E+12,358559,50.73267378,2.84E-05,156685823,141
2/15/2019,2397273630,1434080162,296602,63448773426,3617.37,6091952231,76557458220,1587.5,26.46547377,618560,6.06E+12,359854,87.98898023,3.70E-05,139861827,127
2/16/2019,2002894000,1029696070,331987,63418660983,3615.27,5934744052,76500624186,1875,22.36572171,604959,6.06E+12,343034,38.29492824,2.59E-05,151314004,150
2/17/2019,1761878769,861527836.3,327304,63743192950,3633.36,7039512503,76482520378,1987.5,19.17235936,522930,6.06E+12,298766,13.44866404,1.58E-05,140218576,159
2/18/2019,2793238662,1404535730,344119,64417241392,3671.37,9908216640,76485346410,1937.5,29.40410079,684684,6.06E+12,391128,63.97747719,3.03E-05,167402638,155
2/19/2019,3302161523,1792459478,348086,68640955336,3911.66,9933626655,76472774440,1950,36.59295015,715477,6.06E+12,415088,79.93676705,4.70E-05,165433516,156
2/20/2019,3176812630,1840363917,314190,69261776136,3946.68,8693373948,76545668888,1625,37.76184521,694099,6.06E+12,402482,105.5889637,5.72E-05,154897873,130
2/21/2019,2977710360,1760849148,297476,70208132042,4000.26,7775128102,76498674350,1487.5,34.71560858,648091,6.06E+12,376407,100.9835635,5.83E-05,140235491,119
2/22/2019,2742074860,1585609957,350144,69376147290,3952.41,7826525254,76506060600,2025,39.01280561,739327,6.06E+12,425591,77.58189541,5.55E-05,175799845,162
2/23/2019,2609705976,1346985953,328096,70199836886,3998.92,8922258316,76481666472,1787.5,25.43940867,570616,6.06E+12,333670,44.42976072,3.67E-05,140539508,143
2/24/2019,2450179687,1376643604,320309,72779408506,4145.46,10794227451,76424138281,1712.5,29.55542146,569551,6.06E+12,334110,40.4506525,4.29E-05,143036954,137
2/25/2019,3249594646,1788045580,336491,66844049271,3807,9318796067,76382030285,1787.5,38.85345862,670201,6.07E+12,395599,68.26240332,5.13E-05,158662241,143
2/26/2019,3030567347,1734643937,366407,68110711262,3878.7,7931218996,76370428284,2012.5,35.84517142,704081,6.07E+12,414081,59.60549559,4.50E-05,175958083,161
2/27/2019,3185789557,1677493777,344419,67744872842,3857.48,8301309684,76353666915,1762.5,32.66318415,679225,6.07E+12,404256,74.74430692,4.16E-05,158642210,141
2/28/2019,3516776376,2092992685,367677,67590082470,3848.26,8399767798,76326411421,1874.999999,30.29594178,692972,6.07E+12,404743,59.42021301,3.50E-05,169610591,150
3/1/2019,2876653861,1500185807,354260,67694732251,3853.76,7661247975,76317232975,2025,30.48611973,723763,6.07E+12,435776,63.48522366,3.75E-05,170597568,162
3/2/2019,2316638751,1127208202,335732,67728390987,3855.32,7578786076,76302253136,1650,25.32153705,631290,6.07E+12,370265,43.88267871,3.20E-05,152536462,132
3/3/2019,4433945452,1002193367,353537,67857497568,3862.27,7253558152,76299694578,1825,21.38429981,555628,6.07E+12,311337,15.85094919,2.59E-05,146522736,146
3/4/2019,3567932479,1567385968,304051,67562261232,3845.09,9029175788,76222323616,1712.5,28.45991569,681631,6.07E+12,389451,109.4261859,4.25E-05,151351295,137
3/5/2019,3423719699,1572846427,285567,66071077331,3759.83,10174126415,76237786716,1862.5,29.02363002,706754,6.07E+12,423315,164.0071684,4.64E-05,153443952,149
3/6/2019,3006107299,1695804199,277735,68489324544,3897.08,9175291529,76226031232,1600,38.43684345,738120,6.07E+12,409431,180.7813324,6.51E-05,158163111,128
3/7/2019,3139532044,1601369072,282381,68607053125,3903.38,9584165519,76222387307,1775,38.15885184,689211,6.07E+12,414404,169.6709118,7.01E-05,143198756,142
3/8/2019,2857854696,1635492909,285118,68787274721,3913.23,10638638944,76196163861,1825,34.53420729,711513,6.07E+12,430237,162.4180242,6.10E-05,145800942,146
3/9/2019,2209618454,1098173095,239354,68465716202,3894.55,10796103518,76199837876,1725,24.54420613,601886,6.07E+12,356096,152.0156196,4.67E-05,121774445,138
3/10/2019,1950637286,1063617194,212741,69731460717,3966.17,9713267607,76192346862,1700,19.08668276,521890,6.07E+12,301585,141.8925874,3.55E-05,106552376,136
3/11/2019,2812603424,1563152839,294599,69519895117,3953.74,10125901903,76159094536,1775,30.82179358,750671,6.07E+12,432506,172.1074488,4.13E-05,156139554,142
3/12/2019,2957213266,1672919097,285510,68648040998,3903.76,9809887079,76127599022,1787.5,31.50427651,699031,6.07E+12,424174,161.5948179,5.00E-05,143595042,143
3/13/2019,2957531790,1625997058,285822,68818024820,3913.05,9469184841,76120334062,1687.5,36.04315035,716432,6.07E+12,401342,155.8352206,5.88E-05,157083394,135
3/14/2019,3366027009,1894116086,299774,68694204013,3905.58,10480789570,76102568871,1937.5,37.56437664,741462,6.07E+12,441157,150.2468034,5.78E-05,161793126,155
3/15/2019,2923605923,1568578443,296817,69072522434,3926.66,9394210605,76104449307,1912.5,31.12448995,719163,6.07E+12,449418,151.5393512,4.97E-05,151101027,153
3/16/2019,2346483193,1181738839,262104,69735581445,3963.9,9856166973,76069762728,2037.5,22.36301366,612919,6.07E+12,362405,135.1792169,3.78E-05,128551555,163
3/17/2019,1988810167,944875720.7,227144,71217640060,4047.72,8221625400,76076959805,1825,16.78071195,538885,6.07E+12,318397,115.2587865,2.68E-05,108448538,146
3/18/2019,2829405176,1438891761,291344,70913470232,4029.97,9646954186,76066910266,2012.5,22.37480548,716941,6.07E+12,430675,130.0333897,2.53E-05,149237780,161
3/19/2019,2830122184,1561162624,304570,70970153383,4032.69,9344919956,76083094752,2175,22.30871865,750470,6.07E+12,441726,130.6728268,2.50E-05,158304322,174
3/20/2019,3082682137,1711532194,304799,71648688671,4070.79,10175916388,76088467322,2012.5,27.1997923,738366,6.07E+12,428080,138.1381879,4.21E-05,159712382,161
3/21/2019,3254986915,1665943202,300569,71887674694,4083.95,10831212662,76073233247,1787.5,35.53040752,708214,6.07E+12,422361,144.7063553,6.08E-05,148669429,143
3/22/2019,2839476678,1476990596,298363,70919972609,4028.51,9252935969,76060296972,2012.5,27.14701994,722829,6.07E+12,442163,137.8175428,3.41E-05,152072389,161
3/23/2019,2047679785,1006055011,251428,70825023305,4022.71,9578850549,76053909075,1812.5,17.94886278,583506,6.07E+12,350043,126.8329086,2.29E-05,121816915,145
3/24/2019,1870356509,1062385577,226016,71051773088,4035.16,9144851065,76047803806,1875,15.67630252,559563,6.37E+12,322392,120.8695055,1.86E-05,113046988,150
