date,txVolume(USD),adjustedTxVolume(USD),txCount,marketcap(USD),price(USD),exchangeVolume(USD),fees,activeAddresses,medianTxValue(USD),medianFee,paymentCount
10/1/2017,436003334.5,131169266,3096,0,0.021678,50068700,291.170785,5973,18065.29627,0.17107,1661
10/2/2017,1025157738,151391424.7,2943,596765346.8,0.024607,57641300,316.074603,5858,24206.76715,0.17107,1792
10/3/2017,604612406.4,125245327.8,1808,667797139.7,0.025757,16997800,182.280983,3701,21063.74372,0.17107,1018
10/4/2017,207884312.8,48658685.99,859,540954733,0.020864,9000050,59.948744,1769,16076.16386,0,335
10/5/2017,411326650.3,105546705.4,1193,569117180.4,0.021951,5562510,156.805239,2454,39520.61679,0.17107,882
10/6/2017,312314745.5,88156760.73,889,553779286.2,0.021359,7780710,114.499377,1844,67195.42439,0.17107,648
10/7/2017,185266331.5,52958699.34,671,477418796.7,0.018414,7411240,81.891164,1371,36179.10905,0.17107,460
10/8/2017,214142599.6,66264825.01,679,542632959.3,0.020929,7727460,90.981593,1406,54499.90772,0.17107,521
10/9/2017,163939625.7,57131563.06,680,527453167.7,0.020344,4663310,87.836065,1460,30458.83815,0.17107,492
10/10/2017,211980536.3,64279716.38,660,573307371.9,0.022112,2725600,80.536581,1376,46343.11693,0.17107,460
10/11/2017,147429298.9,61110954.77,557,556901110.3,0.02148,3606720,70.54622,1172,42745.99476,0.17107,399
10/12/2017,191961300.2,66928182.47,672,584346541.3,0.022538,8680640,86.246889,1411,46152.57265,0.17107,492
10/13/2017,243264095,90728018.36,782,675685385.3,0.026061,15613600,110.361223,1642,106924.7056,0.17107,625
10/14/2017,379080551.7,101997901,930,878302735.8,0.033876,27853200,142.220331,1944,699264.9618,0.171246,812
10/15/2017,280089467,86825379.13,726,852315171.3,0.032874,7104990,104.520862,1450,663027.8412,0.171246,593
10/16/2017,229827474.9,85276112.84,626,776235927.4,0.029939,6196030,93.112895,1311,569556.6993,0.171246,540
10/17/2017,305513404.2,94783780.93,669,750680263.3,0.028953,7039900,104.33597,1343,514046.8465,0.171246,603
10/18/2017,464452866.2,210134539.5,502,705701001.4,0.027219,2336180,78.68741,1042,446224.3905,0.171246,449
10/19/2017,206818645.1,129830627.4,536,692353930.3,0.026704,2897720,82.803862,1124,414421.2842,0.171246,470
10/20/2017,189373019.9,80659810.07,705,699559649.3,0.026982,8716410,111.994747,1477,394919.5681,0.171246,627
10/21/2017,154653813.9,55538537.83,578,798714952.3,0.030806,5344520,84.506958,1204,433132.635,0.17107,486
10/22/2017,128926681.2,51814314.81,517,740601428.6,0.028565,2930210,75.831882,1118,388142.2648,0.171246,435
10/23/2017,65490614.37,33508263.59,298,717753741.8,0.027684,3517050,42.534358,657,194512.2837,0.171246,238
10/24/2017,131859234.4,61833018.47,714,656958792.5,0.025339,7589560,113.657667,1556,200718.9347,0.171246,646
10/25/2017,119840361.5,46434947.68,445,701028866.2,0.027038,2561430,69.408139,941,329960.8684,0.171246,397
10/26/2017,114449869.9,62228720.38,429,710629837.6,0.027409,2437710,66.791287,910,323338.5314,0.171246,379
10/27/2017,86978314.27,41077078.57,450,703603506.7,0.027138,2511440,70.030302,960,305074.0332,0.171246,399
10/28/2017,83751961.4,38369163.67,372,682895750.8,0.026339,1739460,58.897018,791,289962.3759,0.171246,338
10/29/2017,72005519.91,40777657.63,411,669719817.8,0.025831,4746180,61.400928,881,275233.9684,0.171246,350
10/30/2017,3379714003,122846645.4,576,734200214.3,0.028318,3781270,93.926058,1195,314443.0839,0.171246,530
10/31/2017,296413605.7,111187703.3,626,740152241.7,0.028547,7304450,100.983941,1328,296973.2196,0.171246,579
11/1/2017,149875308.5,87059049.83,574,755184354.6,0.029127,9382780,95.194351,1245,290230.571,0.171246,538
11/2/2017,91767593.54,56428919.16,458,598368052.3,0.023079,6165050,75.110304,1017,221966.1841,0.171246,425
11/3/2017,52618111.85,31546030.69,377,555308451,0.021418,2836080,59.906445,830,199089.8578,0.171246,340
11/4/2017,51279920.98,29050006.05,355,587017469.5,0.022641,2626920,55.404465,774,200940.4002,0.171246,317
11/5/2017,55581018.13,24963442.41,379,571795614.1,0.022054,2396230,60.284034,813,189033.4894,0.171246,349
11/6/2017,62292930.56,35175315.01,472,543872158.3,0.020977,4591160,78.82348,1046,171472.1354,0.171246,447
11/7/2017,58612520.08,35370666.24,402,566395126.7,0.021846,2539540,63.690628,858,171486.6039,0.171246,362
11/8/2017,45269129.96,26946585.94,356,568113970,0.021912,6367000,57.969264,790,167158.1423,0.171246,325
11/9/2017,85053955.83,37720676.18,588,652323059.4,0.02516,18716200,95.284479,1333,184170.4275,0.171246,540
11/10/2017,183850727.4,119113220.5,547,835350445.9,0.032219,6766780,88.204026,1160,231880.5885,0.171246,494
11/11/2017,44345210.39,21906468.97,334,697207394.9,0.026891,5532220,52.508007,737,163368.4699,0.171246,303
11/12/2017,123441913.7,20151196.64,394,712475898.1,0.02748,7280250,61.243157,800,225369.9513,0.171246,340
11/13/2017,356746741,70934318.16,383,631677356.4,0.024364,4419440,62.372078,813,170820.9187,0.171246,352
11/14/2017,46429195.96,29414203.91,448,668843188.7,0.025797,3033290,71.83201,986,72838.29696,0.171246,403
11/15/2017,51744248.31,28184188.53,442,677101132.8,0.026116,6858800,70.979033,1000,171049.2889,0.171246,403
11/16/2017,61825795.34,38432722.53,443,689219315.7,0.026583,4888130,71.973901,968,167099.3607,0.171246,415
11/17/2017,115083117.2,87450277.88,370,703724822.5,0.027143,3578870,60.749748,817,167900.2109,0.171246,348
11/18/2017,117682014,20712804.41,448,663657741.6,0.025597,2930550,72.758308,963,199100.6685,0.171246,418
11/19/2017,50836557.08,30160504.58,443,680416226.3,0.026243,4725050,73.319392,973,158312.0392,0.171246,417
11/20/2017,332733193.2,98453282.48,678,729906292.4,0.028152,16172400,112.526056,1474,165948.8179,0.171246,641
11/21/2017,115178829.9,23514635.37,542,767117774.9,0.029587,5836790,91.303519,1163,175129.0713,0.171246,524
11/22/2017,58731150.81,36949591.53,470,736308034.2,0.028399,4938480,77.04848,1014,160964.6787,0.171246,434
11/23/2017,63033634.67,29750035.17,485,739955896.8,0.02854,5132300,81.570962,1041,157228.6745,0.171246,462
11/24/2017,60885321.7,32735982.86,468,710552288.5,0.027406,5502350,77.661925,1029,147274.4584,0.171246,439
11/25/2017,56702989.46,35713599.97,492,734365581.9,0.028324,6156460,82.420601,1085,148102.9062,0.171246,465
11/26/2017,81999172.83,46498351.22,774,789142246.1,0.030437,30527100,129.839839,1757,154744.6333,0.171246,736
11/27/2017,248551306.6,53378299.05,1214,949423396.2,0.036619,77777296,203.50762,2668,184698.107,0.171246,1150
11/28/2017,361626658.4,148186360.1,2214,1312609800,0.050627,240338000,376.086687,4719,243397.8142,0.171246,2136
11/29/2017,722991386.4,98462739.18,1274,3065480351,0.118235,210624992,207.949075,2702,613397.4523,0.17107,1183
11/30/2017,1439135958,589039930.4,3217,2461256806,0.09493,124345000,544.873563,6444,414287.7129,0.171246,3126
12/1/2017,2857211195,939527807.7,3075,3023666820,0.116622,73657600,526.069775,6231,476847.4779,0.17107,2977
12/2/2017,919464224.8,389086161,2269,3412858076,0.131633,56712600,381.75557,4386,510203.7311,0.17107,2176
12/3/2017,755702161,361818203.7,1972,3431473712,0.132351,46458900,334.232577,3920,496588.0391,0.17107,1902
12/4/2017,4337070443,1108166148,2768,3410602421,0.131546,76392704,472.122462,5293,483666.1926,0.17107,2699
12/5/2017,3911611137,703551874.8,3144,3516358942,0.135625,50381100,536.204627,6005,476880.6403,0.17107,3051
12/6/2017,2506608852,427340789.2,3243,3286204336,0.126748,75688800,556.724766,6270,421986.3949,0.17107,3175
12/7/2017,2273088470,321732532.7,3080,3053327389,0.117766,71024600,529.408236,5893,377879.5473,0.17107,3008
12/8/2017,1683236055,569124611.1,2981,2751951121,0.106142,70092400,509.523792,5694,326147.5264,0.17107,2922
12/9/2017,1120676230,232211890.2,2307,2975001709,0.114745,63308600,397.817485,4509,336600.9507,0.17107,2270
12/10/2017,626919827.6,247579022.6,1925,3105907488,0.119794,46376600,331.000772,3788,336876.321,0.17107,1878
12/11/2017,1570034525,276956800.9,2903,2824158012,0.108927,39513900,499.253429,5634,297121.3907,0.17107,2858
12/12/2017,1928367015,393683437,3453,3141764626,0.121177,60056800,593.232415,6598,316450.9946,0.17107,3383
12/13/2017,2197540173,385515733.6,3330,3467460487,0.133739,61575000,572.413354,6444,335681.0201,0.17107,3273
12/14/2017,3414740056,403026680.4,5011,3465593737,0.133667,309307008,865.688482,9816,577951.0597,0.17107,4929
12/15/2017,6277471269,712899402.4,5428,6046426194,0.233209,207311008,936.735232,10695,779613.9911,0.17107,5361
12/16/2017,4246707571,806976461.1,7126,5519225141,0.212875,581052032,1226.080362,13835,480193.0054,0.17107,7060
12/17/2017,13675413814,743400164.7,7332,10027942708,0.386775,628142976,1266.035793,15271,1541759.577,0.17107,7232
12/18/2017,9845477474,1613934892,7110,13273078564,0.511939,253463008,1215.359591,14287,1643509.731,0.17107,6991
12/19/2017,15207973217,2648804344,10754,13489025135,0.520268,279631008,1846.094336,21375,1065649.045,0.17107,10644
12/20/2017,9280441501,2054951058,8367,13837407181,0.533705,182924000,1428.018715,16847,1036164.161,0.17107,8254
12/21/2017,8988864245,2766406781,7759,12705534990,0.490049,162926000,1324.952454,15587,920576.0746,0.17107,7656
12/22/2017,5681960311,1562129664,6840,12418392684,0.478974,150972992,1167.895349,13907,887417.1774,0.17107,6738
12/23/2017,3934633549,1178186305,6153,10744696573,0.41442,88865000,1049.697771,12414,724533.2425,0.17107,6065
12/24/2017,2977420201,1068962167,4770,10802799138,0.416661,67372304,812.142518,9785,688392.1346,0.17107,4702
12/25/2017,2304227314,913744679.1,4218,10171967584,0.39233,122194000,719.860952,8669,586197.0796,0.17107,4156
12/26/2017,2639990338,927850174,4295,10722736344,0.413573,94896000,732.098409,8862,549672.4321,0.17107,4228
12/27/2017,2730782838,1100406246,4916,11073633316,0.427107,82067504,840.267464,10132,512908.0509,0.17107,4837
12/28/2017,2513310743,1044573401,4882,10682471603,0.41202,82263800,832.866012,10055,449142.6611,0.17107,4816
12/29/2017,3268899001,1296797374,5706,10641947592,0.410457,266403008,975.33992,11590,410436.2971,0.17107,5618
12/30/2017,2930330854,1085767437,5253,13697686198,0.528316,645155968,902.028763,11357,478061.3979,0.17107,5167
12/31/2017,5514803464,677209905.4,3166,16660242914,0.642581,305947008,541.155233,6930,558116.2165,0.17107,3095
1/1/2018,3381306311,1087988290,2957,18637596875,0.718847,150186000,505.895755,6335,602903.5967,0.17107,2899
1/2/2018,2102776259,778487975.6,3270,18788725769,0.724676,289712000,559.289502,7085,584655.5118,0.17107,3225
1/3/2018,1802784249,906805925,3345,20208480352,0.779681,657398016,572.844965,7654,607202.63,0.17107,3268
1/4/2018,6669245903,5264646328,3366,28365401741,1.09,593430016,575.218109,8003,229381.1059,0.17107,3255
1/5/2018,7979340484,5230715559,2499,30334672530,1.17,508100000,429.038026,6204,42275.39069,0.17107,2394
1/6/2018,6957160121,749006550.6,3015,25777764594,0.997,297615008,516.193856,7036,746543.3779,0.17107,2918
1/7/2018,9212376978,2078621023,4210,26406859963,1.02,226067008,718.077671,9521,1529316.11,0.17107,4093
1/8/2018,2944338563,1384129220,2747,25909673474,0.999329,264460992,468.601695,6481,740134.033,0.17107,2663
1/9/2018,8112034890,3319781782,6445,23287305851,0.898185,209492000,1105.937569,13383,1290722.495,0.17107,6336
1/10/2018,6488053608,1895641835,4444,21153170894,0.815872,236472000,762.284692,9549,1140596.92,0.17107,4345
1/11/2018,3801164709,1807330326,3544,20521846726,0.791522,229000992,607.786058,7605,1078152.328,0.17107,3467
1/12/2018,3368343118,1907721200,3769,18039251941,0.695769,365795008,646.064994,7712,921296.3342,0.17107,3704
1/13/2018,5437433115,2321059697,6444,23785753782,0.91741,313215008,1104.420143,13505,659983.0215,0.17107,6383
1/14/2018,4310328242,1999277140,5608,22866665059,0.881961,160712000,960.472907,11782,594604.5826,0.17107,5554
1/15/2018,4340492437,2236369470,5315,20631751578,0.795761,972993024,911.286102,10950,511847.5575,0.17107,5229
1/16/2018,4844124533,1774212690,5613,20239215731,0.780621,1632649984,962.698826,11752,458432.8038,0.17107,5528
1/17/2018,2506285924,1155434907,4487,16181681046,0.624123,1713769984,769.401425,9658,340464.5261,0.17107,4418
1/18/2018,4505299018,1154124060,5082,16367629995,0.631295,1285490048,871.2281,10405,323547.9936,0.17107,5035
1/19/2018,2011384758,956895138.8,4041,16840773106,0.649544,584574016,689.866607,8581,307005.3287,0.17107,3973
1/20/2018,2202778350,1185679144,4805,17022781140,0.656564,738798976,823.086658,10017,288772.5401,0.17107,4758
1/21/2018,1896443152,1222437236,3529,18314649284,0.706391,847731008,605.182882,7601,291831.9851,0.17107,3469
1/22/2018,4492163801,2138048439,3663,15944707621,0.614983,522984000,626.861928,7698,247084.9495,0.17107,3614
1/23/2018,2490284378,602289752.5,2913,14688644762,0.566537,375958016,505.942525,7650,396525.4251,0.17107,4662
1/24/2018,1844063798,855999832.5,2841,14606507802,0.563369,689838016,493.5483,7863,605896.7659,0.171246,4774
1/25/2018,3054464694,490300309.1,2486,16316864792,0.629337,654814016,431.411187,6704,736413.1481,0.17107,4076
1/26/2018,1701803084,647023536.7,2489,16435247795,0.633903,810062016,434.499444,6947,676030.0365,0.171246,4390
1/27/2018,1340985910,883752839.6,2643,16164932158,0.623477,331308992,460.902618,7484,652192.6513,0.171246,4501
1/28/2018,1839378464,758266923.3,2841,16089302893,0.62056,325145984,493.787165,7656,637024.1558,0.171246,4540
1/29/2018,2288714721,836870260.2,2845,17354880988,0.669373,238318000,493.978388,7485,679204.3672,0.171246,4386
1/30/2018,1647707243,923042564.3,2655,16199207745,0.624799,359622016,461.201947,7437,624798.8931,0.171246,4150
1/31/2018,1419169133,930506636.4,2597,13679070561,0.527598,505904000,451.201418,7246,526242.6979,0.171246,4100
2/1/2018,1398187923,725762726.9,2649,13376086816,0.515912,595624000,461.263202,7395,512228.5798,0.171246,4121
2/2/2018,1671994527,819768818.8,3833,10875369008,0.41946,1438809984,668.419952,9764,411346.411,0.171246,5695
2/3/2018,851286257.9,622874782.1,2863,10395847839,0.400965,1404499968,498.362836,7659,384538.2279,0.171246,4570
2/4/2018,3034118489,246243727.3,1931,11248848459,0.433865,814753984,337.506763,5478,182072.6712,0.171246,3184
2/5/2018,1222448971,256355494.3,2196,9983062948,0.385044,658547968,384.825949,6138,138494.0176,0.171246,3549
2/6/2018,35679500865,1114987884,3261,8587279106,0.331209,1338390016,1074.824042,45042,313306.485,0.171246,4941
2/7/2018,39216577043,998619444.5,2570,9522157415,0.367267,679744000,451.946121,6042,356003.6145,0.171246,3802
2/8/2018,1115780825,476445532.8,1064,8930942426,0.344464,346383008,183.243693,2429,322332.6375,0.17107,1048
2/9/2018,23911113751,1214554203,2089,9148314985,0.352848,401271008,366.265692,5062,328413.0925,0.171246,2878
2/10/2018,58147698258,794571165.4,2825,10025246292,0.386671,951824000,500.431586,7637,357314.1694,0.171246,5318
2/11/2018,38016580749,635390608.6,2204,10503159983,0.405104,331944000,388.565029,5819,371461.2165,0.171246,3643
2/12/2018,31997879558,1008098068,2958,9660296847,0.372595,243039008,519.106738,7199,338186.4539,0.171246,4217
2/13/2018,28343738946,729807028.2,2461,9941372219,0.383436,225695008,432.801133,5946,346795.8146,0.171246,3586
2/14/2018,24289004368,1121741861,2289,9690657447,0.373766,299008992,403.669105,5376,337339.429,0.171246,3270
2/15/2018,26064092407,1111098040,2276,10232662856,0.394671,348342016,399.649227,5498,353504.6349,0.171246,3281
2/16/2018,24522385062,863663165.7,2405,10633780565,0.410142,192420000,421.525819,5516,363500.49,0.171246,3293
2/17/2018,24924352392,1444084997,2939,10433130966,0.402403,341415008,517.500992,6376,349828.889,0.171246,3868
2/18/2018,27890031702,994571511.9,2193,10846719595,0.418355,251314000,385.62001,5165,360956.3505,0.171246,3024
2/19/2018,28841449092,1854666331,1975,10031961404,0.38693,169966000,348.599566,4804,3289373.451,0.171246,2841
2/20/2018,27881199700,1521398365,2174,10135980810,0.390942,281249984,381.622781,4985,961287.3901,0.171246,3125
2/21/2018,23193420984,1452535303,2079,9738026205,0.375593,242378000,365.519263,4608,873719.4771,0.171246,2891
2/22/2018,19942982986,1298509427,1686,9402478058,0.362651,208342000,295.943827,3987,2058876.172,0.171246,2527
2/23/2018,14762612663,1129023509,1924,8679294279,0.334758,222508992,337.654695,4125,434549.7125,0.171246,2610
2/24/2018,13342030386,909127660,1606,8910304477,0.343668,133524000,280.832261,3738,341772.4478,0.171246,2221
2/25/2018,11854602228,1309458058,2605,8352457628,0.322152,247808000,457.527573,5400,274799.6856,0.171246,3279
2/26/2018,10248445703,821134345.1,2699,8951891498,0.345272,201812992,475.238518,5921,291786.6689,0.17107,3589
2/27/2018,15390949495,1207808101,2295,8792699286,0.339132,106757000,404.80439,5358,285006.0839,0.171246,3081
2/28/2018,45496098161,1178566985,3614,8672242116,0.334486,114757000,634.44936,7728,453621.5225,0.171246,4482
3/1/2018,31062848576,1012231916,3491,8088545977,0.311973,184691008,612.930118,7501,259688.9222,0.171246,4503
3/2/2018,21625794843,811568373.2,3677,7892822521,0.304424,107240000,649.4141,7745,250537.4352,0.171246,4500
3/3/2018,15254554989,677335988.1,2767,7595387168,0.292952,115320000,487.013465,5896,253904.1387,0.171246,3629
3/4/2018,12567910274,1049189929,2359,7681802094,0.296285,94436000,414.216038,5362,241012.1736,0.171246,3075
3/5/2018,14585023606,966068564.1,3124,7775450673,0.299897,202675008,549.912427,6731,241244.4238,0.171246,3953
3/6/2018,12129553091,951663207.9,2377,7673038745,0.295947,110305000,419.843069,5229,277557.031,0.171246,3159
3/7/2018,11573202872,996602006.3,2778,7380762879,0.284674,190792992,488.722708,6081,318252.419,0.171246,3630
3/8/2018,12785556931,752212465.7,3483,6434061824,0.24816,167808992,612.930393,8287,198106.8238,0.171246,5149
3/9/2018,10316697929,688902306.3,3348,5737297731,0.221286,246848992,592.465133,7572,292378.351,0.171246,4892
3/10/2018,6576744257,643861837.6,2094,5839191118,0.225216,129138000,369.281428,5046,177913.0012,0.171246,3072
3/11/2018,5321887447,737331594.8,2049,5437451160,0.209721,161362000,361.525327,4875,164231.4676,0.171246,2888
3/12/2018,6248393127,1054686400,2217,5810360216,0.224104,184250000,390.044635,5141,174416.986,0.171246,3076
3/13/2018,4630655111,951967666.8,1970,5784588708,0.22311,98868704,349.610508,4769,172006.8307,0.171246,2618
3/14/2018,4423483471,682080527.1,2330,5792885371,0.22343,144156000,411.064989,5060,170784.9371,0.171246,3046
3/15/2018,4443855328,849167588.9,2910,5153134905,0.198755,204232992,514.457786,6310,150690.9147,0.171246,3792
3/16/2018,2952413828,660566912.8,2385,4842865652,0.186788,97455296,421.808017,5313,116864.0947,0.171246,3101
3/17/2018,2553611870,657631119.7,2185,4634982400,0.17877,81096600,385.325077,5015,133565.7373,0.171246,2852
3/18/2018,3394150273,670719655.7,3563,3990979895,0.153931,189688992,626.17554,8432,114007.5168,0.171246,4858
3/19/2018,2780874402,530478189.2,2932,4167750662,0.160749,321964000,515.207687,6341,118665.8799,0.171246,3977
3/20/2018,2381346379,745822633.3,2495,5015514015,0.193447,249683008,439.420887,5533,140557.5547,0.171246,3355
3/21/2018,2266373151,761310570.9,2515,5323216488,0.205315,257686000,444.625359,5484,146396.1339,0.171246,3247
3/22/2018,2955565710,795391552,2584,5584768775,0.215403,201540000,456.02584,5910,152936.7213,0.171246,3860
3/23/2018,2234045931,803281509.5,2456,5244994516,0.202298,148850000,433.716537,5320,142417.7574,0.171246,3410
3/24/2018,1792302683,726136748.4,3837,4896171709,0.188844,132660000,678.950281,7860,42942.21958,0.17107,4626
3/25/2018,2066154450,521338927.9,1810,4884556381,0.188396,59349400,318.615507,4084,129826.8818,0.171246,2526
3/26/2018,2747660516,549842292.3,2035,4769543896,0.18396,117497000,360.948226,4351,516140.3699,0.171246,2884
3/27/2018,971898116.4,351245464.7,1012,4361322170,0.168215,107510000,180.769555,2606,161200.2064,0.171246,1721
3/28/2018,865433307.6,438664527.3,1196,4023777639,0.155196,60260800,212.483087,2824,45473.07111,0.171246,1692
3/29/2018,1914262611,494239940.3,2240,4152038857,0.160143,103465000,394.638053,4736,561593.6253,0.171246,3042
3/30/2018,1058593863,429880053,2054,3802308603,0.146654,119874000,361.444463,4228,316961.3977,0.171246,2660
3/31/2018,781039131.8,345555762.6,2107,3814260982,0.147115,113124000,370.472374,3863,128427.9728,0.171246,2583
4/1/2018,1890540444,206362219.3,1500,4060101465,0.156597,100833000,265.454027,3321,107477.5008,0.171246,2083
4/2/2018,1062068415,294304613.2,1504,3932903257,0.151691,102697000,264.875586,3363,103601.0901,0.171246,2072
4/3/2018,738554306.3,411622464.7,2390,4092951063,0.157864,155987008,420.616945,4928,105995.279,0.171246,3030
4/4/2018,938479268.7,505187215.3,1970,4437625540,0.171158,154800992,347.61926,4149,114333.4788,0.171246,2677
4/5/2018,1332358911,385395849.2,3683,4034044759,0.155592,113407000,651.739925,7046,32957.75727,0.171246,4229
4/6/2018,849858344.4,323959204.5,2562,3847421705,0.148394,51827500,451.678535,5546,98242.76724,0.171246,3670
4/7/2018,409759522.4,246604181.7,1870,3756443615,0.144885,48205400,328.790197,3947,92878.53924,0.171246,2296
4/8/2018,403934419.7,260009528.1,1976,3858596273,0.148825,51093100,348.515126,4098,63109.22988,0.171246,2376
4/9/2018,478202509.6,271425697,1818,4072987219,0.157094,93021904,321.359673,3923,101578.9368,0.171246,2369
4/10/2018,437289593.7,261246583.9,1893,3973064289,0.15324,55981300,333.86093,4133,45795.53361,0.171246,2374
4/11/2018,474750071.2,286604961,2295,4064353504,0.156761,91793296,405.152456,4339,32919.56298,0.171246,2690
4/12/2018,786520747.2,388048342.2,3686,4323520501,0.166757,488007008,653.409519,7160,36595.3191,0.171246,4422
4/13/2018,1946538503,378212886.9,2546,5486997792,0.211632,230412992,453.060047,5682,131243.114,0.171246,3481
4/14/2018,1540741820,254531778.1,1712,5151060739,0.198675,113212000,302.686489,3693,122632.7195,0.171246,2229
4/15/2018,1769445503,291350746.2,2372,5221426808,0.201389,169798000,418.702853,4857,53848.41539,0.171246,2956
4/16/2018,2807504981,416917040,3256,5752931754,0.221889,678780992,579.744812,7496,84957.76068,0.171246,4829
4/17/2018,4148944471,512576423.3,4087,6613736424,0.25509,520975008,726.924822,9137,153053.9564,0.171246,6257
4/18/2018,1308099881,350333310.6,2406,6293381540,0.242734,181118000,427.506276,5473,93436.60327,0.171246,3134
4/19/2018,2511750386,362072656.2,3350,6935309880,0.267493,240910000,595.067737,6612,54674.51492,0.171246,4169
4/20/2018,1076881742,365874767.4,3075,7025873136,0.270986,349348992,547.517672,6655,43481.07286,0.171246,4315
4/21/2018,689336330.2,388597339.3,2265,7837546007,0.302292,294632992,402.966162,5349,105848.2499,0.171246,3352
4/22/2018,640068082.6,324980235.5,2128,7453721655,0.287488,160968000,378.036854,4965,57553.01066,0.171246,2939
4/23/2018,815436367.3,333922296.6,2275,7403682408,0.285558,127213000,403.07784,5244,103140.4532,0.171246,3072
4/24/2018,915148645.4,469028538.2,3503,7480971006,0.288539,369016992,624.746263,7520,34917.50849,0.171246,4668
4/25/2018,822111830.3,466330547.7,2672,8110117300,0.312805,351596000,475.789051,6070,62604.86746,0.171246,3763
4/26/2018,1011166764,292144627.3,2644,7020921066,0.270795,220715008,467.079218,5676,96265.50732,0.171246,3394
4/27/2018,577446754.9,343449622.1,2585,7637829782,0.294589,197183008,458.924149,5798,58914.75335,0.171246,3441
4/28/2018,1164836863,353061757.5,3852,7444439764,0.28713,636742016,689.12694,8187,18022.28548,0.171246,5587
4/29/2018,1819448790,381933331,3595,9351116531,0.36067,671886976,643.835949,7963,36062.90926,0.171246,5211
4/30/2018,2681996974,371516432,2773,9445154016,0.364297,298712000,492.95064,6129,113089.9753,0.171246,4057
5/1/2018,1357655982,349526203.4,2808,8891766622,0.342953,365521984,499.104297,5958,50455.23249,0.171246,3825
5/2/2018,1052501587,374321322.5,2901,9271572279,0.357602,272855008,514.22308,6299,119931.7685,0.171246,3934
5/3/2018,1029777039,309298693.1,2358,9642951637,0.371926,300814016,421.417145,5646,37192.53641,0.171246,3387
5/4/2018,830467879,295092946.6,2236,9613161433,0.370777,171266000,397.59699,5322,191610.49,0.171246,3252
5/5/2018,1540181566,350139747.1,2221,9367917273,0.361318,139447008,392.268628,4963,99614.92051,0.171246,2951
5/6/2018,1161382713,186969404.9,1628,9487570703,0.365933,148186000,288.427224,3775,140318.0176,0.171246,2249
5/7/2018,2947171881,256196933.4,1971,9073126481,0.349948,171384992,356.782759,4781,77885.59425,0.171246,2617
5/8/2018,2271158709,291724072.5,2262,8700995237,0.335595,142455008,401.571704,5058,94306.17823,0.171246,3077
5/9/2018,1105607207,504329837.9,2217,8515124069,0.328426,178122000,391.929437,4670,75059.09894,0.171246,2781
5/10/2018,550338942.4,266620133.1,2144,8397233679,0.323879,122958000,379.021828,4808,111026.2221,0.171246,2800
5/11/2018,581317647,307442911.6,2693,7695076755,0.296797,348752000,477.600684,5786,120043.7954,0.171246,3669
5/12/2018,1242726717,156184898.9,2040,6809719150,0.262649,255480992,360.749129,4396,74072.60802,0.171246,2688
5/13/2018,826577484.9,158480211.8,1822,7042829441,0.27164,179522000,322.548538,4142,77876.59178,0.171246,2397
5/14/2018,1045632020,196789360.2,1957,7411304967,0.285852,161643008,344.873239,4371,43200.24064,0.171246,2431
5/15/2018,701693961.8,175922322,1879,7110991710,0.274269,97408800,332.884993,4342,61411.67972,0.171246,2607
5/16/2018,387247690.4,140629955.3,1569,6717237289,0.259082,108749000,277.375729,3683,57388.65806,0.171246,2193
5/17/2018,423279850.9,175247843.9,1655,6672383458,0.257352,83683800,292.941887,3810,64435.84098,0.171246,2253
5/18/2018,284719378.4,145901722.1,1720,6295507560,0.242816,79212200,304.584066,4001,51536.50392,0.171246,2345
5/19/2018,180414074.5,125802438.4,1361,6383218840,0.246199,57778000,239.71478,3134,56469.41155,0.171246,1790
5/20/2018,334058872.3,151471999.5,1725,6303985712,0.243143,101310000,308.142522,3746,48690.54512,0.171246,2318
5/21/2018,336051971.8,176662603.1,1615,6640700577,0.25613,85090304,286.479748,3559,45981.27486,0.171246,2197
5/22/2018,263117186.3,132435699.7,1621,6466133611,0.249397,78363296,287.836746,3816,48632.44405,0.171246,2256
5/23/2018,402011340.1,146958460.1,2135,5817853139,0.224393,124268000,378.31317,4864,72544.0851,0.171246,3131
5/24/2018,346587152.8,129268986.9,1957,5271595690,0.203324,127678000,346.39657,4224,55894.55003,0.171246,2908
5/25/2018,334005199.4,96730261.43,2509,5420313367,0.20906,83368000,438.484732,4491,14019.7003,0.17107,3179
5/26/2018,243206146.9,84050142.25,1374,5179217537,0.199761,60616400,242.227355,3110,68269.24102,0.171246,1857
5/27/2018,283839937.1,88420190.72,1541,5090884008,0.196354,58991000,271.776996,3578,23346.16418,0.17107,2140
5/28/2018,294040744.1,120542671.5,2026,5021969855,0.193696,95106200,357.224125,4345,44111.61559,0.171246,2689
5/29/2018,328689366.5,106280751.9,2409,4549552703,0.175475,185184000,428.945743,5284,35395.84995,0.171246,3341
5/30/2018,251491787.5,128399168,2109,5280955363,0.203685,222612000,373.264661,4699,31057.3251,0.171246,3163
5/31/2018,480740986.2,309154496.7,2459,5454874152,0.210393,202076000,440.339412,5437,32288.375,0.171246,3360
6/1/2018,420984542.2,169313382.5,1841,5821482929,0.224533,130538000,324.428248,3846,13341.37631,0.17107,2516
6/2/2018,464255669.3,144110662.4,1587,5773984535,0.222701,116435000,279.189809,3461,32850.2814,0.171246,2168
6/3/2018,360149731,138432893.6,1853,5903593962,0.2277,117208000,326.765688,4022,23391.1543,0.171246,2503
6/4/2018,361898991.9,121008152.4,1846,5915390779,0.228155,115605000,328.994612,3884,21629.41787,0.171246,2417
6/5/2018,308191242.6,117392982.7,1652,5554797081,0.214247,119846000,291.371946,3682,21423.94726,0.171246,2264
6/6/2018,243915928.5,142977378.2,1572,5718604314,0.220565,84766304,278.50967,3802,21992.93651,0.171246,2085
6/7/2018,268574064.1,98711682.53,1526,5602969579,0.216105,76949400,269.038094,3286,30335.43359,0.171246,1976
6/8/2018,138288982.5,79987325.36,998,5466230209,0.210831,68728600,174.581022,2320,56309.06911,0.171246,1198
6/9/2018,113524624.5,71773067.82,809,5321790499,0.20526,51481400,141.294532,2124,75136.22595,0.171246,1007
6/10/2018,344459821.2,187634468.4,1347,5224745474,0.201517,137836000,236.030226,3497,90922.22211,0.171246,2025
6/11/2018,503604227.4,112848089.6,1405,4569957307,0.176262,89350704,257.601958,4504,79317.86985,0.171246,2083
6/12/2018,376920443,118407402.5,1593,4701822388,0.181348,82885904,283.965219,3911,66126.21407,0.171246,2130
6/13/2018,291463393.4,96569035.84,1620,4307419791,0.166136,99731600,284.646707,3515,63603.87717,0.171246,2229
6/14/2018,16145806810,495550848.5,2931,4154813054,0.16025,199562000,520.704644,7256,129001.206,0.171246,3635
6/15/2018,3262095102,496421900.3,1388,4465108234,0.172218,73950496,256.604571,3572,81308.52351,0.171246,1692
6/16/2018,8531444241,255197727.2,1130,4219397386,0.162741,42213400,197.948415,2528,58804.79885,0.171246,1408
6/17/2018,8875408193,146118746.2,1041,4229664506,0.163137,35748800,182.180846,2312,56620.26578,0.171246,1194
6/18/2018,6486575079,198478581.2,1128,4177421459,0.161122,55507800,203.135042,2818,51853.53568,0.171246,1330
6/19/2018,12913460475,162194442.6,1395,4270240372,0.164702,69854400,254.703605,3954,67787.73982,0.171246,1702
6/20/2018,8657270257,308713694.8,1356,4324142751,0.166781,83625600,237.136429,2749,66712.41136,0.171246,1659
6/21/2018,11213024479,118579459.7,1303,4201507708,0.162051,41237700,228.910986,2896,46300.08193,0.171246,1639
6/22/2018,10925246872,201984511.6,1386,4108403597,0.15846,79062000,244.538466,3060,53638.2213,0.171246,1960
6/23/2018,10402380673,151701717.4,1230,3638449517,0.140334,38721800,215.692269,2739,56120.22022,0.171246,1597
6/24/2018,11299206185,162665736.8,1456,3587139845,0.138355,73037504,257.771074,3438,43556.2461,0.171246,2033
6/25/2018,12191667964,147645962.1,1642,3430695901,0.132321,57752100,287.838514,3705,52442.40341,0.171246,2186
6/26/2018,8765003909,88131495.83,926,3516307088,0.135623,32927500,162.680764,2131,59933.36018,0.171246,1159
6/27/2018,9274808072,211672284.8,1297,3281096704,0.126551,37072400,250.328231,4750,67623.62855,0.171246,1621
6/28/2018,8267421002,121238116.4,1347,3302927297,0.127393,42250100,236.537181,2830,66549.06742,0.171246,1632
6/29/2018,9283712020,88927833.05,1620,3095614441,0.119397,65802200,285.236079,3376,61250.25001,0.171246,2052
6/30/2018,7569799604,69501893.05,1613,3267744262,0.126036,104599000,283.43271,3261,29474.98424,0.171246,1975
7/1/2018,7710710153,70175815.49,1554,3584780481,0.138264,108733000,274.435753,3266,35503.1465,0.171246,1843
7/2/2018,10384318831,173725360.6,1981,3696966915,0.142591,161860000,349.687054,3959,37611.77279,0.171246,2521
7/3/2018,9771303863,297757146.6,1503,4110011076,0.158522,108280000,264.057977,3287,60759.87028,0.171246,2031
7/4/2018,7225957432,285001488.6,1395,3894245994,0.1502,86594896,246.423366,3104,35950.01113,0.171246,1816
7/5/2018,6432614780,178237796.2,1356,3930466113,0.151597,73881296,240.781808,3074,31849.30129,0.171246,1826
7/6/2018,5096595993,143237721.9,1153,3856625815,0.148749,69138800,203.920755,2643,66135.09514,0.171246,1511
7/7/2018,4131508611,128439230.3,962,3792015556,0.146257,47965500,168.882984,2090,52007.99465,0.171246,1183
7/8/2018,4906472008,132364631.4,1200,3887842008,0.149953,48142400,211.437279,2483,24630.80389,0.171246,1373
7/9/2018,4785735919,236732457.6,1158,3768370067,0.145345,42768500,202.939427,2466,40315.92757,0.171246,1341
7/10/2018,5063530311,150990509.5,1170,3622763639,0.139729,62318800,205.524506,2505,36713.83312,0.171246,1479
7/11/2018,3890306374,119740117,1202,3339432613,0.128801,50179700,210.198489,2519,28506.90898,0.171246,1433
7/12/2018,4259464506,90178360.3,1168,3410965400,0.13156,37623900,205.485904,2411,27289.20623,0.171246,1350
7/13/2018,5474997635,80283642,1386,3300490152,0.127299,92778496,245.015643,2781,28242.02424,0.171246,1775
7/14/2018,4520748013,238812183.8,1199,3587399115,0.138365,55022100,210.438873,2523,37061.51309,0.171246,1542
7/15/2018,4092822386,211055160,1029,3552760549,0.137029,50143900,180.988343,2298,37032.19238,0.171246,1292
7/16/2018,6116539297,195576056.7,1601,3688825815,0.142277,90578096,281.404459,3205,20840.23881,0.171246,1971
7/17/2018,7053011389,221812024.6,1755,4016492132,0.154915,133441000,314.479817,4051,27524.70292,0.171246,2212
7/18/2018,7716161462,207886599.1,2243,4415354186,0.170299,323366016,400.82872,4713,22454.09349,0.171246,3075
7/19/2018,2492275418,342571347.1,1509,4640582647,0.178986,216980992,267.78309,3460,23089.1634,0.171246,2011
7/20/2018,5887756945,320788541.7,1938,4664098501,0.179893,215667008,341.137997,3682,68250.09802,0.171246,2538
7/21/2018,4384503168,285814013.9,1483,4200029865,0.161994,125996000,259.206499,2697,51934.80752,0.171246,1732
7/22/2018,3484863023,215704658.3,1573,4248772757,0.163874,139332992,276.292942,3062,23502.83223,0.171246,1865
7/23/2018,3266780691,238011986.4,2265,4395312560,0.169526,147071008,399.012751,4144,30422.08306,0.171246,2712
7/24/2018,3165182320,223495957.8,1993,4271121892,0.164736,191390000,356.762248,4139,42933.43066,0.171246,2425
7/25/2018,2377040138,201231139.1,1876,4468789878,0.17236,123649000,330.611046,3569,39519.05615,0.171246,2190
7/26/2018,1734595989,240287405.5,1580,4470241794,0.172416,84282200,277.468714,3031,76810.71301,0.171246,1840
7/27/2018,1043441413,160511190.9,1268,4263706750,0.16445,103693000,226.348262,2789,50865.68903,0.171246,1567
7/28/2018,877754776.3,147773796.4,907,4309805082,0.166228,51592200,161.54782,2383,66217.28482,0.171246,1189
7/29/2018,853739190.5,165674668,951,4256265681,0.164163,47319500,166.94181,2252,186491.7236,0.171246,1188
7/30/2018,512414255.4,158067925.1,937,4232179432,0.163234,69612600,166.012038,2209,40805.25498,0.171246,1249
7/31/2018,911097169,176603711,1241,3994505977,0.154067,93183800,220.390264,2898,60581.25046,0.171246,1765
8/1/2018,1082030830,165977256.6,1144,3709800815,0.143086,79987900,200.277117,2506,88599.81107,0.171246,1530
8/2/2018,784374575.8,171848507.6,1223,3663909900,0.141316,68531400,216.03565,2883,54592.6682,0.171246,1768
8/3/2018,871186814.8,107420409.4,1219,3407231902,0.131416,77768900,212.54969,2738,49816.99295,0.171246,1620
8/4/2018,507496546.1,158153283.5,1007,3390508941,0.130771,54577300,177.672706,2252,48835.43957,0.171246,1274
8/5/2018,333270141,145776033.3,756,3300308663,0.127292,43901500,132.955684,1664,31858.63996,0.171246,920
8/6/2018,360107688.1,134384313.3,937,3394346148,0.130919,57534800,164.448941,2148,15922.68352,0.171246,1145
8/7/2018,263773855,57022820.63,637,3394449856,0.130923,57321700,112.899884,1440,12779.76567,0.171246,692
8/8/2018,330576208.1,63301073.43,935,3256284497,0.125594,82209700,168.454377,2441,25118.77853,0.171246,1517
8/9/2018,443551115.5,65914378.31,1307,2968831066,0.114507,93016600,232.979101,3110,13740.82039,0.171246,1760
8/10/2018,322659829.6,141200158.9,1176,3217316110,0.124091,71125700,208.344849,2474,19643.77149,0.171246,1510
8/11/2018,2247788511,212470725.2,1366,3019051801,0.116444,65816400,241.698203,2965,40204.51299,0.171246,1823
8/12/2018,2091873751,61181402.46,1009,2916717655,0.112497,35031500,176.838059,2236,38331.77018,0.171246,1238
8/13/2018,2330095992,126845973.7,1326,2934503625,0.113183,56974900,234.865256,2810,37971.81948,0.171246,1770
8/14/2018,2847131344,110955885.6,2078,2664749938,0.102779,111693000,369.165319,4376,33625.31385,0.171246,2924
8/15/2018,1956046017,88132911.83,1739,2475760459,0.095489,91346700,307.920352,3817,21095.18677,0.171246,2331
8/16/2018,1313856077,78708025.86,1255,2463971394,0.095035,50188900,221.427368,2507,26555.01785,0.171246,1576
8/17/2018,1327689770,161346807.3,1527,2480753963,0.095682,103569000,269.612322,2979,26581.25644,0.171246,1883
8/18/2018,767416315.7,95996409.37,1361,2848025188,0.109847,101454000,243.85841,3122,34961.31046,0.171246,1738
8/19/2018,539498760.6,43993122.15,1004,2586069724,0.099744,51106900,176.571576,2182,31275.71149,0.171246,1194
8/20/2018,498829707.1,50248932.63,1136,2650850164,0.102243,53939600,200.204739,2458,26428.96446,0.171246,1443
8/21/2018,355496502.6,46968941.35,1234,2415401988,0.093161,49545100,217.912002,2657,19997.14852,0.171246,1616
8/22/2018,1251396814,137377815.5,1217,2463481069,0.095016,64566000,251.935262,4722,25240.77509,0.171246,1935
8/23/2018,1216310709,144912233.4,1275,2338756457,0.090205,37397400,226.729044,2766,58633.23586,0.171246,1678
8/24/2018,723626948.4,159961346.4,1130,2407232467,0.092846,35302400,199.924283,2405,86171.447,0.171246,1356
8/25/2018,338758047.4,91714803.33,991,2445057574,0.094305,30674700,176.494551,2122,19499.76919,0.171246,1244
8/26/2018,295702452.3,62539857.33,975,2443929668,0.094262,26907400,172.089641,2094,30926.78051,0.171246,1199
8/27/2018,573630176.2,179645725,1535,2415832578,0.093178,55515600,272.532834,3038,37451.59626,0.171246,1782
8/28/2018,325802979.2,135538358.3,1644,2607355848,0.100565,79059500,293.403522,3372,43219.28542,0.171246,2114
8/29/2018,490011452.5,355898029.3,1654,2738183847,0.105611,83582300,488.489323,5677,28522.78277,0.171246,2052
8/30/2018,201162647.5,70450348.66,1332,2727657456,0.105205,64807500,239.489313,2724,22714.54879,0.171246,1708
8/31/2018,336342547.3,44429639.71,1299,2616093272,0.100902,42250400,230.775558,2572,30698.57897,0.171246,1620
9/1/2018,170096504.2,81409154.94,1427,2641372165,0.101877,70208900,253.283539,2780,38370.73497,0.171246,1756
9/2/2018,101546606.2,50085037.19,1166,2771681621,0.106903,58391900,207.657124,2361,29822.6707,0.171246,1457
9/3/2018,156931204.3,59627868.98,1148,2713267932,0.10465,53687200,203.215843,2471,29407.09244,0.171246,1381
9/4/2018,437490398.5,54376433.22,1257,2683036967,0.103484,54317400,221.95193,2605,38410.26526,0.171246,1616
9/5/2018,157589953.2,70525314.07,1658,2729277401,0.105267,98708900,300.311392,3425,21053.1706,0.171246,2449
9/6/2018,164357374.5,57919104.33,1582,2269264290,0.087525,73239200,286.507262,3305,17504.80927,0.171246,2204
9/7/2018,102252914.3,50979376.64,1318,2295090211,0.088521,41868100,236.143608,2737,15028.97507,0.171246,1745
9/8/2018,79629738.65,43085001.26,1220,2180976810,0.08412,35208700,218.075209,2568,15674.5685,0.171246,1586
9/9/2018,76197445.65,37483011.6,1290,2033797194,0.078443,47870100,229.759231,2780,25037.47239,0.171246,1621
9/10/2018,164435792.2,79765430.02,1391,2003563504,0.077277,44682000,248.210997,3037,32021.23082,0.171246,1901
9/11/2018,161541704.3,50523665,1487,1923272821,0.07418,47614500,265.784927,3400,33700.93631,0.171246,2053
9/12/2018,473090773.4,98881404.22,1903,1835470031,0.070794,91272400,341.823732,4000,53099.04825,0.171246,2854
9/13/2018,189678423.1,72220238,1545,1738480391,0.067053,86011700,274.894609,3166,28562.15948,0.171246,2115
9/14/2018,148840186.5,44815731.72,1343,1817337407,0.070094,62256800,237.888493,2793,30199.60466,0.171246,1778
9/15/2018,96367933.67,30504634.52,1111,1761168966,0.067928,34842300,196.918229,2297,35244.83227,0.171246,1398
9/16/2018,97045889.7,62020240.25,1144,1792947523,0.069153,32643600,202.109274,2335,21449.83577,0.171246,1458
9/17/2018,99112216.56,40204781.58,1262,1811109585,0.069854,48609600,224.766012,2715,19791.99532,0.171246,1600
9/18/2018,321395585.8,42486639.58,1434,1648141515,0.063568,67159000,255.228261,3062,30348.05511,0.171246,1906
9/19/2018,149569787.5,44051338.57,1533,1792729770,0.069145,96071300,271.276423,2964,26518.94479,0.171246,1883
9/20/2018,111413705.6,57057696.11,1577,1878140281,0.072439,103788000,294.376623,3809,15225.13793,0.171246,2068
9/21/2018,91173766.62,48721618.36,1934,2120256713,0.081778,212274000,349.199022,4187,16392.3865,0.171246,2689
9/22/2018,107948760.6,46809976.4,1374,2272753344,0.08766,82526800,243.839127,3002,36083.07367,0.171246,1846
9/23/2018,156576131.7,45427868.17,1669,2164611324,0.083488,149996000,299.940324,3544,32014.65608,0.171246,2234
9/24/2018,183132858.6,76482323.88,1357,2325776620,0.089705,89522100,240.70539,2848,34323.92551,0.171246,1903
9/25/2018,109831665.1,41342483.97,1572,2133862519,0.082303,87535200,279.233923,3258,25415.25778,0.171246,2222
9/26/2018,85360340.38,54725109.55,1708,2099885297,0.080992,64321400,304.818782,3660,17076.80501,0.171246,2156
9/27/2018,206107055.7,35030305.45,1510,2060330170,0.079466,101911000,269.665389,3166,28242.67566,0.171246,1917
9/28/2018,261999768.5,76806067.14,1797,2240190005,0.086403,89113600,321.73546,4118,28099.95103,0.171246,2967
9/29/2018,217768598,63715416.56,1369,2170404363,0.083712,55854000,243.549748,2979,26604.17333,0.171246,1880
9/30/2018,112235764.9,43928539.53,1390,2187420222,0.084368,49853100,246.419533,3072,24935.51696,0.171246,1874
10/1/2018,113652456.1,31772442.94,1478,2211379554,0.085292,42076400,262.459856,3305,9089.159077,0.171246,1940
10/2/2018,92141665.22,35775315.36,1409,2193541850,0.084604,34775200,252.567675,3506,15171.86507,0.171246,1962
10/3/2018,231580768.4,30659769.46,1424,2126841553,0.082032,38063700,252.746246,3239,19919.56087,0.171246,1938
10/4/2018,347463559.4,89071668.3,1195,2095376564,0.080818,31665100,211.29226,2555,32362.56695,0.171246,1539
10/5/2018,172130401.2,53982351.87,1188,2109965843,0.081381,31160900,209.21585,2516,34114.18575,0.171246,1528
10/6/2018,114312007.7,39123890.25,1114,2159958320,0.083309,26277600,196.732398,2559,34711.46332,0.171246,1433
10/7/2018,109678305.7,34019944.73,1018,2111871088,0.081454,34848400,180.184217,2366,23531.64758,0.171246,1229
10/8/2018,601715755.5,70038200.21,1504,2191646261,0.084531,62079800,271.171577,3373,14141.33053,0.171246,1919
10/9/2018,826620301.2,64337917.12,1264,2249764481,0.086773,38710200,223.830177,2855,18596.07348,0.171246,1627
10/10/2018,329566318.8,78130198.37,1057,2238659687,0.086345,35888200,187.92636,2250,10038.93218,0.171246,1327
10/11/2018,218081085.5,56521221.74,1301,2191494905,0.084525,72659700,233.055043,2937,11467.78858,0.171246,1968
10/12/2018,134749390.7,53120387.37,1132,1823681724,0.070339,40979000,204.244636,2461,11906.95564,0.171246,1521
10/13/2018,76313464.51,30761307.49,961,1883254318,0.072637,23571900,171.404842,2173,7194.972959,0.171246,1283
10/14/2018,80904194.09,41052624.13,923,1894306897,0.073063,26250600,164.819684,2018,12851.41601,0.171246,1301
10/15/2018,383441358.4,45050387.31,1905,1826194257,0.070436,71953000,337.721038,3987,6595.557782,0.171246,2478
10/16/2018,630235789.7,46208922.55,1511,1939028636,0.074788,26555800,266.09206,3116,15461.63922,0.171246,1856
10/17/2018,536122901.3,61680854.28,1406,1966837734,0.07586,36907800,278.289788,4314,20942.78447,0.171246,1742
10/18/2018,308950607.5,79000363.61,1281,2010286693,0.077536,28634400,230.143132,2972,20151.48001,0.171246,1546
10/19/2018,339226732.3,47989342.42,1184,1945110945,0.075022,18153800,208.935096,2468,22779.37587,0.171246,1385
10/20/2018,137519708.2,36511305.79,1156,1964955675,0.075788,20363900,209.423295,2916,13019.83263,0.171246,1363
10/21/2018,129633592.9,38777152.84,1016,1978370332,0.076305,17620200,181.127767,2359,16775.43595,0.171246,1254
10/22/2018,174258352.5,61627035.47,1201,1964081894,0.075754,16871700,211.559856,2630,15601.51006,0.171246,1454
10/23/2018,126955022.6,43092775.09,1252,1966933911,0.075864,20710600,221.630584,2789,15299.16039,0.171246,1552
10/24/2018,130110369.8,40349304.86,1251,1934462778,0.074612,14151400,221.753562,2915,14922.60902,0.171246,1517
10/25/2018,171835157.4,60815759.2,1231,1926101359,0.074289,12567300,218.80082,2784,14735.47265,0.171246,1491
10/26/2018,207252955.7,48507087.29,1264,1912061816,0.073748,13464800,224.732386,2524,13361.54704,0.171246,2420
10/27/2018,134276732,51081672.27,1149,1910482805,0.073687,10316000,200.622482,2384,14800.0382,0.171246,1402
10/28/2018,82794495.09,34264720.97,1079,1893464313,0.07303,11226100,190.139883,2368,13588.28614,0.171246,1337
10/29/2018,105922889.1,50565836.73,1222,1893762367,0.073042,21315700,214.988102,2715,16190.77618,0.171246,1583
10/30/2018,86331863,36556004.2,1212,1805361552,0.069632,11418800,215.031722,2669,13092.49102,0.171246,1543
10/31/2018,153694913.8,45376815.78,1240,1807705359,0.069723,16366000,227.713074,2891,13944.60059,0.171246,1517
11/1/2018,172413597.6,61719996.02,1150,1807075162,0.069698,11256600,220.991812,2619,13768.91154,0.171246,1376
11/2/2018,342298403.5,116877196.8,1287,1835994515,0.070814,18823400,226.643836,2772,20607.69575,0.171246,1584
11/3/2018,265577850.5,55578691.4,1038,1881288902,0.072561,14948900,182.59823,2230,17580.94212,0.171246,1273
11/4/2018,294464491.9,102301689.6,1371,1853585422,0.071492,52924200,244.930002,3024,21447.60972,0.171246,1765
11/5/2018,188044068,69684899.14,1391,1969453964,0.075961,34358100,245.736119,2982,30276.95218,0.171246,1759
11/6/2018,153554871,73623860.61,1726,1966090124,0.076337,49473200,306.249235,3780,12477.70409,0.171246,2227
11/7/2018,142103626.7,59018900.4,1508,2100603231,0.08102,36852900,269.266076,3235,17040.75889,0.171246,1930
11/8/2018,99373752.52,56377962.53,1407,2032454301,0.078391,32149600,249.303233,3013,15319.62616,0.171246,1755
11/9/2018,765397600.2,279609647.2,1196,1978871062,0.076324,23756800,214.219594,2683,20790.7697,0.171246,1550
11/10/2018,40615984.66,26437293.38,1016,1922922815,0.074167,15012100,178.648171,2302,14169.54944,0.171246,1301
11/11/2018,55007581.93,34358131.65,1189,1948779782,0.075164,23663500,209.860438,2610,14040.21595,0.171246,1441
11/12/2018,168117912,44356383.63,1271,1991673566,0.076818,20975100,232.019811,2829,14746.20058,0.171246,1601
11/13/2018,66033721.03,34330437.47,1077,1967434586,0.075883,20329300,189.965251,2385,16101.87934,0.171246,1387
11/14/2018,920346998.7,86884775.9,1543,1904043447,0.073439,54964400,274.078162,3489,15574.22838,0.171246,2244
11/15/2018,772412883.8,93240167.92,1680,1681292743,0.064847,60267800,300.405697,3716,12060.8556,0.171246,2506
11/16/2018,520779484,41778562.04,1575,1639687839,0.063242,27544700,278.260542,3316,6168.795073,0.171246,2028
11/17/2018,304771738.3,29225554.75,973,1583171827,0.061062,17926300,174.381742,2369,11612.41934,0.171246,1217
11/18/2018,1241329.788,1234324.062,164,1576438578,0.060803,16669400,28.887637,409,912.0313114,0.17107,166
11/19/2018,88631801.4,42067824.04,473,1604948185,0.061903,53737000,83.917526,1064,3713.469292,0.171246,452
11/20/2018,469056950.9,51100667.93,1271,1365261582,0.052658,65556800,221.065904,2672,22233.78396,0.171246,1450
11/21/2018,165214483.5,51063322.37,772,1170578858,0.045149,33938000,134.825426,1667,24525.60824,0.171246,792
11/22/2018,104691836,23734452.29,666,1241509357,0.047885,18689900,117.349274,1378,12337.35821,0.171246,671
11/23/2018,136136296.5,18170382.09,705,1142403845,0.044062,24258500,123.892413,1427,18005.25976,0.171246,739
11/24/2018,146697148.3,48967677.46,708,1125741694,0.04342,25740400,126.786607,1457,31288.37554,0.171246,763
11/25/2018,87963230.96,27909319.23,1288,1001518845,0.038628,40704000,229.295159,3373,13278.8133,0.171246,2236
11/26/2018,90764815.17,54871959.2,1532,979032110.9,0.037761,31641100,271.660876,3692,6252.952159,0.171246,2432
11/27/2018,73876425.97,24099246.13,1399,925132268.6,0.035682,17966300,247.490661,3276,5511.783498,0.171246,2043
11/28/2018,63047348.15,25087675.22,1628,946588334.4,0.03651,47624500,288.88046,3746,6905.618838,0.171246,2548
11/29/2018,46656384.93,28213040.66,1565,1095904761,0.042269,39544072,280.845615,3958,5063.446258,0.171246,2558
11/30/2018,35919327.18,25189344.75,1386,1088521311,0.041984,28861639,244.327828,3131,4386.276974,0.171246,2084
12/1/2018,62986922.93,54179377.79,1093,1010933776,0.038991,19314340,194.080328,2709,8900.239707,0.171246,1596
12/2/2018,19111465.75,12339769.72,1094,1072080721,0.04135,23206023,192.354387,2474,4140.454915,0.171246,1405
12/3/2018,43771885.04,26762606.77,963,1085670129,0.041874,21282053,169.818563,2147,11919.15693,0.171246,1138
12/4/2018,30071460.3,19706910.15,1336,999679375.9,0.038557,23563420,246.789693,3461,9264.196721,0.171246,1846
12/5/2018,42888648.47,21995005.11,1580,976395937.5,0.037659,26250706,286.628371,3546,5093.097636,0.171246,2145
12/6/2018,37774794.5,27786417.97,2948,889757383.9,0.034318,27195357,867.175017,5618,3535.964558,0.218466,3513
12/7/2018,30724115.62,16983380.86,1692,798469843.6,0.030797,31750703,299.345256,3874,9265.682632,0.171246,2525
12/8/2018,12681838.51,9201808.23,1166,772941887.9,0.029812,19987029,205.661735,2782,10792.45993,0.171246,1583
12/9/2018,9717656.936,8128916.683,1186,794472841.6,0.030643,16588924,208.837645,2917,6826.673768,0.171246,1534
12/10/2018,27310655.18,12493483.71,1052,820665217.2,0.031653,12553718,186.019029,2596,11625.88243,0.171246,1372
12/11/2018,33858791.46,11308081.2,1141,780839885.8,0.030117,10444631,200.515137,2582,9035.094626,0.171246,1453
12/12/2018,40765265.5,19674640.27,1342,763262438.9,0.029439,11071814,234.857498,2972,6840.863073,0.171246,1603
12/13/2018,1735726775,49458596.63,1502,794282430.4,0.030635,11234575,318.224429,6707,7175.987469,0.171246,1811
12/14/2018,2232924941,10232963.93,1328,757978188.3,0.029235,9205271,239.854396,3410,11364.54646,0.171246,1721
12/15/2018,1886300008,6196103.586,1184,736187775,0.028395,8387951,209.821137,2726,10014.46966,0.171246,1532
12/16/2018,1772214663,7039370.085,1270,731226117.6,0.028203,10366601,230.262683,3421,7810.348695,0.171246,1597
12/17/2018,1747882629,15027015.07,1637,756424357.2,0.029175,37555983,291.00049,3571,5394.647697,0.171246,2067
12/18/2018,1550932763,11398370.3,1555,850926661.9,0.03282,78783798,278.684583,3563,6925.927719,0.171246,2036
12/19/2018,1380449296,22183968.43,1955,903897623.2,0.034863,43168563,357.439328,4770,5846.572699,0.171246,2648
12/20/2018,982193280.9,13654973.82,1841,887010739.9,0.034212,43040801,330.528099,4120,10325.61371,0.171246,2414
12/21/2018,569910039.2,40430259.98,2429,1013210938,0.039079,93581789,441.619597,5601,9461.034789,0.171661,3451
12/22/2018,241712928.9,59550732.11,1606,1054144080,0.040658,31227246,291.667761,3763,10739.88051,0.171246,1980
12/23/2018,229114765.9,71300877.3,1697,1094207292,0.042203,40656190,304.737267,3912,11381.8019,0.171246,2182
12/24/2018,207575175.1,66861987.07,2018,1148216556,0.044286,57936798,365.689696,4542,13246.81777,0.171246,2648
12/25/2018,139835037.5,55375483.56,1455,1184225917,0.045675,38493644,260.203942,3174,16562.45597,0.171661,1921
12/26/2018,106659085.8,51680011.44,1659,1078655110,0.041603,27218409,292.814344,3631,5570.007163,0.172081,2040
12/27/2018,77299557.42,38252984.4,1711,1068845794,0.041225,22969395,332.338578,3698,7498.490591,0.171246,2136
12/28/2018,66486549.57,37864226.44,1585,959733211.9,0.037017,26948333,282.996847,3641,9333.644865,0.171661,2020
12/29/2018,59232573.13,33112968.47,1402,1085656812,0.041873,30992034,255.028836,3146,10131.5029,0.171661,1894
12/30/2018,93520755.56,46793321,1371,1078481486,0.041597,27767174,244.064325,3116,15517.70102,0.171246,1792
12/31/2018,55470307.5,36400937.38,1204,1120877535,0.043232,19280457,215.677762,3012,16068.63521,0.171642,1650
1/1/2019,43014262.69,28402519.63,1513,1062589847,0.040984,14962902,266.688569,3290,2477.667566,0.171246,1885
1/2/2019,47302641.78,31447745.49,1813,1103675589,0.042568,24151526,325.518801,4374,9620.360722,0.171246,2375
1/3/2019,40673506.07,30149280.1,1483,1169455327,0.045106,21126963,265.336026,3494,7524.70778,0.171246,1933
1/4/2019,33867926.1,24789497.74,1440,1105240006,0.042629,16024029,256.416916,3216,7522.190495,0.171246,1692
1/5/2019,31820347.04,22923074.32,1451,1131959423,0.043659,25100965,260.742861,3478,5753.148473,0.171246,1703
1/6/2019,49586842.59,30364560.45,1766,1159164828,0.044709,51366407,322.617747,4602,5732.093817,0.172081,2232
1/7/2019,74327383.61,34814829.36,1798,1277320924,0.049266,45688431,325.459013,4059,14010.07083,0.171246,2332
1/8/2019,76393614.09,32134450.17,1695,1248133470,0.04814,34626383,307.609165,3654,10525.06439,0.171246,2113
1/9/2019,73623982.16,38192074.87,1926,1259209215,0.048567,55364234,349.403889,4322,8189.320507,0.171246,2487
1/10/2019,103357653.5,46479106.52,2491,1349485264,0.052049,91162431,450.945197,5475,8848.321087,0.171246,3381
1/11/2019,45420011.32,22927533.73,1779,1149144541,0.044322,35963011,319.646423,3821,8368.879733,0.171246,2275
1/12/2019,26873913.75,20636773.04,1352,1144791462,0.044154,18224445,256.627416,3145,7240.355232,0.171246,1671
1/13/2019,24222094.88,16894685.89,1365,1135913978,0.043812,21758341,529.173671,3405,12723.95997,0.171246,1746
1/14/2019,23719141.25,15502261.3,1379,1043529080,0.040249,30269131,250.326674,2903,10682.97532,0.171246,1671
1/15/2019,36203232.55,16755429.21,1415,1144865587,0.044157,24504027,258.08522,3366,10244.01992,0.171661,1682
1/16/2019,176290494,47519592.78,1527,1108840465,0.042768,35481507,276.744237,3445,9677.986538,0.171817,1891
1/17/2019,53848045.74,31914402.72,1409,1163297173,0.044868,38222964,256.681946,3148,5260.806912,0.171817,1732
1/18/2019,245165395.4,89548676.31,2270,1174700035,0.045308,18937100,418.469703,6033,15927.68702,0.171246,2617
1/19/2019,69717919.58,38821506.62,1459,1147929473,0.044275,23657402,262.749766,3319,14096.98596,0.171246,1824
1/20/2019,43140714.97,29936490.48,1555,1184187962,0.045674,26755022,282.535832,3347,11035.09464,0.171246,1846
1/21/2019,40871357.05,33380450.61,1455,1128891762,0.043541,16583935,261.784121,3112,11758.64906,0.171246,1717
1/22/2019,37257504.5,27373637.11,1483,1111974635,0.042889,22963399,264.530329,3205,11550.01685,0.171246,1740
1/23/2019,136794304.3,55084815.36,1285,1129075538,0.043548,15241102,227.638771,2859,9579.686076,0.171246,1496
1/24/2019,65660531.67,57427663.38,1364,1113218391,0.042937,12440167,246.427662,3068,8812.102309,0.171767,1514
1/25/2019,38536414.99,23072057.26,1321,1117376455,0.043097,12663796,235.707502,3091,8814.586185,0.171246,1499
1/26/2019,22203525.15,16463595.41,1158,1106742020,0.042687,13550564,207.070994,2647,8898.083742,0.171246,1387
1/27/2019,23659944.3,16875810.87,1356,1106202438,0.042666,20835107,245.57477,3104,10309.09794,0.171661,1701
1/28/2019,36593556.73,26884844.96,2116,1066560928,0.041137,30041137,380.317643,4788,8260.498141,0.172081,2633
1/29/2019,144236337.1,23760738.89,1567,1003704312,0.038713,19526240,281.861827,3619,7742.554664,0.171642,1895
1/30/2019,288341166.7,27740771.47,1648,989806735.2,0.038177,26151501,299.282496,3693,11829.23981,0.171246,2075
1/31/2019,202934229.7,20509924.33,1534,1029279946,0.039699,22222102,277.97198,3623,8753.08676,0.171246,1905
2/1/2019,113524028.3,17519539.03,1382,996671815,0.038441,18778624,249.340464,3303,7085.03618,0.171246,1756
2/2/2019,75097972.78,9661494.97,971,1000744936,0.038598,12312317,177.796259,2344,9610.895351,0.172081,1146
2/3/2019,72430267.92,16809254.36,1051,1017878711,0.039259,12940762,189.543484,2470,11777.69329,0.171949,1301
2/4/2019,55769042.17,15867202.77,1453,988607552.1,0.03813,12233074,259.356204,3228,2272.781351,0.172081,1747
2/5/2019,45754410.7,19909207.35,1177,980669900.6,0.037824,13348305,214.417164,2757,8163.812469,0.171661,1402
2/6/2019,54736862.91,24930632.51,1241,985048980.5,0.037993,17351384,221.74522,2818,8514.286314,0.172081,1595
2/7/2019,31132447.35,13340677.57,1188,950259806.9,0.036651,12424740,212.765742,2738,7235.909186,0.172081,1425
2/8/2019,33497310.8,14496507.75,1514,943718616.5,0.036399,32705206,281.753518,3339,6500.975731,0.172081,1788
2/9/2019,35776296.57,17923946.83,1411,1057180311,0.040775,18529365,260.690555,3314,5295.807551,0.172081,1636
2/10/2019,26330863.79,13424770.79,1441,1064296976,0.04105,22634047,256.201512,3059,7172.93999,0.171661,1631
2/11/2019,33794411,18036282.94,1312,1108945741,0.042772,17847243,238.143681,3048,5515.554003,0.172081,1533
2/12/2019,40782143.95,19045112.01,1385,1080638980,0.04168,14893311,248.729732,3204,9076.263303,0.171661,1785
2/13/2019,30911260.76,14511398.43,1451,1082584034,0.041755,12736280,266.596022,3603,4438.71635,0.172081,1824
2/14/2019,45336368.34,10604863.24,1254,1066542407,0.041136,11428290,225.475987,2787,5809.094244,0.171661,1501
2/15/2019,43316357.55,14702094.38,1348,1050978408,0.040536,13336096,240.701472,2905,8524.427278,0.171246,1543
2/16/2019,30350746.32,12157620.98,1193,1053126896,0.040619,11097836,216.936798,2739,10134.57735,0.172081,1510
2/17/2019,15422185.61,9890953.722,1102,1063702147,0.041027,15275650,199.647217,2786,12356.58892,0.171246,1512
2/18/2019,44704750.78,16749641.69,1927,1075149991,0.041468,36845046,349.622079,4520,8110.704831,0.171817,2516
2/19/2019,56092464.18,29092378.51,2298,1184411764,0.045682,42563543,417.170494,5080,6329.619607,0.172081,2794
2/20/2019,42182356.27,17735444.72,1623,1197240540,0.046177,25594089,294.12472,3764,9130.917103,0.171661,2013
2/21/2019,48949671.87,26087117.42,1833,1233720793,0.047584,25111686,328.789594,4275,7361.955207,0.172257,2377
2/22/2019,40809357,15545759.28,1180,1167777409,0.045041,17691042,211.524667,2728,12736.92448,0.171642,1457
2/23/2019,20889111.38,11155807.8,1205,1192182988,0.045982,27665133,219.928361,2778,12154.52256,0.171661,1448
2/24/2019,57933426.2,17806870.85,1525,1263346237,0.048727,51650807,280.122268,3752,10189.77119,0.172081,2025
2/25/2019,33207379.5,21104958.26,1737,1093302570,0.042168,24692110,321.230291,4393,2446.784319,0.172081,2432
2/26/2019,19071161.5,14489689.72,1537,1139889616,0.043965,16641229,295.857705,4371,3341.331784,0.172257,2199
2/27/2019,62469603.91,48464134.79,1509,1123404179,0.043329,18346578,310.480111,5725,4332.9,0.172257,2392
2/28/2019,42842827.25,33582348.15,1432,1121227687,0.043245,14678619,273.747496,4437,2512.237322,0.172257,2256
3/1/2019,33329429.43,28445521.87,1319,1117778564,0.043112,12997144,250.410245,4153,2202.756086,0.172257,1977
3/2/2019,26078855.01,22811566.64,986,1120502182,0.043217,11304263,194.807875,3630,2434.769391,0.172433,1599
3/3/2019,28563795.68,26222095.79,821,1111044359,0.042853,11011517,162.195621,3253,3619.529332,0.173831,1440
3/4/2019,57536193.62,53977833.64,1566,1096793781,0.042303,18487838,346.997977,9303,2962.789072,0.172433,2277
3/5/2019,54795385.6,46403548.97,1534,1052606988,0.040599,20952204,330.792286,9299,4134.446879,0.172433,2334
3/6/2019,44920771.06,39487095.35,1485,1119666654,0.043185,15221353,302.634549,7219,4398.280114,0.172433,2223
3/7/2019,43214868.8,37799900.37,1461,1110975378,0.04285,17201356,300.674891,7261,3324.125747,0.172433,2178
3/8/2019,57266770.81,44534778.09,2078,1113611445,0.042952,20315017,414.918913,9209,4169.884757,0.172257,3043
3/9/2019,64969448.25,52921760.88,1880,1106720746,0.042686,52185658,392.466373,9437,4851.810895,0.172433,2627
3/10/2019,77316922.09,63344559.67,1601,1212199352,0.046754,27465022,333.292263,7949,5801.418352,0.172433,2641
3/11/2019,109863323.9,85614883.24,2298,1184794205,0.045697,54732770,459.813417,9035,4927.323733,0.172257,3361
3/12/2019,253609146.3,61453504.34,2240,1235809986,0.047665,35348849,433.919912,6695,4705.014687,0.172257,3001
3/13/2019,128684783.6,47467757.57,2235,1228050413,0.047366,29855262,467.091907,7384,3906.086322,0.172257,2839
3/14/2019,83412092.92,44971461.2,2039,1207565829,0.046575,26216581,389.938358,6241,3392.980782,0.172257,2608
3/15/2019,89754699.29,60189730.57,2622,1244137381,0.047986,42730118,502.284271,8504,5729.0521,0.172257,3902
3/16/2019,141472832.1,54387054.42,1985,1299249555,0.050112,44616837,387.435089,6415,7627.556231,0.172433,3148
3/17/2019,55563720.59,39177744.44,1534,1337827047,0.0516,28870445,300.680373,5661,7172.758348,0.172433,2668
3/18/2019,652285645.5,74817245.23,1790,1304418872,0.050311,37198857,347.272895,5891,4070.739471,0.172257,2778
3/19/2019,1009455848,47315933.81,2286,1308194858,0.050457,46089908,445.559768,7149,5046.121435,0.172257,3463
3/20/2019,1072164910,84218006.24,2308,1366854315,0.052719,47370106,445.445853,6939,5271.890981,0.172257,3578
3/21/2019,830395707.6,80463532.81,2759,1398939975,0.053957,66543590,543.244972,8994,5935.216043,0.172433,4242
3/22/2019,984505423.5,83209997.54,3231,1371708424,0.052906,119817467,643.044455,9965,6296.61606,0.172257,4941
3/23/2019,733947795.2,87753852.08,3107,1503579964,0.057993,137854804,654.353271,10523,6364.672783,0.172433,5145
3/24/2019,463258270.7,80204338.79,2481,1652141794,0.063723,102441666,514.190058,8067,8332.971341,0.172433,4222

