date,txVolume(USD),adjustedTxVolume(USD),txCount,marketcap(USD),price(USD),exchangeVolume(USD),generatedCoins,fees,activeAddresses,medianTxValue(USD),medianFee,averageDifficulty,paymentCount,blockSize,blockCount
10/1/2017,1427534571,452812541.3,283871,28619752597,301.55,306184992,15132.65625,358.6133294,125038,15.0775,0.00052952,2.87E+15,140609,62337326,2862
10/2/2017,2246460447,618604127.5,306095,28712379844,302.48,339443008,15089.21875,356.9305788,141142,18.32043623,0.000510074,2.86E+15,162201,60088903,2842
10/3/2017,6862782012,624533363.9,327906,28243047611,297.48,321680000,15178.4375,381.2463957,141951,16.34316833,0.000530658,2.84E+15,165204,59866739,2862
10/4/2017,4461723124,485628240.1,307399,27797990491,292.75,257906000,15318.4375,385.3871522,130082,16.58916764,0.000543125,2.90E+15,154060,58858940,2886
10/5/2017,2822916745,323388278.4,314808,27804873684,292.77,253747008,15477.03125,418.9830779,135769,14.6385,0.000489606,2.97E+15,156138,59840706,2946
10/6/2017,2843906828,390801225.4,319882,28034882208,295.15,318664000,15024.0625,437.2553311,133417,14.46760308,0.000590633,2.91E+15,158444,61677616,2848
10/7/2017,2365195120,301062068.1,291091,29345193755,308.89,342204992,15015.15625,316.2763451,128029,15.77231887,0.000505917,2.86E+15,151694,55983260,2848
10/8/2017,2733133215,404868854.3,296829,29555498406,311.06,293167008,15199.53125,357.3478003,129177,15.75420353,0.000508547,2.92E+15,147869,55131849,2879
10/9/2017,3318279368,543771227.9,328172,29333493363,308.67,559467008,15208.75,379.8447617,135660,6.1734,0.000525,2.93E+15,181336,56691093,2882
10/10/2017,3369423239,482258052.3,349605,28285911274,297.6,359705984,15484.375,417.7934975,154708,15.08017171,0.000481887,2.91E+15,188699,62493211,2915
10/11/2017,3036058717,444869428.4,344305,28630472484,301.18,264146000,15499.84375,938.4151008,156336,9.9901406,0.000507064,3.00E+15,191623,58432218,2915
10/12/2017,3427447939,579469209.7,363411,28855676367,303.5,527556992,15391.5625,421.9570344,154568,7.3978125,0.00051429,2.91E+15,191612,61275804,2899
10/13/2017,4458233763,879379767.8,379136,28915643520,304.08,1304359936,15433.4375,474.9040483,171227,29.86798053,0.000555746,3.03E+15,207120,63154808,2891
10/14/2017,3531949745,588370496,332169,32227275581,338.85,516561984,15321.5625,398.0496139,146063,18.77391654,0.000545939,2.92E+15,174770,57599755,2887
10/15/2017,3284888576,619039849,328921,32296953084,339.53,635406976,15577.03125,386.38893,140176,16.64634576,0.000511875,2.96E+15,173021,55607865,2925
10/16/2017,2607633881,425859291.2,408297,32035021227,336.71,692884992,16172.6875,337.1164751,144929,0,0.0004216,1.92E+15,168092,74203956,4554
10/17/2017,3932353138,839802225.3,505611,31734248140,333.48,509924000,20145,322.8472441,190126,0.064088186,0.00029372,1.43E+15,218963,87192710,6050
10/18/2017,4773993903,638146824,470449,30166457117,316.94,606113984,20379.65625,299.3709448,165859,0.031694,0.00031424,1.41E+15,199726,81248958,6221
10/19/2017,3997681050,408249799.3,494184,29944347702,314.54,349830016,20423.53125,283.9296249,157430,0,0.000235944,1.46E+15,190536,80998138,6241
10/20/2017,3614336570,485246458.2,546837,29332606724,308.05,396672992,20477.625,491.6724184,170756,0,0.000252,1.45E+15,195521,95137037,6237
10/21/2017,3262284920,400067607.9,462902,28912227855,303.57,408014016,20143.21875,230.0980114,161303,0,0.00021,1.47E+15,193385,74641698,6229
10/22/2017,2855073961,312614482.9,435493,28630624714,300.55,327387008,20382,196.1348006,187438,0.19872366,0.000168,1.48E+15,216273,68750015,6280
10/23/2017,3918052486,739905710.9,468168,28117872436,295.1,482336000,20472.65625,269.725566,167893,0.283296,0.000315,1.46E+15,212233,80224066,6254
10/24/2017,3814637885,637420060.7,492288,27363235719,287.12,684281024,20529.46875,357.0951441,170723,0.028712,0.000315,1.50E+15,207382,87134104,6248
10/25/2017,3159619909,459205483.9,460419,28448754585,298.44,325040000,20218.21875,290.6658815,154825,0,0.000216489,1.48E+15,185596,88605464,6176
10/26/2017,2988252152,412124928.6,466406,28413986062,298.02,270272992,20195.90625,275.041131,163206,0,0.000189,1.44E+15,193675,88766039,6157
10/27/2017,3150264533,373898443.5,486147,28276657471,296.51,257168992,20473.5,297.4555437,155328,0,0.000192012,1.45E+15,183703,92959000,6229
10/28/2017,3838503881,305916859.5,484554,28416724623,297.92,264424000,20442.75,241.1676281,146684,0,0.0001071,1.47E+15,176081,89339757,6240
10/29/2017,3491019195,383223585.8,494176,28275857817,296.38,551752000,20291.4375,242.5466925,154086,0,0.000123924,1.46E+15,178304,92119020,6194
10/30/2017,3392932111,492531753,532626,29083667334,304.78,331441984,20098.59375,295.6101972,166928,0,0.00020674,1.45E+15,197107,99874533,6072
10/31/2017,3642977412,444397846.7,519906,29337919659,307.38,369583008,20634.1875,330.6040312,183765,0,0.00031092,1.46E+15,211832,97917438,6275
11/1/2017,4399357650,555864923.4,527783,29189984956,305.76,553864000,20230.59375,370.4656949,203402,0.030576,0.000371944,1.51E+15,228677,96784912,6142
11/2/2017,4764090418,734645600.4,529277,27760545036,290.73,904900992,20296.78125,373.8648318,221244,1.017555,0.00042,1.44E+15,246776,96435646,6144
11/3/2017,3723895305,533844562.9,485790,27553649069,288.5,646339968,20309.4375,278.6957341,187278,0.000577,0.000275796,1.42E+15,208851,98276411,6208
11/4/2017,2655841445,357052987.1,398758,29181323294,305.48,416479008,20188.3125,212.0775251,151880,0,0.000199901,1.41E+15,162784,75320039,6196
11/5/2017,2457189527,344138557.8,417102,28668223805,300.04,337657984,20590.21875,199.7490405,151376,0,0.000164716,1.44E+15,160629,73321910,6299
11/6/2017,2994174134,592682045.8,511663,28329199382,296.43,579358976,20241.375,268.7983039,175324,0,8.54E-05,1.43E+15,194609,85520807,6199
11/7/2017,2541664037,607230942.7,470418,28539525476,298.57,540766016,20413.40625,315.0444979,176696,0,0.00021,1.41E+15,196102,88610422,6211
11/8/2017,3597724998,969059228.3,480413,28134554591,294.27,967955968,20254.78125,379.9288537,190604,1.084726303,0.000372456,1.45E+15,214024,88676286,6236
11/9/2017,5881488171,831838096.1,467172,29515079614,308.64,893249984,20310.46875,324.9137747,191220,2.3148,0.00042,1.42E+15,215720,86289173,6195
11/10/2017,4537277357,827589227.8,457427,30672006458,320.67,885985984,20526.84375,291.6887389,189376,6.4134,0.000357,1.43E+15,211634,84500680,6300
11/11/2017,3930290631,636674399.3,394378,28565963186,298.59,842300992,20419.78125,232.9537621,160812,1.19436,0.00042,1.44E+15,185614,79370301,6267
11/12/2017,5723133525,1135388838,434380,30112310691,314.69,1613479936,20211.84375,297.7995624,184565,25.0371219,0.00042,1.49E+15,227909,82639583,6245
11/13/2017,3666918841,816385077.9,443176,29384461123,307.02,1041889984,20421.1875,309.3854351,181734,8.322997658,0.00042,1.46E+15,218315,89907928,6225
11/14/2017,3684207913,842972567.4,475984,30323494599,316.76,1069680000,20048.15625,335.9795272,200517,9.81290804,0.00042,1.45E+15,230376,99374433,6122
11/15/2017,5819834806,824285611.3,540593,32359508340,337.96,722665984,20495.4375,412.6625504,223800,17.10495319,0.00042,1.42E+15,270345,102617919,6237
11/16/2017,5275605885,785075303.7,491482,31934140323,333.44,797254016,20221.40625,353.5070828,203310,3.180584128,0.00042,1.40E+15,231512,94022620,6154
11/17/2017,5237120387,729192747.9,508590,31627690638,330.17,621732992,20365.125,373.4867643,213856,13.78752648,0.0003792,1.40E+15,250188,95398947,6235
11/18/2017,4358502991,529030656.9,459679,31807621191,331.98,649638976,20331.9375,255.6096205,184533,3.3198,0.000315,1.39E+15,215827,90912694,6215
11/19/2017,4565692024,715317069.3,464563,33291573727,347.4,1181529984,20422.78125,282.2871076,190247,7.130355818,0.00042,1.40E+15,223836,91173879,6266
11/20/2017,6269857823,1302544848,530141,33940277137,354.09,807027008,20408.34375,371.5081441,220194,0.637362,0.00042,1.49E+15,236511,102852461,6176
11/21/2017,6212522575,1166826784,524044,35227504313,367.44,949912000,20394,363.8857553,218785,18.4393531,0.00042,1.47E+15,270128,99909970,6174
11/22/2017,6188422795,1020728024,546489,34551404165,360.31,800819008,20502.5625,365.4892339,221516,18.06338292,0.00042,1.46E+15,274853,99737495,6242
11/23/2017,6512207894,1302349724,537068,36584843458,381.44,1845680000,20347.03125,363.134861,226586,18.92640348,0.00042,1.52E+15,266227,99217879,6190
11/24/2017,5975137449,1311458653,525529,39572779796,412.5,2292829952,20415.375,312.0030804,218668,20.86242022,0.00042,1.55E+15,270454,94157389,6234
11/25/2017,8013722356,1189430839,561166,45643054347,475.68,1422080000,20310.5625,289.4549522,217823,2.85408,0.000312852,1.56E+15,257669,100403905,6201
11/26/2017,7472372957,809303825.4,542484,44721221529,465.97,1197779968,20365.3125,355.1085678,221070,3.72776,0.00042,1.55E+15,256769,99314431,6169
11/27/2017,9670008860,1389317563,608695,45263936558,471.53,1396480000,20271.75,369.1471538,261417,23.65757703,0.00042,1.54E+15,312031,135031106,6086
11/28/2017,11910664283,1424534648,638989,46137355825,480.52,1346499968,20309.625,423.2037431,279129,24.37920162,0.00042,1.51E+15,338785,115664543,6094
11/29/2017,13470307377,1848393591,663579,45451998107,473.28,2675940096,20425.03125,444.2834575,300256,36.36587917,0.00042,1.52E+15,363667,113238183,6108
11/30/2017,11405663660,1301867631,655457,41420634781,431.21,1903040000,20416.125,423.1527423,286669,23.16222151,0.00042,1.54E+15,348000,111082522,6151
12/1/2017,9724160845,1005419299,622720,42774148959,445.21,1247879936,20476.6875,416.0732981,269458,14.50513688,0.00042,1.55E+15,314204,111410937,6127
12/2/2017,10617703983,773527413.5,627785,44862591600,466.85,943649984,20205.1875,344.5045965,271771,12.90525126,0.000372456,1.57E+15,318686,108672644,6053
12/3/2017,9971702979,752997726.1,693808,44569709982,463.7,990556992,20336.53125,407.152401,294405,10.00076623,0.00042,1.51E+15,342366,116513716,6029
12/4/2017,9815024553,978077444.6,701834,44805171917,466.05,1005550016,20426.34375,804.106265,277303,24.46493356,0.000441,1.53E+15,369808,111950866,5671
12/5/2017,4902828991,1317591442,693090,45222228133,470.29,1216720000,20636.4375,1183.244509,291424,27.39323575,0.00063153,1.48E+15,360365,110640271,5588
12/6/2017,6853217136,1639773714,791746,44492017191,462.6,1998259968,20640.84375,1540.650625,382370,108.469192,0.000882,1.47E+15,538132,115886205,5473
12/7/2017,5013369890,1844294343,659068,41016407299,426.37,2129570048,20908.875,2239.289048,292204,35.51551457,0.001365,1.48E+15,371005,103778567,5798
12/8/2017,4185319820,1369916098,766411,41854784993,434.99,2336379904,20430.84375,2315.319813,334092,21.53773427,0.001340438,1.55E+15,384400,123142428,5803
12/9/2017,3146758308,989946089.4,707223,44014827243,457.34,2003849984,20566.125,2126.409908,314887,13.71602739,0.00135047,1.55E+15,330531,115627334,5813
12/10/2017,3211757127,1116847843,716575,45511313844,472.79,1404179968,20392.3125,1918.268035,316656,12.49081927,0.001095318,1.55E+15,353197,120616369,5781
12/11/2017,3028320325,1016802703,828899,42398072798,440.36,1771440000,20329.5,1531.823684,383466,15.3186795,0.000861,1.58E+15,465532,135411129,5749
12/12/2017,7370495939,2529057968,872340,50297547825,522.29,5179829760,20569.40625,1559.061195,413363,30.45995802,0.000924,1.56E+15,492890,146344635,5715
12/13/2017,7427377794,2585780408,909631,62119038898,644.91,4524539904,20608.21875,1445.2853,439381,52.91907031,0.00067221,1.61E+15,542841,148353602,5659
12/14/2017,9045276187,2963598739,942559,67496470001,700.59,3821580032,20787.65625,1714.108153,464401,79.99363194,0.001010101,1.64E+15,582611,148324824,5694
12/15/2017,7399703217,2104876961,904346,67105793957,696.38,2758710016,20829.84375,1455.136989,428066,67.40692158,0.001010101,1.72E+15,547788,151843768,5800
12/16/2017,5838201448,1589119380,899857,66137925487,686.19,2165690112,20382.375,1468.251251,403701,46.20483009,0.00084,1.74E+15,514356,152396300,5775
12/17/2017,5840527688,1521159249,876574,67121324224,696.24,2147389952,20346.9375,1172.634386,401425,47.57677365,0.000525,1.75E+15,499338,150105301,5781
12/18/2017,6599404223,2020167927,984021,69592607484,721.73,3249230080,20561.71875,1161.928902,470458,71.70972151,0.000441,1.78E+15,594214,161476250,5781
12/19/2017,9710321937,3217883759,1092234,76568727744,793.9,4096549888,20631.375,1487.482223,503282,97.15900629,0.0007098,1.74E+15,700750,176320793,5604
12/20/2017,11434147992,3143811656,986104,79827640185,827.52,3969939968,20631.375,1731.489837,493821,166.001303,0.00084,1.72E+15,676725,153008948,5571
12/21/2017,11321819120,2822574872,1072665,79142776721,820.24,3569060096,20414.8125,1760.206791,538200,163.3589984,0.00084,1.74E+15,739179,168331460,5570
12/22/2017,12378481626,3499897941,1103523,79391000290,822.64,4977710080,20571.28125,1640.148074,568083,208.909428,0.00084,1.73E+15,764580,165025222,5652
12/23/2017,6731361014,1567692384,918881,65766475645,681.32,2480339968,20835.28125,1207.05967,451497,73.88481049,0.00084,1.79E+15,565374,155801866,5947
12/24/2017,5617122394,1689728758,758234,69685910816,721.77,2300549888,20504.15625,1024.10605,346299,70.33368964,0.00063,1.82E+15,447961,122725324,5981
12/25/2017,4714484357,1984001128,752361,67489469123,698.87,2491760128,20446.875,756.7676749,359699,55.77131145,0.000441,1.85E+15,447833,131021075,6032
12/26/2017,7025808224,2230559021,813510,73733324636,763.37,2201159936,20383.6875,743.0628659,397072,76.337,0.000441,1.87E+15,515043,134421039,5992
12/27/2017,8254971608,2154143914,912752,74870262805,774.97,2100029952,20533.125,826.1818048,425319,88.840635,0.000441,1.86E+15,568234,147560599,5966
12/28/2017,10263598288,2524187426,949503,73653192268,762.21,2389149952,20434.125,832.9628957,452867,85.86297937,0.00042,1.92E+15,598353,152910062,5889
12/29/2017,11175228208,2349997965,1090191,71559533732,740.39,2648969984,20461.21875,1007.437081,544454,157.0003584,0.00042,1.87E+15,744140,170932097,5786
12/30/2017,12636467674,2703170564,1136659,72872774141,753.82,3187780096,20547.46875,972.7447595,582402,238.8162367,0.00042,1.87E+15,816013,169414692,5773
12/31/2017,6673558251,1894507118,946981,68865417605,712.21,2554269952,20454.75,871.2215219,440955,82.7872904,0.000441,1.92E+15,612162,147897158,5907
1/1/2018,6455261063,1877588228,908945,73091720178,755.76,2595760128,20623.96875,768.4409065,453141,75.576,0.000441,1.94E+15,582511,142374716,5926
1/2/2018,11439363164,3350766914,1153936,74710378603,772.35,5783349760,20561.0625,1053.030166,588283,128.4261803,0.00042,1.92E+15,793972,173404853,5750
1/3/2018,12858861244,3007250765,1238030,85723877182,886,5093159936,20599.21875,1240.294973,631268,262.6910437,0.000441,1.90E+15,907535,179899549,5540
1/4/2018,20325267490,5015608012,1349890,93065343759,961.71,6502859776,20963.25,1483.652749,704785,592.5224468,0.00063,1.90E+15,1081291,183694448,5454
1/5/2018,18873133693,4043007603,1271577,94448336368,975.75,6683149824,20917.5,3180.85648,692926,402.3391353,0.001640625,1.93E+15,979667,178476756,5341
1/6/2018,15828334536,3301125429,1226417,96347217994,995.15,4662219776,20948.90625,3641.860338,659530,243.0902836,0.0021,1.90E+15,902957,176860808,5416
1/7/2018,13356911634,4247580049,1152722,1.01E+11,1043.01,5569880064,21180.1875,2910.38204,599292,208.602,0.001848,1.95E+15,792558,172839037,5528
1/8/2018,18847355127,6211464593,1215473,1.12E+11,1158.26,8450970112,20603.4375,2944.30486,645894,251.4401585,0.00189036,2.01E+15,857580,175771985,5408
1/9/2018,19368049792,6089734473,1256240,1.11E+11,1146,7965459968,20735.8125,3091.626897,701525,328.317603,0.001848,2.01E+15,939000,177642105,5377
1/10/2018,23704540724,6332180002,1177685,1.26E+11,1300.34,9214950400,21081.9375,3696.646402,645542,358.6480757,0.002373,2.01E+15,873928,165948166,5415
1/11/2018,20800940348,5638996084,1173965,1.23E+11,1268.09,7235899904,21031.40625,3132.478755,650420,316.3630932,0.002079,2.08E+15,869367,169948477,5430
1/12/2018,15052609103,4235098565,1118757,1.12E+11,1158.29,5222300160,20917.125,2324.709276,593833,178.0374548,0.00126,2.10E+15,775572,166119582,5419
1/13/2018,12593461168,3893555493,1179321,1.23E+11,1270.47,5746760192,20679.09375,2411.655583,631489,127.1254167,0.001533,2.14E+15,841560,168636663,5394
1/14/2018,35138999574,3745835509,1081593,1.36E+11,1397.48,4841630208,21025.875,2236.838276,579714,125.7732,0.0013079,2.17E+15,718666,164942509,5625
1/15/2018,16889265174,5338838611,1206420,1.32E+11,1365.21,4781100032,20413.875,2227.026798,694739,266.21595,0.001092,2.19E+15,857921,172731624,5424
1/16/2018,20336689861,4887962565,1277936,1.25E+11,1292.63,8405139968,20887.59375,2229.81191,719093,379.9143562,0.001092,2.20E+15,923303,180941870,5522
1/17/2018,17754581396,5003758092,1277083,1.03E+11,1061.34,8545160192,20843.25,2069.225744,703314,355.6404968,0.001071,2.26E+15,937064,180681911,5572
1/18/2018,14901985661,3850370240,1205184,98662513996,1016.44,5938319872,20549.0625,2153.066739,669433,233.9720079,0.001197,2.28E+15,856119,176566280,5569
1/19/2018,9865358362,3171783138,1043257,99885404854,1028.82,4084450048,20638.6875,1866.326524,529465,104.322348,0.001092,2.27E+15,652797,163991686,5685
1/20/2018,8426713073,2301663676,984489,1.01E+11,1044.95,3975190016,20760.9375,1776.83102,450907,52.41157634,0.00105,2.36E+15,583375,161003466,5873
1/21/2018,8836394182,3071540452,1006530,1.12E+11,1155.68,3378089984,20274.65625,1323.960385,582462,223.9330222,0.001029,2.37E+15,703268,155696409,5810
1/22/2018,9808927212,2933024994,972911,1.03E+11,1055.35,3810099968,20564.625,1196.762657,496788,116.0437836,0.00063,2.40E+15,632120,152154974,5883
1/23/2018,9368472658,3159389716,928494,97574578264,1004.17,3556699904,20488.3125,1439.10428,459296,99.38407342,0.000861,2.40E+15,580684,147917500,5898
1/24/2018,9088701350,3300188467,913668,95973195826,987.48,3944039936,20575.40625,1292.593055,438353,89.95061968,0.00084,2.46E+15,558542,146436020,5961
1/25/2018,4717238035,3399096688,788515,1.03E+11,1063.22,4050190080,20337.5625,1058.460298,358124,53.161,0.000750275,2.51E+15,426098,139895349,5910
1/26/2018,11005133150,3496932176,953429,1.02E+11,1052.7,3617690112,20401.03125,958.7589109,463443,114.1779936,0.00042,2.50E+15,614304,154005909,5910
1/27/2018,6998308422,2284143327,831992,1.03E+11,1055.75,3002870016,20423.0625,816.4639799,401483,87.24617176,0.00042,2.49E+15,509602,134787950,6004
1/28/2018,8476754316,3068630095,889104,1.08E+11,1111.78,5372329984,20563.3125,887.8234055,419512,66.7068,0.00042,2.50E+15,540486,145593619,6017
1/29/2018,10513640615,4330150006,936845,1.21E+11,1246.7,3715079936,20556.75,1275.091189,453837,125.1390531,0.000756,2.59E+15,562953,149592868,5925
1/30/2018,10571638623,4056367349,906578,1.15E+11,1184.13,4107859968,20304.9375,1062.581045,433203,117.5167923,0.000462,2.60E+15,554952,147989847,5867
1/31/2018,9325695239,3534292579,877284,1.04E+11,1071.09,3757560064,20533.875,1068.648285,435645,107.109,0.000462,2.63E+15,546759,146496997,5883
2/1/2018,9907996584,4289504777,1008759,1.09E+11,1119.37,5261680128,20546.625,1550.754475,487375,201.0080778,0.000945,2.67E+15,611051,152120496,5778
2/2/2018,12197614512,4407127181,981133,1.01E+11,1035.77,6713290240,20638.96875,1202.446582,480520,153.0003814,0.000735,2.71E+15,638509,153579773,5865
2/3/2018,6046709071,1974220251,814486,89526049017,919.21,3243480064,20321.71875,887.3781805,387178,67.33372037,0.000591875,2.77E+15,490117,134941690,5973
2/4/2018,5285334985,2105779285,800876,93973524100,964.67,2997090048,20315.4375,844.7711172,391709,55.52920159,0.000460898,2.76E+15,477111,135541047,5960
2/5/2018,6515533872,2671669376,875761,81354956775,834.96,4269530112,20633.8125,873.2099938,421743,82.66104,0.00042,2.79E+15,544750,145656149,6025
2/6/2018,6654707719,2494646430,888219,68973692504,707.74,6518269952,20381.625,925.6717158,426816,76.94214519,0.000462,2.79E+15,555626,147759517,5926
2/7/2018,5796905913,2308027130,818625,77048093738,790.43,3896179968,20433.75,850.5918108,392057,64.39439712,0.000525,2.84E+15,491985,135830781,5913
2/8/2018,2901472958,1296896600,681344,73691751918,755.84,3708189952,20382.09375,654.7476574,320195,37.028316,0.00042,2.82E+15,371364,120599479,6002
2/9/2018,4406754319,1631295787,789807,79816220771,818.48,2495820032,20271.75,702.0943083,370461,40.59929261,0.00042,2.88E+15,438004,131158289,5936
2/10/2018,5254651132,1736273833,848390,86074685647,882.47,2930530048,20690.34375,761.9957778,390967,30.88645,0.00042,2.83E+15,476347,133213686,6022
2/11/2018,3628208896,1511641462,773496,83830521070,859.29,2486650112,20119.40625,646.1928564,347348,8.596353869,0.00042,2.95E+15,414211,124946154,5955
2/12/2018,3997353474,1761765055,829020,79771040972,817.51,2243450112,20490.84375,642.8145243,395976,14.28871528,0.00042,2.94E+15,470863,131845880,5945
2/13/2018,5766623353,1897257245,745822,84841483466,869.29,2081170048,20444.4375,631.4701095,337582,23.53246246,0.00042,2.97E+15,409670,121877447,5965
2/14/2018,4373049081,1659058022,746384,82417771413,844.28,2818370048,20052.5625,642.0372003,356928,41.88181038,0.00042,2.95E+15,419000,128030588,5860
2/15/2018,5317306036,1954280904,777318,90192145045,923.73,2900100096,20603.53125,634.5970788,369499,46.17283402,0.00042,2.89E+15,435347,130086778,5966
2/16/2018,4234664865,1205719941,704758,91291481561,934.79,2369449984,20377.125,601.5821349,312693,32.45658505,0.00042,2.99E+15,374338,123393167,5958
2/17/2018,4089286815,1137894321,772079,92284044836,944.75,2525720064,20548.5,678.7687933,318129,8.67223815,0.00042,2.97E+15,378114,132134027,6036
2/18/2018,4208133650,1255987176,756092,95097160425,973.35,2567290112,20346.09375,766.1450479,314608,17.76659113,0.000525,3.00E+15,357178,124078625,5984
2/19/2018,3662116010,1434012159,811384,90067196144,921.67,2169019904,20427.375,656.1792604,356302,7.37336,0.00042,2.98E+15,395473,128643390,5898
2/20/2018,4468188877,1794657306,886897,92226148111,943.57,2545260032,20407.3125,745.4169636,378453,1.88714,0.00042,2.93E+15,428033,141939245,5814
2/21/2018,4148145572,1587992210,850504,87413244912,894.14,2531729920,20670.5625,741.308288,351754,7.15312,0.00034442,2.91E+15,421903,136325370,5849
2/22/2018,5006081568,2838274459,761893,83043406149,849.26,2150370048,20403.09375,614.7200116,329591,7.133784,0.000294848,2.98E+15,384877,127720441,5873
2/23/2018,3063892279,1650758950,733084,79376117943,811.59,2334820096,20661,626.4113855,315849,6.49272,0.000378,2.97E+15,356638,123216687,5926
2/24/2018,2993609799,1309638165,732861,84283513300,861.59,1926579968,20482.125,626.7903093,282272,0,0.0004216,2.97E+15,315333,124399611,5850
2/25/2018,1707420815,922714857.6,690582,82136137067,839.46,1646960000,20219.15625,548.9540743,282267,0.335784,0.000357,3.10E+15,306135,120477839,5858
2/26/2018,2234293562,1604723312,737453,82722327045,845.28,2044480000,20335.3125,546.3120018,350653,8.4528,0.000298008,3.03E+15,388019,125645100,5803
2/27/2018,1509022823,1506796619,694583,85194523800,870.36,2053980032,20412.75,564.3951211,334754,8.7036,0.000298208,2.98E+15,350594,122951421,5865
2/28/2018,1607409254,1604611157,720368,85953950331,877.93,1963980032,20569.125,749.0887785,358558,18.15850713,0.00042,3.05E+15,372419,127356866,5898
3/1/2018,1619053747,1616439698,684404,83825409379,856.01,1868519936,20387.15625,571.2593982,328358,9.41611,0.000361648,3.10E+15,337962,121478329,5879
3/2/2018,1558029765,1554883947,744666,85386076344,871.76,1894419968,20674.96875,734.40968,336319,0.87176,0.00042,3.08E+15,344571,133019741,5899
3/3/2018,991638350.6,988801823.3,673465,83929687677,856.71,1699369984,20435.8125,508.9603763,294133,0.1199394,0.000294445,3.19E+15,297589,125958010,5949
3/4/2018,1032746937,1029702218,643241,83895358750,856.19,1697939968,20220.28125,553.9217985,273682,0.513714,0.00042,3.14E+15,285205,122289113,5881
3/5/2018,1538508619,1535968718,752756,84958106401,866.85,1898489984,20317.5,633.9678971,342784,6.506365889,0.00042,3.14E+15,357280,132798933,5885
3/6/2018,1829460919,1825727522,712591,83698220233,853.82,1943069952,20446.03125,516.0939389,345761,11.61509524,0.000416072,3.12E+15,364556,127357623,5890
3/7/2018,1810711799,1806605976,783757,80034120713,816.27,2175419904,20616.9375,610.1233862,448019,42.70603832,0.00042,3.19E+15,468709,135006810,5915
3/8/2018,1444886286,1439724190,690139,73803183075,752.57,1891640064,20299.59375,540.6335665,329912,6.756633224,0.000338852,3.24E+15,343457,125776936,5856
3/9/2018,1447516712,1443959605,650058,68877806676,702.2,2233019904,20375.0625,500.781517,317340,13.93757106,0.000275568,3.16E+15,341815,120165929,5898
3/10/2018,902427778.4,900912616.2,591377,71635688650,730.16,1532960000,20461.03125,397.4806353,296474,5.84128,0.00021,3.17E+15,305110,111152453,5893
3/11/2018,818600571.8,818600571.8,608899,67249460294,685.31,1562680064,20532.5625,361.5728108,270698,0,0.000205156,3.15E+15,263782,110873441,5957
3/12/2018,1190266581,1190266581,677908,71101307656,724.41,1764999936,20360.4375,513.4220003,312268,3.259845,0.000205156,3.19E+15,317555,126169908,5823
3/13/2018,2033282841,2033282841,699093,68537699817,698.15,1425959936,20381.625,391.7314989,319562,0.27926,0.000160215,3.18E+15,323518,122847532,5865
3/14/2018,1513180956,1513180956,671198,67871893400,691.22,1810560000,20410.03125,421.5886443,342300,6.9122,0.000153276,3.14E+15,349889,117479788,5843
3/15/2018,1303558300,1303558300,654531,60384905435,614.84,1770460032,20495.8125,393.5765835,319298,5.53356,0.00017872,3.16E+15,335053,117949215,5881
3/16/2018,1015880489,1015880489,654584,60096153769,611.78,1417350016,20533.40625,420.4053323,300745,0.30589,0.00018364,3.27E+15,315148,115412206,5918
3/17/2018,812078928.2,812078928.2,593203,59116584379,601.68,1267810048,20413.875,312.2690602,272698,0.30084,0.000159873,3.26E+15,281179,101753320,5856
3/18/2018,1847950418,1847950418,684094,54211743209,551.64,2685499904,20333.0625,363.7877793,309523,0.27582,0.00020541,3.27E+15,320875,119830040,5933
3/19/2018,1416209160,1416209160,703891,53729717264,546.63,2046790016,20309.90625,377.0538903,347728,3.27978,0.000151635,3.29E+15,353505,123046506,5961
3/20/2018,1194415883,1194415883,661791,54733740565,556.72,1833680000,20410.3125,379.9188371,310436,0.27836,0.000167646,3.28E+15,303159,119579957,5959
3/21/2018,1104955340,1104955340,697872,54978771803,559.1,1781270016,20292.28125,442.7263801,322852,0.5591,0.00015687,3.26E+15,325525,122419875,5934
3/22/2018,974342487.8,974342487.8,619453,55285300870,562.1,1523459968,20487.28125,426.3799873,305756,5.621,0.000147424,3.23E+15,311917,107546487,6014
3/23/2018,1232922982,1232922982,677103,53108515812,539.86,1596349952,20233.6875,450.0961312,362117,5.40600075,0.000168,3.28E+15,367280,112479525,5968
3/24/2018,710999595,710999595,613203,53386237104,542.57,1300009984,20524.6875,380.8766583,323998,13.29207076,0.000122212,3.22E+15,336494,100557291,6058
3/25/2018,561678399.6,561678399.6,526372,51441567961,522.7,1151170048,20330.0625,333.9653283,240238,2.6135,0.000132155,3.26E+15,251402,90253941,6024
3/26/2018,1155560170,1155560170,626615,51609143267,524.29,1638880000,20432.53125,434.5891108,299393,5.2429,0.000168032,3.33E+15,311774,107117749,6004
3/27/2018,1694689303,1694689303,584055,48202811340,489.59,1617939968,20267.90625,360.7338911,277446,4.079900347,0.000148236,3.27E+15,294689,102051433,5923
3/28/2018,1306815703,1306815703,579858,44342962905,450.29,1514179968,20353.3125,367.4733527,264747,3.60232,0.000159873,3.26E+15,288001,102817552,5949
3/29/2018,1407427753,1407427753,583673,44134350151,448.08,1970230016,20402.0625,388.4186038,286066,10.84650811,0.000149547,3.18E+15,303470,102719610,5867
3/30/2018,1070466718,1070466718,633616,38018411483,385.9,1878130048,20493.375,353.2929658,304058,3.870446435,0.000107882,3.21E+15,323364,109596932,5938
3/31/2018,671704556.1,671704556.1,584396,38922220930,395,1323920000,20460.84375,281.1633205,259652,0.347521,0.000105,3.19E+15,273946,102998360,6050
4/1/2018,551038416.8,551038416.8,545141,39151961480,397.25,1256930048,20205,250.9865218,242923,0.39725,0.00010567,3.24E+15,254895,95615196,6016
4/2/2018,595542194.9,595542194.9,598505,37430820342,379.7,1102259968,20465.25,308.5365355,273668,0.3797,0.000106126,3.20E+15,282239,102811134,6094
4/3/2018,722026042.2,722026042.2,645977,38188697713,387.31,1363399936,20389.59375,332.1683321,297312,0.38731,0.000106126,3.13E+15,306929,114437496,5999
4/4/2018,826029596.4,826029596.4,628441,41073343876,416.48,1287730048,20299.6875,283.2512147,278603,0.041648,0.000105,3.18E+15,287758,112072095,6001
4/5/2018,550063025.9,550063025.9,695871,37478467486,379.95,1210680064,20599.40625,488.359097,323317,0.030396,0.000110775,3.15E+15,307297,118066688,6056
4/6/2018,579330595.4,579330595.4,647981,37759798125,382.73,967105984,20433,352.3550266,297369,0.0306184,8.48E-05,3.26E+15,300195,107519299,6051
4/7/2018,358187437.4,358187437.4,535865,36549739143,370.38,951475008,20253,242.7050239,257954,0.074076,8.38E-05,3.24E+15,249746,95762080,6049
4/8/2018,513581318,513581318,595733,38072753531,385.74,948488000,20358.09375,282.4335052,277444,0.0308592,8.40E-05,3.19E+15,268339,104396062,6058
4/9/2018,909684230,909684230,609799,39573036590,400.86,1478390016,20296.875,307.4383903,300918,0.20043,8.61E-05,3.09E+15,295444,111688105,5995
4/10/2018,566492699.4,566492699.4,571388,39438777789,399.41,1196000000,20532.46875,292.8202088,274868,0.52043123,8.84E-05,3.14E+15,276304,106774273,6073
4/11/2018,740039771.3,740039771.3,609102,40988256754,415.02,1439040000,20239.03125,326.0219873,283630,0.0311265,0.000105,3.15E+15,276265,110272728,5962
4/12/2018,1094181122,1094181122,692606,42492279267,430.16,2519360000,20198.71875,378.8765898,320575,0.0903336,0.000105,3.13E+15,319852,125300030,5898
4/13/2018,1258547416,1258547416,730344,48726146171,493.16,2419249920,20633.15625,442.2725197,325285,0.21748356,0.000108301,3.09E+15,349888,125187793,5923
4/14/2018,531470186.1,531470186.1,611188,48678201213,492.58,1519079936,20386.40625,317.0222999,275452,0,9.15E-05,3.13E+15,271131,107381896,5917
4/15/2018,651666459.7,651666459.7,619985,49706731877,502.88,1726089984,20396.8125,293.3000305,281541,0.037716,9.88E-05,3.14E+15,278364,110894790,5939
4/16/2018,847096840.1,847096840.1,664402,52602414630,532.07,1758979968,20585.34375,333.9707749,299240,0.266035,0.000110046,3.11E+15,308708,123193608,5932
4/17/2018,851847649.9,851847649.9,742823,50544324326,511.14,1760359936,20386.125,359.8391656,319360,0.0204456,8.60E-05,3.13E+15,331686,130120574,5835
4/18/2018,1002103876,1002103876,703293,49779753687,503.31,1762940032,20251.5,421.5814719,304727,0.04227804,0.000125814,3.08E+15,320999,130238732,5795
4/19/2018,1055916245,1055916245,814318,51840891157,524.04,2256869888,20658.65625,445.0729747,337827,0,0.000108423,3.10E+15,336517,146447319,5810
4/20/2018,1432941576,1432941576,832220,56200142214,567.99,2849469952,20352.75,445.0125547,354451,0,0.000144564,3.07E+15,375993,150796219,5715
4/21/2018,1169052396,1169052396,746104,60962868569,616,2612460032,20539.59375,347.8103127,363412,0.0616,0.000104878,3.17E+15,370507,127495796,5883
4/22/2018,860249211,860249211,748858,59997979187,606.12,2426269952,20450.625,357.6569734,377402,0.090918,0.0001092,3.15E+15,358741,136180859,5902
4/23/2018,2535731891,2535731891,802870,61503218314,621.2,2386830080,20478.75,390.6635178,400339,0.323024,0.00011143,3.18E+15,401842,140015382,5776
4/24/2018,2064197419,2064197419,816357,63714319061,643.4,3581860096,20370.75,478.5096368,398805,0.135114,0.000153991,3.13E+15,396146,146428617,5720
4/25/2018,2004509868,2004509868,799014,70032702581,707.06,4216140032,20586.375,455.2798465,354254,0.0636354,0.000182085,3.13E+15,356483,146294657,5818
4/26/2018,1402849690,1402849690,793873,61232588264,618.08,2984009984,20802.65625,463.462969,348775,0,0.000183555,3.21E+15,339503,144945254,5867
4/27/2018,1565485423,1565485423,764479,65608380361,662.11,2598129920,20369.90625,486.7802802,333755,0,0.000209928,3.15E+15,336642,137822618,5714
4/28/2018,1256323798,1256323798,775321,63890962789,644.65,2496659968,20268,518.9793615,336484,0,0.000209928,3.13E+15,339023,140281616,5713
4/29/2018,1262516953,1262516953,756651,67796474148,683.91,2740559872,20730.75,546.6994679,311136,0,0.000257103,3.19E+15,321818,143806146,5833
4/30/2018,1510131188,1510131188,778133,68390882144,689.76,2853100032,20547.84375,566.5703318,351506,0.550377162,0.000261755,3.20E+15,357808,148201676,5724
5/1/2018,1403159439,1403159439,713839,66490842263,670.46,2678960128,20449.21875,444.8190941,318285,0.274352232,0.00020794,3.11E+15,331150,138403564,5622
5/2/2018,1936352910,1936352910,787722,66863536076,674.08,2822269952,20866.03125,476.3513384,354322,0.53387136,0.000207232,3.11E+15,370186,146376738,5712
5/3/2018,2115696436,2115696436,839586,68118950663,686.59,4210939904,20616.09375,569.7496083,386468,0.80193712,0.000210712,3.16E+15,400508,149623503,5681
5/4/2018,2199811347,2199811347,1000526,77083076650,776.78,3533410048,20592.5625,545.7123579,638526,94.43222298,0.000168,3.20E+15,663947,156377573,5632
5/5/2018,1511353340,1511353340,789261,77872965100,784.58,3035040000,20715.28125,428.6602544,389456,0.92501982,0.00018248,3.24E+15,397266,138377788,5741
5/6/2018,1367154089,1367154089,691273,81017424915,816.09,3105570048,20624.34375,383.3744288,367165,2.295244964,0.000147,3.27E+15,358239,129020462,5763
5/7/2018,3258962097,3258962097,789863,78775777750,793.34,4316120064,20720.8125,443.7282341,396944,0.141508056,0.000145198,3.33E+15,360462,134721240,5835
5/8/2018,1800245859,1800245859,820098,74984342712,755.01,2920489984,20376.1875,496.3102784,395700,0.075501,0.000177416,3.34E+15,376039,136808576,5734
5/9/2018,2024033217,2024033217,831127,74790028012,752.9,2877870080,20529.375,522.4814705,383315,0.07529,0.000252,3.27E+15,383016,140440996,5730
5/10/2018,1803153294,1803153294,854827,74773841485,752.58,2748950016,20462.90625,737.346626,384351,0,0.000385211,3.28E+15,374198,152021290,5683
5/11/2018,1759481080,1759481080,826099,72248165993,727.01,3290080000,20663.90625,721.7511623,381228,0.3053442,0.00036688,3.29E+15,385251,144454990,5751
5/12/2018,1216852955,1216852955,788487,67578742523,679.88,2668480000,20610.9375,498.4794577,372003,0,0.000227913,3.37E+15,348935,136668318,5754
5/13/2018,936613045.3,936613045.3,762439,68317231118,687.17,2362500096,20442.5625,522.0638708,350873,0.0549736,0.000312084,3.40E+15,347663,135474754,5760
5/14/2018,2025383385,2025383385,801788,72861958786,732.73,3005110016,20394.46875,667.4935225,389529,2.19819,0.0004154,3.32E+15,394159,146202108,5638
5/15/2018,1587210507,1587210507,779210,72719081259,731.14,2523069952,20565.375,673.4983669,394958,0.3801928,0.000436289,3.26E+15,361356,142106913,5732
5/16/2018,1332239040,1332239040,807257,70440905476,708.09,2476130048,20434.96875,718.1260497,404850,0.271134742,0.00042,3.29E+15,360209,139676937,5645
5/17/2018,1425719227,1425719227,835761,70517923012,708.72,2350619904,20649.65625,790.2105624,405108,0.425232,0.000452424,3.28E+15,372253,140366383,5704
5/18/2018,1258945414,1258945414,831831,66888121284,672.1,2305740032,20695.59375,747.6604025,407181,0.591462786,0.000450926,3.24E+15,390094,138888487,5636
5/19/2018,923069866.4,923069866.4,846288,69188816155,695.07,2021549952,20709.375,663.3039379,419000,0,0.00037329,3.25E+15,376917,137044728,5603
5/20/2018,968360540.8,968360540.8,777283,69486843058,697.92,2156910080,20657.8125,604.6158069,376987,0,0.000394078,3.31E+15,328397,134050623,5642
5/21/2018,1314722124,1314722124,802211,71420554715,717.19,2005170048,20708.90625,683.1888249,389890,0.3872826,0.000418584,3.34E+15,365251,145475141,5687
5/22/2018,1836465051,1836465051,822409,69740910803,700.18,2230469888,20527.6875,769.998111,417018,0,0.000483,3.32E+15,370307,141851150,5601
5/23/2018,1934138504,1934138504,833377,64423959190,646.67,2995429888,20889.1875,780.8703267,401870,0.388002,0.000449313,3.25E+15,401470,146831736,5655
5/24/2018,1715188971,1715188971,811167,58246215440,584.54,2791099904,20350.40625,718.8213981,410528,0.350724,0.000462,3.22E+15,375755,141675376,5563
5/25/2018,1198626556,1198626556,800838,60013304046,602.14,2110919936,20646.46875,688.2782333,386639,0.005347003,0.00042,3.20E+15,365892,140479317,5635
5/26/2018,853640867,853640867,761932,58558969489,587.43,1694300032,20713.03125,596.3848044,370233,0,0.000372329,3.25E+15,318753,131838044,5719
5/27/2018,1497359536,1497359536,776024,58679424252,588.52,1788790016,20422.6875,546.7187057,393678,0,0.000335304,3.22E+15,334223,132382504,5634
5/28/2018,1760411579,1760411579,861002,57147588449,573.04,2356900096,20672.53125,862.6594072,438415,0.57304,0.000484029,3.23E+15,414516,144962259,5704
5/29/2018,1518486427,1518486427,812183,51484990394,516.15,2330820096,20649.375,825.6802638,401387,0,0.000539224,3.22E+15,360540,143102184,5649
5/30/2018,1372810658,1372810658,817167,56552138349,566.83,2053970048,20679.65625,867.2843499,404788,0.453464,0.00055092,3.18E+15,376568,143075140,5609
5/31/2018,1442759675,1442759675,832842,55732178696,558.5,1985040000,20744.0625,1073.93136,410575,0.732367752,0.000644393,3.25E+15,379999,154932441,5647
6/1/2018,1852143513,1852143513,758242,57757609565,578.67,1945890048,20559.65625,875.7634616,365993,0.231468,0.000588,3.15E+15,362322,141328739,5624
6/2/2018,832133689.3,832133689.3,768017,57944805337,580.43,1880390016,20712,602.9513988,394145,0,0.00040502,3.19E+15,336803,138640228,5632
6/3/2018,736758059.8,736758059.8,809997,59037857333,591.26,1832550016,20484.65625,590.8946015,408189,0,0.000404381,3.20E+15,325439,140906916,5619
6/4/2018,1369044909,1369044909,807165,61865521596,619.44,1903430016,20805.1875,738.6209742,388905,0.0743328,0.00047939,3.16E+15,368231,149892618,5672
6/5/2018,1383328472,1383328472,780654,59277676048,593.41,1844269952,20343.84375,634.6733058,374314,5.93E-05,0.000441024,3.23E+15,355649,144514502,5591
6/6/2018,1567740873,1567740873,754070,60973572885,610.26,1756530048,20625.84375,809.1185128,368496,0.185980946,0.000463914,3.16E+15,333878,137310031,5633
6/7/2018,1429751087,1429751087,775828,60728713659,607.69,1880140032,20803.5,631.6295473,395148,0,0.00042,3.16E+15,347338,137499719,5639
6/8/2018,1548938593,1548938593,720017,60516410173,605.44,1637779968,20691.5625,547.8908297,357935,0,0.00037884,3.20E+15,320595,139209862,5679
6/9/2018,779508876.8,779508876.8,769427,60076621474,600.91,1519309952,20815.78125,439.1600615,382919,0,0.000266455,3.30E+15,308033,135556734,5610
6/10/2018,1242710084,1242710084,771280,59431612910,594.34,2234880000,20455.6875,439.1247735,388784,0,0.000236282,3.25E+15,333704,138541069,5641
6/11/2018,1262421554,1262421554,768985,52495316830,524.86,1982119936,20814.65625,473.3576376,384747,0.047903972,0.000252,3.24E+15,360843,138427840,5657
6/12/2018,1793162619,1793162619,770199,53291355820,532.71,1932760064,20591.25,466.8333736,337753,0,0.000275814,3.33E+15,325101,135316991,5714
6/13/2018,2167936908,2167936908,797637,49831361149,498.02,2080130048,20531.15625,486.7650944,358451,0,0.00032214,3.27E+15,357178,146377790,5752
6/14/2018,2176497313,2176497313,765916,47875798650,478.38,2458650112,20492.8125,523.1928112,362151,0.13059774,0.00036785,3.28E+15,368925,139216504,5765
6/15/2018,2088820208,2088820208,763803,52100031135,520.48,1808269952,20527.3125,601.6083195,378227,0.071679465,0.00042,3.26E+15,350721,130759425,5782
6/16/2018,814015715.2,814015715.2,639775,49099909957,490.41,1314109952,20577.375,575.5698808,299072,0,0.00021,3.29E+15,270458,154717806,5871
6/17/2018,635723723.1,635723723.1,648548,50015782968,499.46,1264870016,20422.40625,310.6739134,316566,0,0.000137424,3.30E+15,295199,118108440,5915
6/18/2018,886849330.1,886849330.1,695753,50018378893,499.38,1513869952,20617.875,331.4533702,329955,0,0.000188635,3.40E+15,317221,131428356,5954
6/19/2018,1054806274,1054806274,778765,51995769728,519.02,1726569984,20475.9375,465.7939264,364511,0,0.000273,3.44E+15,336081,145050212,5802
6/20/2018,1224217732,1224217732,803076,53959484128,538.51,1596290048,20589.5625,437.7374078,375822,0,0.00021,3.38E+15,340206,148993739,5823
6/21/2018,1074655219,1074655219,752035,53763934552,536.45,1462070016,20457.75,416.0302689,369141,5.36E-05,0.000206168,3.46E+15,342265,138145529,5872
6/22/2018,1404930854,1404930854,770457,52846728452,527.19,2226030080,20648.25,882.1732267,374567,0.0632628,0.000184052,3.43E+15,367704,142592486,5820
6/23/2018,645823632.8,645823632.8,675918,46749901530,466.27,1651379968,20649.1875,347.1432827,330058,4.66E-05,0.000103238,3.39E+15,312564,121940172,5922
6/24/2018,1043127534,1043127534,671994,47612019255,474.77,2490579968,20356.78125,514.9629244,341624,0.0522247,0.0001218,3.45E+15,329220,123314242,5881
6/25/2018,1254154928,1254154928,837265,45732834442,455.94,4007950080,20535.75,527.3968611,479603,0.022797,0.000273,3.40E+15,377580,142918020,5665
6/26/2018,1048187365,1048187365,732170,46223001270,460.73,1356560000,20640.5625,388.5284561,366153,0.014718941,0.000183915,3.36E+15,346502,137149795,5748
6/27/2018,948883700.6,948883700.6,771938,43373920805,432.24,1368940032,20586.09375,388.4721177,375753,0,0.000183467,3.49E+15,332323,143719298,5847
6/28/2018,862669057,862669057,744784,44391444976,442.29,1360790016,20384.4375,370.1612634,387760,0.044229,0.000151416,3.41E+15,354001,137859501,5762
6/29/2018,1015423667,1015423667,735092,42422226052,422.59,1564499968,20375.4375,392.3022174,367633,0.0887439,0.000168,3.38E+15,347489,133831720,5764
6/30/2018,582023228,582023228,632981,43798579441,436.21,1475939968,20640.09375,1998.55679,249733,0,0.0007556,3.47E+15,249772,129637689,5870
7/1/2018,492016026,492016026,622633,45718425468,455.24,1511730048,20427.28125,3237.253063,194679,0,0.001986412,3.36E+15,213340,131329959,5837
7/2/2018,759757091.2,759757091.2,489559,45585108159,453.82,1625789952,20666.8125,5862.526226,233289,18.53623465,0.00226656,3.39E+15,256882,116357723,5929
7/3/2018,945757761.6,945757761.6,573532,47761299859,475.39,1683939968,20492.34375,4020.762462,229396,0,0.002604,3.46E+15,262253,128070565,5809
7/4/2018,768398827.9,768398827.9,447112,46641842607,464.15,1549769984,20472.09375,2942.86512,227124,19.25804765,0.00154938,3.44E+15,246249,110408253,5837
7/5/2018,828850945.1,828850945.1,527586,46967336536,467.29,1828610048,20418,2561.443824,248749,3.925236,0.001297758,3.56E+15,271389,124825511,5808
7/6/2018,820950981,820950981,459075,47687609711,474.36,1627609984,20421.375,3356.132066,216613,13.39040959,0.0021,3.51E+15,240419,112328149,5844
7/7/2018,557817878.4,557817878.4,484105,47666984681,474.06,1358360064,20521.40625,3015.040919,213952,2.84436,0.00189,3.53E+15,233105,114711948,5820
7/8/2018,670440684.6,670440684.6,631505,49487844866,492.07,1344560000,20415,1382.161999,268810,0.134187489,0.000985196,3.45E+15,277248,127418442,5697
7/9/2018,948231558,948231558,651926,49177434874,488.88,1533799936,20650.03125,1096.827246,285437,0,0.000673223,3.53E+15,293891,130928929,5855
7/10/2018,981304666.1,981304666.1,691771,47907822853,476.16,1789069952,20358.9375,734.2391122,287126,0,0.000518202,3.50E+15,289076,135492173,5783
7/11/2018,671689310.2,671689310.2,643920,43726685338,434.52,1422470016,20674.6875,838.9375287,266501,0,0.000462484,3.36E+15,261753,131108742,5931
7/12/2018,644830283.7,644830283.7,566058,44942040482,446.5,1495440000,20510.4375,1363.060301,250055,0,0.00080409,3.44E+15,244781,127278578,5993
7/13/2018,573534516.7,573534516.7,563317,43363775459,430.74,1489670016,20293.5,1531.902623,233406,0,0.000911908,3.45E+15,238527,123779359,5953
7/14/2018,440715218.8,440715218.8,508951,43752098682,434.51,1235820032,20451.5625,2932.261846,226290,0.397476713,0.001706736,3.42E+15,245729,117613442,6006
7/15/2018,383605717.4,383605717.4,453706,43899432922,435.88,1350160000,20612.625,3561.566983,225375,3.687518647,0.00105,3.42E+15,228349,113308422,6067
7/16/2018,920908917.6,920908917.6,703999,45372816389,450.42,1858680064,20378.8125,583.1445101,328177,0,0.000315,3.45E+15,308413,137106823,5851
7/17/2018,938992640.6,938992640.6,701292,48370950336,480.08,2288100096,20738.8125,506.7684905,337051,0,0.000231,3.45E+15,302076,138882182,5889
7/18/2018,1125129064,1125129064,746145,50472943545,500.84,2371559936,20329.3125,478.4705163,390949,0,0.000231,3.48E+15,321586,135810428,5757
7/19/2018,891285642,891285642,734702,48445665856,480.63,2068739968,20430.5625,431.9500706,358453,0,0.000160065,3.43E+15,305491,137454375,5793
7/20/2018,961066897.4,961066897.4,671608,47314007277,469.31,1821350016,20184.75,558.2191419,329710,0.0046931,0.00025343,3.43E+15,303478,123938282,5838
7/21/2018,573026148.1,573026148.1,620634,45444886304,450.68,1504310016,20569.78125,591.2097617,281165,0.0045068,0.000273,3.24E+15,265524,114955132,5997
7/22/2018,530028724.4,530028724.4,675356,46640412829,462.44,1338589952,20770.21875,367.8291677,323243,0,0.00011398,3.35E+15,265599,124237960,5975
7/23/2018,830929712.2,830929712.2,758657,46347852184,459.44,1596999936,20435.4375,558.4596575,385355,0,0.000293504,3.52E+15,279755,135215590,5862
7/24/2018,866769246.4,866769246.4,784910,45519816054,451.14,2287520000,20564.53125,475.6229721,408340,0,0.000174768,3.43E+15,328947,140866157,5815
7/25/2018,819250568.7,819250568.7,787527,48432659474,479.91,1930780032,20769.5625,443.4595071,409873,0,0.000143095,3.48E+15,318789,142537560,5900
7/26/2018,630107347.6,630107347.6,725630,47676720052,472.33,1621560064,20423.90625,390.9988004,368304,0,0.000130509,3.53E+15,317742,137545648,5852
7/27/2018,685845333.1,685845333.1,788715,46846323316,464.01,1734259968,20513.71875,363.1461194,402719,0,9.29E-05,3.50E+15,303939,134525520,5909
7/28/2018,432639951.5,432639951.5,703973,47428580024,469.68,1531890048,20441.0625,512.5395943,361596,0,7.98E-05,3.54E+15,294761,117337958,5991
7/29/2018,388731164.5,388731164.5,716354,47159131779,466.92,1631910016,20493.28125,303.7594064,350970,0,6.30E-05,3.56E+15,290071,131445206,6010
7/30/2018,798662817,798662817,757712,47160183669,466.83,2141590000,20414.90625,343.2327125,368814,0,8.38E-05,3.56E+15,321268,142212588,5963
7/31/2018,1383721181,1383721181,745063,46201393055,457.25,1820680000,20594.625,355.7223476,367696,0.018404011,8.37E-05,3.53E+15,335943,141576274,5919
8/1/2018,730268989.2,730268989.2,757758,43847873799,433.87,1888060000,20427.84375,747.8227231,368593,0,8.40E-05,3.52E+15,327362,144924805,5861
8/2/2018,741878770.6,741878770.6,779928,42537059653,420.81,1569300000,20550.75,333.9574573,363699,0,8.41E-05,3.55E+15,296340,144018513,5854
8/3/2018,597641735.1,597641735.1,753190,41712693240,412.57,1722340000,20516.8125,344.0355467,387947,0,0.00012312,3.48E+15,313729,132487957,5916
8/4/2018,435749537.5,435749537.5,720548,42294581048,418.24,1466540000,20602.3125,401.410556,335531,0,8.38E-05,3.57E+15,263298,127698377,6003
8/5/2018,396998541.6,396998541.6,704249,41201088010,407.35,1396820000,20529.46875,262.7422295,315434,0,8.38E-05,3.57E+15,275591,131727253,5932
8/6/2018,545537328.5,545537328.5,699536,41535345915,410.57,1384880000,20410.3125,426.6788801,342889,0,0.00010934,3.60E+15,288126,138106489,5923
8/7/2018,623363505.9,623363505.9,636342,41162990323,406.8,1828350000,20398.3125,1344.326975,310986,2.4408,0.000380202,3.57E+15,276781,116345405,5875
8/8/2018,897335030.1,897335030.1,565663,38447674804,379.89,2016080000,20559,2878.016385,272400,23.211279,0.001638,3.59E+15,284864,96877164,5957
8/9/2018,638476712.2,638476712.2,538530,36134818721,356.97,1616610000,20526.75,2484.608659,264336,17.88946099,0.00152276,3.61E+15,267817,92170358,5930
8/10/2018,753416126.3,753416126.3,613892,37033867847,365.78,1699400000,20444.625,1520.599826,300800,7.915543423,0.000861,3.58E+15,287151,110198409,5926
8/11/2018,631800634.9,631800634.9,657312,33850096897,334.26,1790370000,20636.625,507.3081495,327441,0,0.0002514,3.55E+15,278297,120592145,5945
8/12/2018,362529802.1,362529802.1,641927,32495378966,320.82,1625420000,20352.375,362.4777797,325900,0,0.000185032,3.49E+15,262497,115265909,5835
8/13/2018,928446032.2,928446032.2,694941,32439553592,320.21,1751190000,20398.78125,526.7219968,342713,0,0.00020094,3.50E+15,296171,128911834,5872
8/14/2018,1038207240,1038207240,690348,29017864125,286.37,2137850000,20333.625,599.4077824,325295,0.0515466,0.000242803,3.55E+15,307473,130121230,5952
8/15/2018,727863240.3,727863240.3,648565,28417811613,280.39,1878150000,20347.3125,590.0925901,318018,0,0.000316476,3.51E+15,280616,117898133,5965
8/16/2018,482339824.1,482339824.1,716732,28660961317,282.74,1552970000,20427.65625,524.7852013,345015,0,0.000207318,3.44E+15,292714,132630688,5940
8/17/2018,597131419.3,597131419.3,607270,29167926756,287.68,1995460000,20502.65625,1935.163008,301690,6.266844226,0.000789525,3.48E+15,282401,119799727,5840
8/18/2018,388610469.8,388610469.8,627522,32126201600,316.79,1764020000,20471.34375,441.9532235,294917,0,0.000207145,3.44E+15,232833,132440767,5883
8/19/2018,271725363.6,271725363.6,599660,29990632585,295.67,1447910000,20455.6875,394.1787101,289102,0,0.000105,3.47E+15,225425,130550756,5930
8/20/2018,485539956.5,485539956.5,663769,30576127954,301.38,1413790000,20446.21875,406.4102185,323288,0,0.0001071,3.49E+15,282689,149092855,5932
8/21/2018,442153907.4,442153907.4,605639,27735841656,273.33,1164120000,20493.28125,377.6185594,286020,0,0.000158706,3.52E+15,251340,150507287,5961
8/22/2018,548992832.6,548992832.6,594918,28617990624,281.97,1507660000,20301.375,891.3464764,295214,0,0.000207044,3.59E+15,248217,135197700,5922
8/23/2018,466815394.9,466815394.9,599557,27586560191,271.75,1271160000,20343.84375,599.9089978,292229,0.0570675,0.000168,3.45E+15,263137,142271749,5853
8/24/2018,432988625.1,432988625.1,596227,28237256475,278.11,1450170000,20734.03125,1055.963557,306330,0.166866,0.000210694,3.43E+15,257054,135916665,5946
8/25/2018,326918049.4,326918049.4,577239,28767849229,283.28,1208360000,20423.25,333.5205168,292297,0.07478592,0.000114431,3.50E+15,259547,147774706,5926
8/26/2018,300925819.6,300925819.6,574072,28391826545,279.52,1206650000,20420.625,950.6227641,303180,0.041928,0.000128336,3.57E+15,258487,143877724,5947
8/27/2018,519112787.4,519112787.4,645935,27974513890,275.35,1406790000,20543.4375,376.4535855,322121,0,0.000173557,3.50E+15,271235,147734568,5942
8/28/2018,465842901.3,465842901.3,613844,29127993345,286.65,1513350000,20388.09375,380.6203823,313812,0.28665,0.000174383,3.49E+15,287051,153252282,5898
8/29/2018,501284558.5,501284558.5,546841,30100669843,296.16,1474460000,20270.25,530.7446625,258942,0.08707104,0.000228444,3.46E+15,238511,144609036,5890
8/30/2018,457868590.5,457868590.5,592847,29454389491,289.75,1513100000,20488.40625,441.3912495,276280,0.028975,0.00019855,3.43E+15,257030,139877930,5910
8/31/2018,483698474.2,483698474.2,577258,28888802060,284.12,1411910000,20430.9375,447.8920557,280262,0.198884,0.000217931,3.47E+15,260138,131668077,5953
9/1/2018,352309286.1,352309286.1,656254,28831229501,283.5,1546630000,20385.9375,360.5635231,310362,0,0.000168,3.43E+15,279066,139635900,5880
9/2/2018,296492996.9,296492996.9,620267,30052573630,295.45,1321050000,20499.9375,332.101884,318097,0,0.000143034,3.39E+15,261168,138990835,6027
9/3/2018,572187474.1,572187474.1,631429,30030903467,295.18,1394490000,20327.53125,372.2637422,320341,0.044277,0.000147,3.41E+15,287623,147202668,5887
9/4/2018,1213582834,1213582834,589521,29439042346,289.3,1554870000,20544.28125,459.9784573,299259,0.317653714,0.000201777,3.39E+15,267488,137784899,5968
9/5/2018,808425859.6,808425859.6,626957,29113952769,286.05,2390390000,20329.5,362.3802098,306686,0.429075,0.000175335,3.44E+15,296217,151363404,5956
9/6/2018,801291059.6,801291059.6,588959,23581321841,231.65,2097310000,20565.75,511.1588385,293094,1.8532,0.000251175,3.40E+15,300386,141998572,6048
9/7/2018,651424458.9,651424458.9,582184,23370975931,229.53,1678260000,20218.3125,506.5995081,296253,0.15493275,0.000261105,3.40E+15,260736,148491755,5913
9/8/2018,525261272.9,525261272.9,543337,22192044629,217.91,1517200000,20289.75,404.4954836,277064,0,0.000259548,3.38E+15,225257,149634966,5936
9/9/2018,474110238.5,474110238.5,565631,20207427644,198.38,1585980000,20266.875,433.0789371,279792,0,0.000269216,3.21E+15,232806,130475678,5899
9/10/2018,535396807.8,535396807.8,561611,20156971637,197.85,1502960000,20436.75,448.3095812,273425,0.284944776,0.000252,3.22E+15,260489,141297601,6007
9/11/2018,560128641.2,560128641.2,557317,20194273183,198.18,1568900000,20245.125,512.2545276,250195,0.1337715,0.000293372,3.20E+15,248044,133946969,6002
9/12/2018,789882495,789882495,570673,18898335892,185.42,1874850000,20403.1875,519.5831464,250192,0.10708005,0.000320382,3.13E+15,258961,145832808,6043
9/13/2018,494883932.4,494883932.4,555753,18724996952,183.68,2330720000,20422.78125,535.6552614,266721,0.36736,0.000347859,3.05E+15,264723,144342373,6004
9/14/2018,513766825.1,513766825.1,514394,21684171660,212.67,2232190000,20431.96875,392.4331379,241300,0.319005,0.00027713,3.14E+15,242080,159592770,6066
9/15/2018,329441332.8,329441332.8,479695,21397334937,209.81,1670490000,20437.03125,385.3834832,210965,0.0755316,0.000280112,3.15E+15,210294,156163251,6051
9/16/2018,296969134.6,296969134.6,458432,22726174343,222.8,1502260000,20509.125,370.1968075,209730,0.097751094,0.000251175,3.13E+15,203708,166179667,6113
9/17/2018,476426238,476426238,553720,22605798651,221.58,2019910000,20476.3125,442.1436325,254632,0.058694548,0.000286616,3.14E+15,241181,157588581,6080
9/18/2018,390605392.7,390605392.7,500513,20112274008,197.09,1800640000,20181.65625,543.0786263,225908,0.19709,0.000317298,3.18E+15,224322,156194415,5967
9/19/2018,376565610.6,376565610.6,507255,21379291461,209.47,1733330000,20548.875,698.459808,217447,0.83788,0.000432112,3.17E+15,240308,122608861,6123
9/20/2018,442538208.1,442538208.1,498146,21467483356,210.29,1782070000,20424.28125,494.7573116,234016,1.038201779,0.0003747,3.18E+15,239757,145802634,6014
9/21/2018,758719577.7,758719577.7,544686,22999618130,225.25,2836200000,20719.40625,680.1526918,246239,2.748596231,0.00042,3.11E+15,268053,159668470,6084
9/22/2018,419300415.5,419300415.5,470309,25259772083,247.34,1921820000,20321.53125,419.3769929,217764,0.74202,0.000296635,3.28E+15,220613,151077283,6038
9/23/2018,371972454.8,371972454.8,468627,24616171928,240.99,1693470000,20322.28125,370.2980719,215113,0.338634044,0.000252009,3.25E+15,211285,156625559,6080
9/24/2018,507146651.2,507146651.2,480337,25014414743,244.84,1748740000,20342.25,679.3868126,217868,1.46904,0.00035076,3.26E+15,219279,174276721,6075
9/25/2018,470179865.4,470179865.4,519108,23332847269,228.33,2120360000,20418,514.7491823,230533,0.68499,0.00037624,3.22E+15,235617,172456307,6113
9/26/2018,464186444.4,464186444.4,493507,22347341093,218.65,1756100000,20603.15625,535.1262979,215166,0.65595,0.000417428,3.28E+15,227359,181786029,6112
9/27/2018,401033251.6,401033251.6,504047,22024367121,215.44,2030320000,20514.375,569.9970431,235020,1.50808,0.00042,3.28E+15,237501,179252393,6081
9/28/2018,420196918.7,420196918.7,500407,23419168599,229.04,2018120000,20415,620.865649,237296,1.60328,0.000442071,3.29E+15,240680,171156020,6098
9/29/2018,340227909.2,340227909.2,434315,22674457625,221.71,2208720000,20239.6875,662.1583292,201919,1.556595092,0.000483,3.27E+15,203006,124506705,6095
9/30/2018,333341252.9,333341252.9,479351,23662327450,231.33,1765560000,20511.09375,522.1374114,231316,0.92532,0.000403608,3.26E+15,225678,145793056,6114
10/1/2018,327751852.1,327751852.1,476308,23860383795,233.22,1597500000,20302.40625,611.8068788,222642,1.39932,0.000451625,3.24E+15,220008,149896751,6095
10/2/2018,280176614.9,280176614.9,490262,23648538352,231.1,1542080000,20514.1875,646.2650811,219856,0.27732,0.000475726,3.21E+15,214714,148979852,6180
10/3/2018,402749402.2,402749402.2,559006,23172999410,226.41,1683930000,20293.21875,444.7257819,259693,0,0.000273,3.23E+15,230837,130142896,6075
10/4/2018,385579576.3,385579576.3,559181,22567386601,220.45,1479500000,20371.875,441.2275467,269797,0.042702047,0.000268568,3.26E+15,245847,139236168,6146
10/5/2018,377926713.3,377926713.3,595361,22758489564,222.27,1547330000,20177.0625,429.8314017,285832,0,0.000230866,3.28E+15,251591,127159907,6099
10/6/2018,267974966.7,267974966.7,596865,23303676389,227.55,1505070000,20491.96875,290.7691987,284750,0.00236652,0.000103422,3.25E+15,265479,109566965,6222
10/7/2018,240328224.6,240328224.6,497767,23092114682,225.44,1470480000,20521.3125,314.1878292,231585,0.0135264,0.000176312,3.28E+15,215643,96121905,6241
10/8/2018,401060422.9,401060422.9,542842,23206947922,226.51,1470740000,20424.9375,431.4967026,251483,0.020122967,0.000295662,3.31E+15,236715,105264175,6179
10/9/2018,361060110.3,361060110.3,537028,23539170426,229.71,1405130000,20352.9375,387.4958371,255081,0,0.000225447,3.29E+15,216626,112188265,6149
10/10/2018,387897205.9,387897205.9,516772,23329324042,227.62,1384040000,20361.75,447.9409647,246000,0.136572,0.000315,3.29E+15,226089,104033046,6168
10/11/2018,771323755.7,771323755.7,570525,23127920091,225.61,2167620000,20485.3125,471.9269088,260509,0.028111006,0.000303096,3.22E+15,243204,111592995,6143
10/12/2018,431836681.6,431836681.6,562140,19348849609,188.71,1487900000,20384.0625,617.706521,255526,0,0.000315,3.24E+15,223000,124643546,6170
10/13/2018,256211213.7,256211213.7,541797,20137639443,196.36,1167610000,20437.125,341.1145822,252755,0,0.000167286,3.20E+15,217205,106962595,6176
10/14/2018,253480218.7,253480218.7,511719,20482607952,199.69,1169260000,20461.3125,295.7844661,237994,0,0.000164697,3.22E+15,203419,94228890,6182
10/15/2018,751102108.6,751102108.6,562011,20034100883,195.27,2865830000,20317.125,409.7144918,268107,0.097635,0.000311333,3.22E+15,248781,107153415,6095
10/16/2018,538804885.1,538804885.1,575450,21511256921,209.63,1532280000,20380.96875,351.7551678,276792,0.036259701,0.00021,3.21E+15,250671,107881069,6114
10/17/2018,444476564.5,444476564.5,580354,21576398640,210.22,1444130000,20397.28125,382.899377,283208,0.013189413,0.000227429,3.19E+15,249995,108888589,6130
10/18/2018,535929679.7,535929679.7,565791,21291103000,207.4,1365860000,20439.46875,362.9863773,269712,0,0.000217094,3.24E+15,245004,109136645,6142
10/19/2018,399438530.4,399438530.4,601119,20869716153,203.26,1264480000,20293.59375,414.5677448,264053,0,0.000285747,3.21E+15,234777,112470618,6065
10/20/2018,318550821.4,318550821.4,534080,20899859118,203.51,1238780000,20449.96875,365.6828936,255541,0.010796206,0.000259861,3.16E+15,231475,97001285,6158
10/21/2018,432292940.5,432292940.5,508014,21097310359,205.39,1190300000,20354.71875,331.5280219,244529,0,0.000230979,3.13E+15,207553,98694145,6124
10/22/2018,364251709.1,364251709.1,577314,21079072981,205.17,1328980000,20250.65625,399.5440083,284591,0,0.000223752,3.11E+15,245202,118695553,6065
10/23/2018,381216806.1,381216806.1,556231,20964299914,204.02,1237490000,20575.875,407.2414001,271428,0.040967216,0.000274495,3.10E+15,244347,108661000,6168
10/24/2018,381403280,381403280,532709,20980381281,204.13,1102220000,20383.03125,470.9444351,273467,0.695446295,0.000360018,3.15E+15,253199,126564501,6124
10/25/2018,500350522.2,500350522.2,537236,20957477041,203.87,1102900000,20246.625,543.0080394,260626,0.19043303,0.00037774,3.12E+15,247801,133964757,6123
10/26/2018,392403956.6,392403956.6,551218,20804340300,202.34,1161310000,20499.84375,480.7497307,269456,0.242977945,0.000335603,3.06E+15,252383,123138046,6122
10/27/2018,227076225.4,227076225.4,499165,20913439417,203.36,1084810000,20245.03125,352.7770781,245068,0,0.000243945,3.13E+15,211461,92805166,6100
10/28/2018,227953011.5,227953011.5,509862,21035449637,204.51,1139140000,20309.0625,332.8198702,247334,0.040457191,0.0002205,3.10E+15,221942,95577302,6137
10/29/2018,448950133,448950133,614695,21107610088,205.17,1517230000,20396.0625,427.2276644,293855,0.037664432,0.000293964,3.05E+15,271592,120260852,6111
10/30/2018,357633030.5,357633030.5,608397,20291536653,197.2,1363500000,20171.25,422.8317184,302837,0,0.000293391,3.10E+15,262228,115319381,6043
10/31/2018,405403939.5,405403939.5,585707,20342416908,197.65,1442380000,20505.09375,423.3915605,295977,0.025265896,0.000273,3.11E+15,261009,110007579,6157
11/1/2018,350464571.8,350464571.8,589096,20335192702,197.54,1336700000,20239.21875,406.7283298,274529,0,0.000268682,3.06E+15,253689,109763750,6069
11/2/2018,415559851,415559851,548534,20487739444,198.98,1451870000,20139.65625,443.7313852,239952,0,0.00036155,3.00E+15,235002,104183397,6069
11/3/2018,241845630.8,241845630.8,505015,20672077802,200.74,1307150000,20180.34375,396.9843326,231301,0,0.000309366,3.00E+15,218620,96680956,6119
11/4/2018,337065815.6,337065815.6,510848,20616428718,200.16,1749300000,20283.09375,353.364413,238197,0,0.000315,3.03E+15,214515,97059819,6109
11/5/2018,532161225,532161225,582354,21335981889,207.1,1613510000,20394.09375,503.1924269,264179,0.10355,0.00042,2.99E+15,257958,106688788,6075
11/6/2018,443247773.4,443247773.4,597166,21522997616,209.47,1856940000,20251.78125,508.6021176,253402,0,0.00042,3.01E+15,253421,114570828,6064
11/7/2018,516493714,516493714,564602,22560768202,218.9,1927830000,20481.46875,467.8168061,239803,0,0.00037308,3.00E+15,243378,109335876,6144
11/8/2018,433972587.4,433972587.4,555392,22403150216,217.33,1769080000,20233.40625,547.5882472,234636,0,0.000381975,3.06E+15,238874,111487489,6066
11/9/2018,386194793.1,386194793.1,547848,21857291427,211.99,1554750000,20247.28125,411.3881521,259703,0.21199,0.000331065,3.00E+15,251731,106404819,6091
11/10/2018,252190500.8,252190500.8,489120,21653195233,209.97,1377760000,20416.125,298.407836,240779,0.01994715,0.000206947,3.00E+15,214599,100102037,6113
11/11/2018,259987697.7,259987697.7,527799,21916049105,212.48,1501600000,20310.09375,276.6102967,265502,0,0.000159763,3.08E+15,230079,104633209,6121
11/12/2018,425029655.3,425029655.3,571162,21820085620,211.51,1452380000,20310.28125,443.3535503,262679,0.0232661,0.000247695,3.01E+15,252931,113664810,6171
11/13/2018,402728561.6,402728561.6,553590,21683828109,210.15,1610260000,20272.3125,477.6172459,250432,0.0231165,0.0002607,3.03E+15,243153,107890716,6095
11/14/2018,699575384.3,699575384.3,582181,21314525337,206.53,2595330000,20119.125,578.0498418,259729,0.244302272,0.000361968,3.06E+15,266983,114327476,6071
11/15/2018,662622877.4,662622877.4,563051,18776172150,181.9,2638410000,20007.1875,628.5643454,250765,0.58106136,0.00042,3.07E+15,260726,107165038,6073
11/16/2018,461254602.2,461254602.2,552107,18673610380,180.87,2015330000,20278.875,543.543242,241015,0,0.000334467,3.09E+15,239878,105713694,6182
11/17/2018,267010320.9,267010320.9,505581,18108662988,175.36,1832800000,20020.40625,408.4340858,221405,0,0.000252,3.01E+15,214800,94753394,6112
11/18/2018,371614854,371614854,484801,17989922626,174.18,1810920000,20209.21875,459.6931282,216844,0,0.000256473,2.99E+15,203222,90417923,6159
11/19/2018,990012964.8,990012964.8,622942,18303000200,177.18,2745160000,19913.53125,632.8356542,292341,1.082525151,0.000342045,3.00E+15,299988,113991351,5999
11/20/2018,1015683929,1015683929,625752,15375705041,148.81,3134410000,20015.625,650.5701754,266499,0.1473219,0.000411708,2.93E+15,284536,119089570,6028
11/21/2018,565494326.2,565494326.2,579531,13552816225,131.14,2685930000,20226.9375,526.8918096,235547,0,0.000315,2.79E+15,245982,110156495,6136
11/22/2018,396366784.6,396366784.6,568895,14140966602,136.81,1792150000,19936.03125,501.9706126,230274,0,0.000296856,2.76E+15,234537,107865091,6063
11/23/2018,453021654.7,453021654.7,559992,13069568659,126.42,1998010000,20121.375,527.5046085,230963,0,0.00031539,2.76E+15,239484,108058211,6119
11/24/2018,327922583.1,327922583.1,497091,12750345333,123.3,1800960000,20006.25,460.6956845,205018,0,0.000263475,2.76E+15,207012,95569180,6119
11/25/2018,522925438.7,522925438.7,529038,11700527896,113.13,2466750000,20018.71875,529.5330937,223132,0.0610902,0.000356282,2.71E+15,235352,101613651,6154
11/26/2018,457056386.2,457056386.2,557388,12035412540,116.34,2139490000,20047.03125,520.8428368,235606,0.0069804,0.000318858,2.69E+15,237836,104756173,6071
11/27/2018,364547043.5,364547043.5,565825,11164939660,107.91,2320010000,19749.375,484.2971161,224851,0,0.00027589,2.52E+15,238447,107362807,5995
11/28/2018,427791716.9,427791716.9,622580,11403855940,110.2,2673470000,19893.28125,644.5610578,249354,0,0.000345852,2.40E+15,260278,119897986,6026
11/29/2018,493395810,493395810,555591,12702455113,122.72,2196099151,20100,736.8574209,221154,0,0.00042,2.42E+15,235499,109042091,6121
11/30/2018,2074488777,2074488777,599039,12188176999,117.73,2020748396,19921.78125,889.6326785,236867,0.11773,0.00059602,2.43E+15,239961,112708956,6046
12/1/2018,1776947338,1776947338,525757,11741562095,113.4,2131475768,19763.0625,585.9184021,216396,0,0.000381487,2.51E+15,213308,98505306,6057
12/2/2018,186059895.6,186059895.6,492410,12248470105,118.27,1856199149,19630.21875,514.3892108,208557,0,0.00034245,2.43E+15,208283,92625715,6061
12/3/2018,305036945.4,305036945.4,548100,12054578438,116.38,1772756193,19598.25,599.6450653,223147,0.0320045,0.000378,2.42E+15,233592,108728366,6033
12/4/2018,278003039.9,278003039.9,565202,11272530047,108.8,1748116495,19660.5,608.9956876,217978,0,0.00037244,2.47E+15,228994,108534206,6039
12/5/2018,363016280.4,363016280.4,595937,11433330128,110.34,1990157607,19708.3125,651.568036,235787,0,0.000402831,2.40E+15,240534,114099860,6017
12/6/2018,470904577.8,470904577.8,590923,10618376543,102.45,2310716932,19742.25,504.2197682,232182,0,0.0003947,2.44E+15,245179,116060115,6056
12/7/2018,545702024.8,545702024.8,572417,9501162088,91.65,2554304530,19490.8125,491.7059467,246292,0.09165,0.00037281,2.36E+15,263944,109905493,5972
12/8/2018,295828404.4,295828404.4,552651,9684930376,93.41,1855759401,19539.75,351.1176294,259984,0.046705,0.00021621,2.31E+15,255773,104327823,6023
12/9/2018,245704186.9,245704186.9,507555,9544931805,92.04,1875567180,19577.25,340.6541963,229164,0.018408,0.000207776,2.29E+15,226918,102889275,6097
12/10/2018,262848224.3,262848224.3,555379,9852082580,94.99,1756437577,20028.09375,403.8920435,254918,0.02859199,0.000246594,2.36E+15,253921,112379796,6176
12/11/2018,265229402.9,265229402.9,536006,9500126267,91.58,1707497898,19359.5625,384.9648081,221499,0,0.000265573,2.35E+15,220885,106055929,5984
12/12/2018,239835014.7,239835014.7,533920,9194589923,88.61,1533050103,19606.3125,368.9459198,222635,0,0.000262065,2.26E+15,220429,101319325,6076
12/13/2018,295859061.2,295859061.2,565689,9408681540,90.66,1754475622,19764.375,437.2470373,224604,0,0.00036562,2.22E+15,231766,107558969,6097
12/14/2018,267778879.9,267778879.9,567306,8992020919,86.63,1651491877,19412.71875,588.2778597,225716,0,0.00030945,2.22E+15,239190,112312451,6014
12/15/2018,169586257.5,169586257.5,551916,8750026777,84.28,1496176898,19813.78125,338.956378,232085,0,0.00024526,2.22E+15,237481,102710251,6115
12/16/2018,163741267.5,163741267.5,516697,8771532146,84.47,1565817037,19526.25,308.8249106,235004,0.019111312,0.000175967,2.22E+15,235766,95892838,6039
12/17/2018,335183148.1,335183148.1,570051,8867795161,85.38,2101453024,19065.5625,392.5739418,236332,0,0.000276196,2.24E+15,240809,111274382,5891
12/18/2018,367292721.4,367292721.4,556320,9880016405,95.11,2277514076,18868.59375,662.0927348,223394,0,0.00033075,2.22E+15,234419,115295662,5861
12/19/2018,518636856.6,518636856.6,597824,10564013309,101.68,2456482115,18796.125,449.8792085,245096,0,0.000333963,2.25E+15,260509,114808136,5849
12/20/2018,551725934.9,551725934.9,602429,10504482929,101.09,3063842618,18806.4375,445.5068438,246085,0,0.000338295,2.24E+15,258282,114650771,5853
12/21/2018,616521541.1,616521541.1,606526,12039275076,115.84,2632539990,18829.59375,425.3365536,241998,0,0.000336,2.26E+15,251173,114766451,5837
12/22/2018,316505787.8,316505787.8,495551,11378629171,109.46,2338772939,19038.46875,325.7114363,202437,0,0.00027629,2.27E+15,209202,98432753,5925
12/23/2018,403800705.9,403800705.9,543655,12192320519,117.27,3579715061,18869.4375,362.0133636,227783,1.17E-05,0.000330495,2.30E+15,242279,101422530,5865
12/24/2018,590801661.7,590801661.7,615551,13585160761,130.64,4370343387,19045.03125,440.5974996,252831,0,0.000349489,2.39E+15,270176,112906514,5927
12/25/2018,374432721.2,374432721.2,535001,14665877926,141,3298280609,19079.4375,439.2599119,227287,0,0.000360167,2.46E+15,235851,98183178,5967
12/26/2018,303907939.2,303907939.2,560047,13511887621,129.89,2720469126,19244.4375,507.3454868,233171,0,0.0002772,2.53E+15,235481,110240420,5961
12/27/2018,436268973.7,436268973.7,548411,13725533932,131.92,2612804378,18935.8125,339.1474947,238362,0,0.000272874,2.50E+15,233443,103505570,5893
12/28/2018,390977610.7,390977610.7,572189,12165168176,116.9,3130201009,18980.15625,363.6774046,248361,0,0.000307584,2.45E+15,244449,105795350,5907
12/29/2018,566632910.8,566632910.8,543746,14412635399,138.47,3169029972,19155.375,321.0541148,242318,0,0.000230328,2.44E+15,240887,100827042,5960
12/30/2018,254118804,254118804,460395,14327912908,137.63,2660086834,18847.40625,565.4777008,207807,0.13763,0.000315,2.49E+15,205245,85611940,5886
12/31/2018,333245860.7,333245860.7,522040,14580294574,140.03,2358360234,19000.875,332.2533144,226012,0,0.00027383,2.50E+15,212294,97712799,5921
1/1/2019,246009726,246009726,448168,13894665367,133.42,2258709868,18717.75,302.7395372,201241,0,0.000227604,2.40E+15,191467,80232633,5871
1/2/2019,434866960.9,434866960.9,589959,14740761446,141.52,3328240369,19119.65625,346.5328971,240315,0,0.000266259,2.42E+15,227063,107506091,5931
1/3/2019,430476600.6,430476600.6,596620,16168158174,155.2,2676164880,17933.25,328.0423784,259751,0,0.000223464,2.59E+15,225762,107932770,5580
1/4/2019,625582081.7,625582081.7,549398,15516260252,148.91,3126192535,17831.90625,360.3244464,228944,0,0.000307903,2.59E+15,228013,104815780,5554
1/5/2019,701133237,701133237,511189,16084495645,154.34,3338211928,18022.125,494.4826824,216106,0,0.00021004,2.64E+15,215515,97513081,5620
1/6/2019,427728412.8,427728412.8,487372,16239178797,155.8,3231294371,17807.34375,299.719299,221027,0,0.000221106,2.70E+15,214227,88550926,5585
1/7/2019,458787464.3,458787464.3,550964,16451841965,157.81,2712108388,18041.625,336.3862761,249639,0.000757488,0.000252,2.70E+15,250063,102124541,5610
1/8/2019,397226900.2,397226900.2,553367,15845763025,151.97,2459808140,17777.90625,312.9878546,246655,0.013541287,0.000252736,2.67E+15,253770,99648671,5562
1/9/2019,378986148.2,378986148.2,558847,15700773354,150.55,2369241197,18022.5,299.2979444,248537,0,0.00022869,2.70E+15,250844,100223591,5610
1/10/2019,538861450.5,538861450.5,582839,15732793682,150.84,3397734456,17846.8125,365.2110384,243552,0,0.0002835,2.67E+15,253966,106629931,5568
1/11/2019,548692590.5,548692590.5,541838,13333337738,127.81,2667585234,17797.59375,331.2395423,235446,0.0102248,0.000252,2.69E+15,238023,103992025,5566
1/12/2019,213637443.6,213637443.6,452707,13306193269,127.53,2212109224,17698.5,247.1068657,189308,0,0.00021,2.62E+15,193480,88199043,5541
1/13/2019,371589434.3,371589434.3,481347,13139541603,125.91,2268263944,17957.34375,266.1134797,198739,0,0.000219654,2.61E+15,200583,89019017,5635
1/14/2019,460766786.1,460766786.1,577239,12209854162,116.98,2798085735,18008.90625,507.8723391,271124,0.22974872,0.00042,2.63E+15,268880,103864746,5629
1/15/2019,362336222.8,362336222.8,539896,13484936968,129.17,2735449164,17920.40625,422.7306952,245115,0.161768375,0.00037879,2.70E+15,245817,101558942,5619
1/16/2019,355272872.9,355272872.9,507687,12718139484,121.81,2746469340,17603.8125,432.1166909,216882,0,0.000323061,2.62E+15,206917,99547503,5528
1/17/2019,310938211.6,310938211.6,517082,12904593984,123.57,2594091285,17704.125,329.7179088,216436,0,0.000297368,2.58E+15,204855,99542772,5561
1/18/2019,237099824.1,237099824.1,538899,12914977045,123.65,2305389800,17792.71875,369.6552893,217353,0,0.000315,2.57E+15,211807,99743845,5619
1/19/2019,196176065.7,196176065.7,539125,12703962326,121.61,3048261797,18009.5625,331.1483997,208200,0,0.000234131,2.64E+15,199599,101514665,5683
1/20/2019,236410235.8,236410235.8,537705,13022292238,124.63,2964108269,17764.21875,307.1551589,196351,0,0.000302419,2.67E+15,183343,99838678,5599
1/21/2019,244381549.4,244381549.4,582751,12502094274,119.64,2421720343,16141.125,355.5677709,215039,0,0.000297352,2.84E+15,210048,108792729,5094
1/22/2019,245524186,245524186,605558,12239570182,117.11,2552507405,16084.78125,486.4309336,207145,0,0.000275868,2.88E+15,201651,115189315,5072
1/23/2019,256806225.4,256806225.4,533819,12409194321,118.71,2556952198,15758.34375,344.2729887,215197,0,0.00029592,2.75E+15,212330,103362771,4991
1/24/2019,313910080.2,313910080.2,520130,12280447355,117.46,2520843420,16080.46875,355.0825504,209816,0,0.000307914,2.81E+15,206815,100916704,5086
1/25/2019,259205748.1,259205748.1,504903,12295452390,117.59,2606881898,16080.09375,324.8543626,213050,0,0.000281245,2.81E+15,211508,93491404,5106
1/26/2019,163994109.4,163994109.4,464380,12169788740,116.37,2412181169,16004.53125,272.3808017,196600,0,0.000252,2.75E+15,199917,88065902,5055
1/27/2019,238816986.2,238816986.2,488814,12185904100,116.51,2775888287,15846.1875,270.2409489,201500,0,0.00021408,2.74E+15,209391,91605507,5013
1/28/2019,411752065.4,411752065.4,568564,11851354116,113.29,3366895505,15416.71875,373.1450728,242449,0.0623095,0.000311358,2.61E+15,259964,105383593,4884
1/29/2019,277778360.1,277778360.1,566026,11165526784,106.72,2900418606,15463.78125,328.5928283,219777,0,0.0002621,2.44E+15,228672,107642118,4870
1/30/2019,299547470.7,299547470.7,555347,11030044271,105.41,2874370355,15555.375,351.0083886,208897,0,0.000294787,2.40E+15,225687,106740760,4949
1/31/2019,283619107.3,283619107.3,517057,11397307082,108.9,2828796031,15653.4375,390.3859144,208574,0,0.000339543,2.47E+15,211310,102578836,4931
2/1/2019,239102156.9,239102156.9,498856,11215666226,107.15,2541271519,15300.65625,358.5584409,204709,0,0.000294,2.41E+15,204776,98770059,4848
2/2/2019,145767787.2,145767787.2,450314,11250887224,107.47,2385157838,15611.625,286.8860847,183801,0,0.000252,2.36E+15,182525,86358050,4935
2/3/2019,160404762.9,160404762.9,424378,11568989341,110.49,2519334757,15226.125,253.716463,169638,0,0.000265811,2.35E+15,162101,80629959,4858
2/4/2019,132569024.9,132569024.9,416394,11271072460,107.63,2491888675,15394.6875,266.9024157,166443,0,0.000265811,2.36E+15,156406,80617335,4938
2/5/2019,124733424.5,124733424.5,414815,11272935581,107.63,2515863999,15418.78125,269.8225206,168851,0,0.000252,2.36E+15,158379,81344349,4900
2/6/2019,219817011.7,219817011.7,429065,11267851727,107.57,2593048199,15302.34375,283.6582111,173440,0,0.000273,2.35E+15,168223,83277359,4892
2/7/2019,174245122.3,174245122.3,428676,10983080769,104.84,2326764622,15398.625,302.8064798,169030,0,0.000291525,2.33E+15,167720,85729376,4918
2/8/2019,261182268.6,261182268.6,471952,10965081994,104.65,3656841347,15471.28125,327.477084,186133,0,0.00030168,2.37E+15,190455,93448993,4923
2/9/2019,168220046.7,168220046.7,417129,12492814898,119.21,2884650400,15347.0625,292.2933798,170697,0,0.000280008,2.37E+15,165821,83977631,4900
2/10/2019,196999422,196999422,381151,12514927561,119.41,3148766590,13370.34375,274.0939016,157442,0,0.0003,2.80E+15,154770,79933591,4298
2/11/2019,287942212.8,287942212.8,429007,13089006223,124.87,3222473887,13131.09375,321.2202112,179264,0,0.000346374,2.79E+15,173877,86834952,4195
2/12/2019,213772175.7,213772175.7,438111,12704240625,121.18,3149576429,13363.78125,316.6904563,184723,0,0.000294,2.85E+15,180174,88980387,4273
2/13/2019,255239990.9,255239990.9,491354,12848557300,122.54,3386585799,13054.875,356.530882,189675,0,0.00032559,2.81E+15,183103,97421552,4169
2/14/2019,230894440.9,230894440.9,474782,12837221666,122.42,3331701628,13083.46875,395.4933456,189325,0,0.000281599,2.76E+15,181780,97090098,4166
2/15/2019,222204505,222204505,468599,12737111786,121.45,3021741615,13063.96875,408.3424294,193085,0,0.00036711,2.76E+15,184345,94600173,4158
2/16/2019,148329895.8,148329895.8,454309,12838346118,122.4,2905833287,13281.46875,360.4285482,183083,0,0.000318018,2.79E+15,173315,90871933,4224
2/17/2019,243465043.6,243465043.6,447945,12921633162,123.18,4236081130,12989.34375,358.4557704,178008,0,0.000356607,2.79E+15,172649,91883619,4139
2/18/2019,457608973,457608973,512455,13956633917,133.03,5387525773,13297.78125,491.5818448,225127,0.008996819,0.00042,2.80E+15,228165,101148719,4196
2/19/2019,445195310.4,445195310.4,533602,15361072647,146.4,5310842625,13530.46875,4475.319097,221281,0,0.00042,2.93E+15,222729,105402006,4288
2/20/2019,370540307,370540307,530268,15234805119,145.17,4500094965,13419.46875,465.0343006,204142,0,0.00042,2.93E+15,217533,105027617,4242
2/21/2019,521781755.6,521781755.6,544817,15675102415,149.35,3995766856,13339.6875,449.9250979,195509,0,0.00038697,2.94E+15,198392,107224348,4252
2/22/2019,355420084.6,355420084.6,530839,15332952094,146.07,3731099284,13292.0625,426.4722352,200173,0,0.000403767,2.91E+15,197230,105817789,4238
2/23/2019,258436155.5,258436155.5,476225,15608247022,148.68,4519468458,13651.96875,385.4804922,190616,0,0.00037362,3.02E+15,193342,95082264,4353
2/24/2019,512317646.7,512317646.7,540201,16684059877,158.9,5957715043,13358.15625,465.3831882,203516,0,0.000416667,3.01E+15,208956,103792088,4254
2/25/2019,562885418.5,562885418.5,573756,14228951645,135.5,4914392068,13371.65625,523.6293883,210842,0,0.00042,2.97E+15,217686,113113421,4238
2/26/2019,297325939.6,297325939.6,553925,14666298218,139.65,3791292839,13518.46875,525.2215983,210535,0,0.000456041,2.98E+15,208300,112455743,4281
2/27/2019,446847608.3,446847608.3,539516,14497632344,138.03,4469776860,13513.6875,477.5621442,215536,0,0.00042,2.97E+15,213682,108480550,4281
2/28/2019,361817390,361817390,541458,14315746326,136.28,4535438953,12954.84375,545.1417622,222463,0,0.00046921,2.93E+15,223075,109661823,4366
3/1/2019,287761923.3,287761923.3,547622,14377986031,136.84,3756124824,12869.625,392.6540135,226902,0,0.000307054,2.04E+15,209509,113546948,5994
3/2/2019,225268474.5,225268474.5,526912,14328584127,136.35,3747176425,13634.875,357.899073,209047,0,0.000266707,1.92E+15,197712,105368586,6402
3/3/2019,250252464.1,250252464.1,492382,14167656152,134.79,3454374053,13597.6875,331.5732771,195214,0,0.000266259,1.91E+15,183610,97837163,6379
3/4/2019,386154916.2,386154916.2,620211,13894432359,132.16,4008171341,13645.25,428.5885393,228702,0,0.00026166,1.89E+15,217717,126423075,6384
3/5/2019,334210993.9,334210993.9,598085,13437437791,127.79,4764849990,13752.875,429.9624327,227649,0,0.000310058,1.90E+15,219995,120476675,6429
3/6/2019,357252355.8,357252355.8,578932,14503610487,137.96,4589054219,13565.8125,414.3721222,226989,0,0.00029758,1.91E+15,221727,113426443,6399
3/7/2019,355511506.9,355511506.9,572685,14609082451,138.94,4339206292,13672,411.2237615,226429,0,0.000311379,1.90E+15,222499,110192135,6438
3/8/2019,375583865.5,375583865.5,562361,14543933691,138.31,4678816794,13621,406.0610477,227293,0,0.0002646,1.93E+15,218161,120092185,6388
3/9/2019,284215094.3,284215094.3,555854,14185959059,134.89,5011918715,13530.5,361.4021193,225884,0,0.00021852,1.88E+15,216014,111952353,6380
3/10/2019,268610279.5,268610279.5,484038,14534221087,138.18,4578438499,13844.625,314.318252,191093,0,0.000225952,1.88E+15,187434,97988512,6513
3/11/2019,376877586.2,376877586.2,536412,14396751551,136.85,4689807419,13514.3125,349.9312312,207487,0,0.00022836,1.88E+15,206341,108989990,6389
3/12/2019,350067003.7,350067003.7,564306,14099687502,134.01,4709988000,13659.25,356.5442989,228994,0,0.00021051,1.85E+15,230779,114061894,6453
3/13/2019,299653871.9,299653871.9,573281,14164667279,134.61,4265162099,13587.8125,347.0700142,221922,0,0.00021,1.84E+15,221500,122438294,6399
3/14/2019,336403972.9,336403972.9,573828,14017955711,133.2,4476532147,13623.3125,322.9920768,229350,0,0.00019601,1.85E+15,227705,118714631,6422
3/15/2019,323540977.4,323540977.4,553012,14058719828,133.57,4506861856,13557.0625,331.6740741,215938,0,0.00021,1.86E+15,224342,115133253,6424
3/16/2019,305945542.6,305945542.6,504183,14517053044,137.91,4839003569,13813.8125,273.0711946,194193,0,0.00021,1.89E+15,204353,105926338,6511
3/17/2019,282466632.8,282466632.8,494872,14975028823,142.24,3827157729,13572.5,310.6706602,203610,0,0.000194091,1.90E+15,197062,98349866,6415
3/18/2019,407379403.7,407379403.7,573940,14752047580,140.1,4551739879,13480.4375,2581.240509,230508,0,0.000213068,1.88E+15,233975,123422431,6368
3/19/2019,291876039.9,291876039.9,635940,14663873649,139.25,4251488129,13620.75,432.0201258,235540,0,0.00029992,1.81E+15,235379,135819281,6416
3/20/2019,443800839,443800839,630313,14795034652,140.48,4664134462,13756,390.60527,231450,0,0.00021,1.87E+15,253335,127430234,6475
3/21/2019,409634427.7,409634427.7,618318,14796898879,140.48,5087247796,13582.5,566.0264781,218232,0,0.00026111,1.86E+15,234631,128883588,6372
3/22/2019,320048616.2,320048616.2,628700,14386423896,136.56,4490899266,13610,461.5168686,221900,0,0.00021,1.84E+15,254015,127034930,6409
3/23/2019,370773448.5,370773448.5,561778,14438709821,137.04,4436568613,13716,349.0025571,205413,0,0.000196264,1.83E+15,229784,111614997,6431
3/24/2019,276967072.2,276967072.2,549073,14575140923,138.32,4266845458,13625.5,347.3544853,202947,0,0.000203823,1.85E+15,226588,108947199,6432
