date,txVolume(USD),txCount,marketcap(USD),price(USD),exchangeVolume(USD),fees,activeAddresses
10/1/2017,33628228.44,16860,1706009552,34.12,72169504,0,8290
10/2/2017,32137854,25867,1785048585,35.7,116098000,0,11196
10/3/2017,33806473.1,20461,1832330980,36.65,74199600,0,8886
10/4/2017,21216943.74,18808,1689402404,33.79,60565900,0,8405
10/5/2017,23242929.67,19541,1560301795,31.21,66785000,2.00E-08,8827
10/6/2017,38016582.5,21728,1624883652,32.5,47267100,0,9540
10/7/2017,38614065.36,26878,1676958237,33.54,48058800,0.004,11083
10/8/2017,148335854,74440,1781761066,35.64,107725000,47.519,21606
10/9/2017,65526189.48,21436,1602066062,32.04,98290304,0.002,9553
10/10/2017,78865441.6,25502,1457415464,29.15,48223600,0.008,12921
10/11/2017,25849632,19876,1465053788,29.3,33627700,0.004,9654
10/12/2017,29803021.03,18953,1500494675,30.01,61080400,0,8956
10/13/2017,39463589.25,19517,1392575911,27.85,81365000,0,9045
10/14/2017,19097669.96,15089,1466005273,29.32,33551100,0,7061
10/15/2017,19233118.8,14096,1382589740,27.65,31189200,0,6650
10/16/2017,17145492.08,15750,1387873509,27.76,34713200,0,7493
10/17/2017,34117293,21560,1424941003,28.5,74210000,0.002,9683
10/18/2017,23675031.4,16555,1583053354,31.66,49659700,0,7767
10/19/2017,19696494.16,14501,1483020698,29.66,30401400,0,6979
10/20/2017,30983061.36,14540,1434087849,28.68,36933700,0.002,7346
10/21/2017,18581627.92,13418,1387810704,27.76,34058900,0,6413
10/22/2017,14073854.1,12224,1357561297,27.15,36184100,0,6005
10/23/2017,14358732.08,14144,1424556959,28.49,28154800,0,7118
10/24/2017,30626185.98,19889,1366968262,27.34,78225600,0,9604
10/25/2017,26592459.47,13777,1505684627,30.11,35558400,0,6935
10/26/2017,15446640.64,13393,1423874338,28.48,35987900,0,6669
10/27/2017,13741721.47,12430,1416322691,28.33,28919000,0.003,6417
10/28/2017,2477532039,12869,1443073865,28.86,25368200,0,6763
10/29/2017,14169921.6,13382,1768152853,27.2,29736500,0,6644
10/30/2017,31767729.84,14237,1801499596,27.72,30968500,0,7330
10/31/2017,20059904.55,14456,1864902402,28.69,61688400,0,7236
11/1/2017,30818154.18,15502,1844892299,28.38,49782800,0,7479
11/2/2017,27696281.25,16778,1738941617,26.75,74455200,0,8205
11/3/2017,23342251.2,13243,1599023848,24.6,40142100,0,6747
11/4/2017,9717804.47,10268,1739905488,26.77,31870600,0,5336
11/5/2017,31754259.92,11293,1721232623,26.48,25229700,0,5731
11/6/2017,13516243.75,12412,1720275444,26.47,26798400,0,6222
11/7/2017,100862480.4,28346,1706698270,26.26,40146900,0,16490
11/8/2017,48290166.33,23325,1701310676,26.17,120273000,0,10924
11/9/2017,51760005.8,22229,1999600567,30.76,79919296,0,10592
11/10/2017,33505838.8,18557,2077968884,31.97,57756900,0.083,8383
11/11/2017,38626613.65,15449,1829628145,28.15,45994100,0.493,6965
11/12/2017,36044287.2,16372,1848716566,28.44,63588200,0.105,7426
11/13/2017,31467824.16,17334,1762948969,27.12,41299400,0.045,8778
11/14/2017,19920867.6,15825,1845720585,28.4,39436300,0.09,7608
11/15/2017,22360850.64,16607,1936218051,29.79,45103700,0.056,7885
11/16/2017,22527983.65,16448,1914496785,29.45,40895700,0.013,7626
11/17/2017,56666850.57,27101,1866260587,28.71,252834000,0.014,12479
11/18/2017,129690576,49007,2583063737,39.74,434827008,0.109,21554
11/19/2017,98395525.36,31368,2795818794,43.01,273035008,0.051,14010
11/20/2017,81089622.84,30228,2595801347,39.94,243906000,0.076,13097
11/21/2017,87912629.55,27683,2353615750,36.21,133333000,0.1,12743
11/22/2017,41945424.3,22715,2239131356,34.45,82378800,0.032,9906
11/23/2017,78282028.94,24414,2329096811,35.83,68917800,0.2143,12872
11/24/2017,38659620.27,18786,2267954299,34.89,68977696,0.118,8311
11/25/2017,34782143.58,21974,2263665002,34.83,125113000,0.208,9673
11/26/2017,27900628.2,20143,2472863727,38.04,61597700,0.155,9430
11/27/2017,53942872.4,23252,2490514486,38.32,83345904,0.156,10845
11/28/2017,75465588.64,23259,2608333551,40.13,80129000,0.374,10774
11/29/2017,61948735.41,25240,2469242903,37.99,137123008,0.274,11494
11/30/2017,73577137.66,20548,2114791976,32.54,78895104,0.031,9161
12/1/2017,56337807.24,19949,2137736665,32.89,89359696,0.115,9297
12/2/2017,47102935.04,18260,2329573429,35.84,48991700,0.021,8781
12/3/2017,54579727.8,23014,2281686906,35.1,79801696,0.167,11814
12/4/2017,60673158.75,26250,2382340387,36.65,160430000,0.138,12641
12/5/2017,43229418.83,19867,2729434369,41.99,101480000,0.128,10320
12/6/2017,130482836.3,24388,2519007892,38.75,118745000,0.183,11590
12/7/2017,59240340.96,29389,2277737205,35.04,125301000,0.18,17206
12/8/2017,47010030.08,20269,2264724875,34.84,125450000,0.401,10264
12/9/2017,38354936,20205,2337629093,35.96,93255296,0.143,9569
12/10/2017,54088389.09,17349,2326412855,35.79,72133600,0.173,8345
12/11/2017,28363083.56,20471,2165956942,33.32,77323800,0.05,9897
12/12/2017,37966818.16,24809,2354375738,36.22,132796000,0.05,11860
12/13/2017,96657747.82,33882,2647727684,40.73,294500000,0.483,15854
12/14/2017,71868421.7,33393,2918696027,44.9,313147008,0.348,14974
12/15/2017,104047051.8,31191,3285058928,50.54,204064992,0.197,12818
12/16/2017,46368014.74,27325,3128949230,48.14,164723008,0.36,11947
12/17/2017,154573516.2,67848,3233308863,49.74,500799008,0.45312137,35130
12/18/2017,133581064.9,46524,4449048338,68.45,437848992,0.132,19956
12/19/2017,121924847,39652,5017626340,77.19,290083008,0,16909
12/20/2017,101222120.5,34708,4635223554,71.31,305912000,0,15043
12/21/2017,126210537.6,39947,4947890124,76.12,225272000,0,19279
12/22/2017,127061764.8,39138,4650141840,71.54,297579008,0.004,14706
12/23/2017,70836930.56,30240,3661092118,56.32,146282000,0,13317
12/24/2017,80434064.2,20447,3855502903,59.32,160158000,0,8985
12/25/2017,48490891.47,21650,3917804003,60.27,170538000,0,9776
12/26/2017,211985525.7,27019,4329418715,66.61,195466000,0,11192
12/27/2017,128187623.5,34751,4259685645,65.53,153715008,0,15441
12/28/2017,107520918.8,28646,4339081658,66.76,135592000,0,12717
12/29/2017,188745456.6,32909,4270777380,65.7,163331008,0,14988
12/30/2017,109680322.6,29185,4821913114,74.18,202376992,0,12603
12/31/2017,137851592.2,26952,4716437254,72.56,181356992,0,12146
1/1/2018,111824520.1,26476,4952582475,76.19,142094000,0,12203
1/2/2018,199208857.2,37605,5104212663,78.53,373376992,0,17883
1/3/2018,349761789.3,36631,5869444397,90.3,288086016,0,17274
1/4/2018,557039014.4,38557,6811281275,104.79,332545984,0,18542
1/5/2018,480399045.2,42212,6429271457,98.91,292932992,0,18776
1/6/2018,296560496.2,36345,6195272847,95.31,187746000,0,17510
1/7/2018,228149876.5,36178,6572735831,101.12,196620992,0,17931
1/8/2018,197555939.6,34594,6637605495,102.12,231395008,0,16746
1/9/2018,1398229065,43317,6634497735,102.07,529663008,0,20232
1/10/2018,1048609016,37555,8270465508,127.24,361796992,0,17811
1/11/2018,604209268,35633,8001869448,123.1,270718016,0,16042
1/12/2018,559472820.9,34627,7096642985,109.18,234756992,0,16647
1/13/2018,1195132086,49565,8069864774,124.15,455703008,0,22892
1/14/2018,3664805418,97515,9136292778,140.56,648694016,0.1,39032
1/15/2018,4380069047,100461,11056794997,170.1,1455619968,0,47626
1/16/2018,3335482537,59113,12217965912,187.97,1664429952,0,27672
1/17/2018,1640986659,44810,9407450000,144.73,1587920000,0.004,21111
1/18/2018,974616669.4,64886,9268740109,142.6,838633984,0.018,27434
1/19/2018,561102912.5,35325,9181579101,141.25,494800000,0,18165
1/20/2018,675480134.7,36116,9131971807,140.49,501671008,0,18979
1/21/2018,591551206.5,30594,9764577576,150.23,346048000,0,16047
1/22/2018,502438620.6,34284,8599708624,132.3,346611008,0,17121
1/23/2018,350015617.8,34742,8019313785,123.37,263388992,0,17338
1/24/2018,331709597.6,33068,7966991595,122.57,433360000,0,16826
1/25/2018,329409791.9,29871,8976695141,138.1,315009984,0,15655
1/26/2018,272099503.5,27050,8953620132,137.75,324067008,0,14092
1/27/2018,181112176.8,21763,8979292135,138.14,207868000,0,12400
1/28/2018,300885762,34954,9123810146,140.37,246175008,0,19180
1/29/2018,588718713,71103,9885258791,152.08,602513984,0,28326
1/30/2018,904755763.8,62657,10975824967,168.86,670294976,0,35301
1/31/2018,290228287.2,28671,9450870321,145.4,357308992,0,14976
2/1/2018,358976797.2,39500,9487625890,145.96,356495008,0,18507
2/2/2018,187521469.2,36813,8166328075,125.64,552638976,0,19241
2/3/2018,944649800.6,33589,7867269899,121.03,255707008,0,16439
2/4/2018,903239567,27099,7943280390,122.21,203674000,0,13758
2/5/2018,706832896.3,32250,6991684991,107.57,312096000,0,16139
2/6/2018,493418936.1,38648,5464343693,84.07,659945984,0,18421
2/7/2018,464569364.9,37055,6833516668,105.13,571724032,0,18317
2/8/2018,168522984.7,21300,6763900000,104.06,546732992,0,11294
2/9/2018,259659790,22520,7279226170,111.99,212450000,0,12273
2/10/2018,354143802.9,30348,7618374536,117.21,355323008,0,14984
2/11/2018,402713291.3,54027,7179180568,110.45,257944000,0,29956
2/12/2018,183920101.3,34661,6771460823,104.18,272088992,0,16846
2/13/2018,154406418.1,28288,7386267809,113.64,176966000,0,14296
2/14/2018,451022158.8,30038,7205782372,110.86,228692992,0,14927
2/15/2018,440830652,29511,7930064320,122,218616000,0,15048
2/16/2018,237522464.3,27687,7996175882,123.02,194878000,0,14146
2/17/2018,217647672.6,28786,8516300000,131.02,286384992,0,15101
2/18/2018,170840454.4,25487,8865721589,136.4,207624000,0,13257
2/19/2018,119698230.7,27464,8270359348,127.24,201551008,0,14670
2/20/2018,142732036.8,33225,8966610287,137.95,239238000,0,16493
2/21/2018,84333312.19,26461,8298275577,127.67,207330000,0,13480
2/22/2018,84770288.56,25663,7840506179,120.62,193746000,0.002,12509
2/23/2018,173327387.1,19101,7370168240,113.39,189394000,0.003,10322
2/24/2018,140846835.7,25837,7892566249,121.42,157950000,0,13159
2/25/2018,135555490.1,24820,7689109627,118.29,114914000,0,12678
2/26/2018,432144981.3,40483,7729322821,118.91,292700000,0,19075
2/27/2018,729649579,48361,8764538494,134.84,427504992,0,21599
2/28/2018,1042666538,41096,9254769459,142.38,315822016,0,19743
3/1/2018,497605680,41766,8687519268,133.65,282388000,0,21573
3/2/2018,636001549.9,28917,8446614025,129.95,148930000,0,15279
3/3/2018,1146343979,37286,8077230641,124.26,132602000,0,16579
3/4/2018,778335321,28675,7918817310,121.83,177840000,0,14406
3/5/2018,829690822,31709,7808007250,120.12,212735008,0,15674
3/6/2018,435100139.6,27401,7297827711,112.27,203770000,0,13599
3/7/2018,407299285.1,27267,6849904591,105.38,297579008,0,13807
3/8/2018,192379972.2,28682,6535249871,100.54,158916992,0,15457
3/9/2018,106908261.6,23633,5960422816,91.7,216976000,0,12639
3/10/2018,131963065.4,23615,6065615715,93.32,123154000,0,11745
3/11/2018,536927345.3,23059,5553459927,85.44,120665000,0,11518
3/12/2018,965407786.4,33721,5946538502,91.49,125997000,0,15845
3/13/2018,1136864622,28042,5562130049,85.57,118017000,0,13684
3/14/2018,1060009431,23020,5422436182,83.42,146276992,0,11857
3/15/2018,878405765.8,23910,4669265424,71.83,173336000,0,12203
3/16/2018,846106660.4,38125,4527767314,69.66,114395000,0,15223
3/17/2018,527155860.3,24800,4439370127,68.3,95221696,0,10902
3/18/2018,463486771,25224,3976791069,61.18,249146000,0,11427
3/19/2018,232726070.2,39639,4367355947,67.19,274503008,0,11401
3/20/2018,109475609.2,22577,4800250000,73.85,255944000,0,11600
3/21/2018,78586997.31,20639,4966779358,76.41,177772992,0,10827
3/22/2018,66273773.49,17275,4732514082,72.81,152648000,0,9126
3/23/2018,97022348.39,21338,4524372819,69.61,137020992,0,9312
3/24/2018,63556763.53,28863,4489830042,69.07,102618000,0,15796
3/25/2018,545683195,20352,4237214001,65.19,82989200,0,10929
3/26/2018,1195030525,21261,4250758062,65.4,144888992,0,10210
3/27/2018,607871080.6,19611,3866870891,59.49,145188992,0,9514
3/28/2018,568454140.2,18483,3596873767,55.34,81977504,0,9341
3/29/2018,563896128.6,19352,3725509016,57.31,110023000,0,8762
3/30/2018,425707684.5,22771,3370464367,51.85,114151000,0,8877
3/31/2018,341281494.9,18828,3277623055,50.43,68031800,2.00E-08,8694
4/1/2018,364157294.7,16550,3272390546,50.34,73349000,0,7998
4/2/2018,222248565.5,16446,3077055879,47.34,62854800,0,8347
4/3/2018,325212114.2,18605,3183794965,48.98,84566304,0,9311
4/4/2018,318659009.5,15038,3469700000,53.38,73956800,0,7676
4/5/2018,245529279.2,21705,3084998037,47.46,63650600,0,9149
4/6/2018,268305448,17918,3058134312,47.05,46850100,2.00E-08,8158
4/7/2018,214478887.6,16873,2919426697,44.91,49786600,0,7947
4/8/2018,195422949.3,17431,3025093850,46.54,44671100,0,8190
4/9/2018,224095218.9,24775,3209098503,49.37,267976992,0,11206
4/10/2018,110898379.2,19438,3458138005,53.2,90631296,0,9209
4/11/2018,122672347.4,23502,3417781735,52.58,178200992,0,10508
4/12/2018,122381585.3,29549,3794700000,58.38,272688992,6.00E-08,12966
4/13/2018,97570108.68,24528,4332718911,66.66,177671008,0,11822
4/14/2018,42202082.01,16805,4043618340,62.21,90798000,0,8197
4/15/2018,351082454.6,21368,4181527291,64.33,126368000,0,10235
4/16/2018,563987501.1,19291,4557704334,70.12,124354000,0,9259
4/17/2018,424775585.9,22191,4355822239,67.01,104953000,0,9145
4/18/2018,335363009.9,22055,4271191046,65.71,146354000,0,10538
4/19/2018,462904694.6,23233,4715565518,72.55,172656992,0,11207
4/20/2018,270177728.4,29010,4821657292,74.18,184820992,0,12094
4/21/2018,172743563.3,23314,5141650837,79.1,172502000,0,10385
4/22/2018,128182507.3,22530,4844561654,74.53,118189000,0,10935
4/23/2018,63444687.75,25751,4787513795,73.65,129211000,0,12050
4/24/2018,559403367.4,40068,4958796236,76.29,214076000,0,20218
4/25/2018,285896646.7,26294,5361850000,82.49,232380992,0,12065
4/26/2018,255889829.7,19456,4651116782,71.56,142338000,0,8962
4/27/2018,167767813.7,19597,5006127773,77.02,133132000,0,9484
4/28/2018,224221444.9,20989,4707109868,72.42,143123008,0,10182
4/29/2018,159969014.2,34039,4978448397,76.59,502971008,0,12777
4/30/2018,950191363.3,23878,5989927695,92.15,377384992,0,11118
5/1/2018,625284968.9,20470,5484095355,84.37,180819008,0,9093
5/2/2018,494870253.8,21593,5486637058,84.41,137844000,0,9644
5/3/2018,431353517.8,28729,5519894280,84.92,226830000,0,13106
5/4/2018,313679747.2,25659,5700466173,87.7,153112000,0,10962
5/5/2018,158590651,22113,5480299411,84.31,128178000,0,10123
5/6/2018,60862576.8,20620,5479224582,84.3,177590000,0,8717
5/7/2018,288231443.6,19752,5433665215,83.59,157183008,0,8976
5/8/2018,312244217.7,21610,5172056710,79.57,126518000,0,9417
5/9/2018,220978182.7,17828,5012918211,77.12,120422000,0,8606
5/10/2018,225010974.2,21485,4960573802,76.32,126392000,0,10241
5/11/2018,160784520.6,19960,4547457380,69.96,177496992,0,9352
5/12/2018,94468293.9,19099,4123937943,63.45,125551000,0,8630
5/13/2018,113360761,25199,4209219846,64.76,105992000,0,12311
5/14/2018,63873893.3,16082,4408498990,67.82,130220000,0,8098
5/15/2018,295666211.5,19184,4314672713,66.38,98810800,0,8668
5/16/2018,306117328.9,15843,4098833728,63.06,99496200,0,7338
5/17/2018,242176109,21635,4026267116,61.94,96606600,0,8956
5/18/2018,215553550.7,19087,3751705702,57.72,94202000,0,8431
5/19/2018,119036018.4,17863,3877755816,59.66,79662304,0,7861
5/20/2018,108358797.3,19856,3849816637,59.23,89350200,0,8855
5/21/2018,108098866.7,27292,4133369853,63.59,121919000,0,11545
5/22/2018,80242534.12,27004,4056833815,62.41,95219600,0,11400
5/23/2018,48332110.5,18251,3734121895,57.45,109642000,0,8221
5/24/2018,50178368.24,14900,3403176256,52.36,107696000,0,7276
5/25/2018,72262603.1,15159,3581689104,55.1,93827504,0,7052
5/26/2018,59495308.38,18410,3428283672,52.74,84223296,0,7548
5/27/2018,472481253.6,46527,3401024878,52.32,76785504,0,15771
5/28/2018,270825038.4,30242,3436006793,52.86,92695200,0,11352
5/29/2018,221238677.4,24196,3127553906,48.12,106526000,0,9138
5/30/2018,171573614.5,19410,3403485844,52.36,82723104,0,8114
5/31/2018,113995618.2,18595,3343486294,51.44,85826000,0,8064
6/1/2018,98330464.4,20052,3457781731,53.2,102577000,0,8065
6/2/2018,83070888.25,20970,3616217565,55.63,97926200,0.06820024,8570
6/3/2018,42460477.95,17906,3681969361,56.65,90826096,0.01540006,7782
6/4/2018,161061128,17541,3659848640,56.31,91888400,0.00880006,7604
6/5/2018,158523121.5,18347,3477717144,53.5,92081000,0,7442
6/6/2018,120912664.7,18273,3543287994,54.51,81572600,0.00440002,7785
6/7/2018,110325416.9,16399,3510499972,54.01,78293600,0.00440002,7253
6/8/2018,88889840.55,17091,3480716907,53.55,77989800,0.0022,6972
6/9/2018,80689744.08,14326,3416306382,52.56,72333200,1.00E-08,6130
6/10/2018,82250530.15,15600,3323355481,51.13,99954096,0.00440003,6567
6/11/2018,47955180.32,16779,2961685749,45.56,85727200,0.00440012,7419
6/12/2018,35444170.36,17495,2956864253,45.49,83302000,0.00660004,7717
6/13/2018,47671050,15428,2697775760,41.5,98023200,0.00660006,6929
6/14/2018,182358358.3,14704,2490345067,38.31,105352000,0.01100002,6466
6/15/2018,123440652.6,12209,2655138960,40.85,68554496,0.00220001,5252
6/16/2018,100768441.9,10876,2485704109,38.24,67913800,0,4957
6/17/2018,96769854.37,13399,2507037064,38.57,64709800,0.00220002,5787
6/18/2018,71378837.4,13076,2518321999,38.74,88125504,0,5938
6/19/2018,71558028.39,14246,2575788761,39.63,75684096,0.00880004,6405
6/20/2018,66464283.6,12909,2595636675,39.93,71498704,0.0022,5694
6/21/2018,43895416.98,13184,2533894179,38.98,70598704,0.0022,5943
6/22/2018,43868817.34,12266,2458654776,37.82,84102496,0.0088,5826
6/23/2018,108545060.8,13350,2151101048,33.09,53422000,0,5602
6/24/2018,176878635.5,14178,2225500357,34.24,90829600,0,5895
6/25/2018,111774591.4,12457,2025947771,31.17,58836700,0.0044,5739
6/26/2018,69305188.86,11430,2055766857,31.63,52380500,0.0022,5335
6/27/2018,25625989.2,12636,1979393613,30.45,53013200,0.0044,5962
6/28/2018,96582784.69,11804,1970261151,30.31,52412700,0.00880002,5330
6/29/2018,121840033.5,14689,1843288053,28.36,64412600,2.00E-08,6115
6/30/2018,82041735.6,13408,1930191271,29.7,73997696,0.0022,5837
7/1/2018,47010483.39,11574,2002809803,30.81,72319000,0.00440002,5371
7/2/2018,40435355.4,15486,2037727346,31.35,142578000,0.01100002,7434
7/3/2018,165269953.7,20757,2341371342,36.02,150783008,4.00E-08,8962
7/4/2018,227149650,17360,2347695109,36.12,216351008,0,7410
7/5/2018,81848389.03,17568,2631733718,40.49,190606000,0,7859
7/6/2018,182409065.2,13846,2638034659,40.59,136135008,0,5822
7/7/2018,211890324.2,10559,2452800689,37.74,88447504,0.0022,4730
7/8/2018,120574176,12746,2552256453,39.27,150560000,0,5774
7/9/2018,67932731,11175,2541341070,39.1,164582000,0.0022001,5752
7/10/2018,80775962.28,11987,2376729643,36.57,193408000,2.40E-07,6231
7/11/2018,43744600.2,10967,2175041102,33.46,98957504,4.74242022,5562
7/12/2018,125161359.4,10764,2202449541,33.88,111093000,0.72173264,5387
7/13/2018,57251354.24,10088,2077706327,31.96,127253000,0.70220024,5029
7/14/2018,14256246.68,8668,2155155519,33.16,74716704,2.20220128,4462
7/15/2018,29792767.2,9630,2110934599,32.48,86309504,0.24115983,4599
7/16/2018,40183122.15,10824,2182250134,33.57,128169000,11.02002032,5738
7/17/2018,116342354,18389,2398118325,36.89,136894000,0.03071442,8568
7/18/2018,95434480.98,13724,2556592780,39.33,143288992,2.50860064,6705
7/19/2018,75866242.08,11000,2441339117,37.56,99780304,0.04358056,5244
7/20/2018,51323548.92,10697,2344208962,36.06,103809000,0.13731134,5039
7/21/2018,29467952.91,8730,2166374228,33.33,85597904,0.32620018,4521
7/22/2018,42132297.06,10298,2226792938,34.26,74153200,1.06176366,5112
7/23/2018,37748858,13546,2160961296,33.25,81723000,0.6510025,6315
7/24/2018,27832939.4,13149,2092944678,32.2,118100000,0.68511882,6161
7/25/2018,34915995,11149,2194006729,33.75,92019400,0.04430208,5885
7/26/2018,87403915.83,12947,2223583103,34.21,86474304,2.38973914,6133
7/27/2018,37526447.28,9621,2156867536,33.18,77205696,0.76040214,4849
7/28/2018,21973941.55,8999,2180627232,33.55,67771600,2.04867349,4651
7/29/2018,28674188.45,9488,2212009249,34.03,71226496,0.78945267,4971
7/30/2018,34312422.55,10744,2179483759,33.53,76035000,2.2158031,5279
7/31/2018,22154117.58,8595,2094021317,32.22,69345600,13.26618274,4615
8/1/2018,17596795.59,7514,1947834926,29.97,59706400,0.78347415,4225
8/2/2018,9442406.19,7742,1945593198,29.93,54152700,1.34954892,4175
8/3/2018,5835607.1,7972,1848987602,28.45,61311800,1.42235011,4384
8/4/2018,5354057.1,6312,1829387616,28.14,57559000,0.02474982,3644
8/5/2018,17309630.08,5794,1726261636,26.56,49751000,0.08110266,3591
8/6/2018,59715977.2,6522,1787129408,27.49,55233900,0.30276988,4021
8/7/2018,49009602.56,6951,1705545854,26.24,61221200,0.0103434,3965
8/8/2018,32756338.68,10749,1635690099,25.17,67822900,4.02986106,5347
8/9/2018,16552383.12,10420,1419417597,21.84,51844400,0.42736868,5110
8/10/2018,66470236.47,9093,1464134670,22.53,55462300,0.12728098,4300
8/11/2018,64253180.44,12750,1296342456,19.94,78834900,0.90360426,5532
8/12/2018,17651381.25,10776,1218978597,18.75,47089100,0.43140686,4658
8/13/2018,17860669.2,11235,1203150000,18.51,52043100,5.68262214,5424
8/14/2018,82315028.7,26748,1025387053,15.78,72739000,1.66447059,10574
8/15/2018,63959009.4,13230,1052820851,16.2,71774200,0.29957802,5710
8/16/2018,5281908.4,4343,1027304484,15.8,59234600,0.31958904,2840
8/17/2018,18009916,6873,1050297271,16.16,111468000,2.92199445,4000
8/18/2018,24183031.86,6483,1327985469,20.43,83859300,2.6111661,3760
8/19/2018,12278307.96,6166,1214473973,18.68,69574000,2.13045075,3597
8/20/2018,9409869.76,8531,1268471862,19.52,60671000,0.3363962,4555
8/21/2018,7982759.05,8706,1114618485,17.15,45962300,0.13719489,4346
8/22/2018,44233907.2,7961,1163584618,17.9,64149800,0.91565228,3941
8/23/2018,63311540.89,8379,1073447255,16.51,50369500,0.83832735,4071
8/24/2018,19534312.22,5968,1154874697,17.77,46036900,2.06181699,3371
8/25/2018,27351655.08,10372,1155088978,17.77,44633900,1.63328909,5161
8/26/2018,24353223.64,8369,1153048320,17.74,45759000,1.76989693,4231
8/27/2018,19218957,10055,1159225806,17.83,85067000,2.28211538,5270
8/28/2018,30336095.6,14400,1339296016,20.6,85983000,2.92544876,7216
8/29/2018,16377959.9,10179,1382004268,21.26,80280700,1.87797295,5263
8/30/2018,41634320.74,17367,1286578655,19.79,62811600,0.0641048,7653
8/31/2018,23264135.88,12554,1271099965,19.56,60857900,2.71441413,5441
9/1/2018,15552383.19,17106,1313906892,20.21,87431500,0.69065241,6777
9/2/2018,161394997.7,15341,1457671538,22.43,87394700,10.39017712,7004
9/3/2018,178093229.7,33127,1437951016,22.12,77796800,495.1801534,11962
9/4/2018,186177933.2,37353,1492393833,22.96,98087000,232.037002,12876
9/5/2018,116834119.9,24326,1572230034,24.19,137784000,95.62629014,8596
9/6/2018,113162781.3,24370,1271924921,19.57,114332000,117.7631669,8212
9/7/2018,107446364.7,26480,1317797584,20.27,82280000,177.512828,8615
9/8/2018,25831681.56,8530,1281778743,19.72,61180100,0.1473499,3956
9/9/2018,33897029.64,11603,1177563802,18.12,65760400,0.06895121,5567
9/10/2018,31562741.91,27697,1207160978,18.57,57206800,48.88505017,15800
9/11/2018,16815705.84,16401,1205291720,18.54,60804300,4.15854825,10203
9/12/2018,14319188.19,10839,1149954532,17.69,58464700,14.90056324,4553
9/13/2018,45290150.22,10712,1154904032,17.77,66194200,11.23332286,4696
9/14/2018,40347936,10039,1193313474,18.36,62110000,15.66823295,4131
9/15/2018,29224448.85,7794,1166762871,17.95,55508900,0.36274167,3696
9/16/2018,24342508.86,7144,1183355560,18.21,46986500,0.42707178,3456
9/17/2018,29743869.63,8920,1182307597,18.19,63922000,0.32527883,4156
9/18/2018,14983870.72,7499,1082709012,16.66,48766900,0.72702618,3836
9/19/2018,12513372.48,7154,1105514377,17.01,52494900,0.97591156,3490
9/20/2018,13971353.36,7538,1118447834,17.21,54578800,2.11850523,3738
9/21/2018,29766768,10583,1185774265,18.24,129320000,0.51331706,4833
9/22/2018,26677394.96,7887,1286459535,19.79,80468100,0.2392505,3893
9/23/2018,62130357.03,8983,1224144577,18.83,85869300,0.16512964,4178
9/24/2018,55692117,8311,1267657923,19.5,72185000,2.41804172,3810
9/25/2018,39038494.29,7954,1195250993,18.39,66048600,0.09105044,3546
9/26/2018,28343055.5,7658,1177103915,18.11,84686500,0.46442031,3868
9/27/2018,26888452.9,7503,1161580599,17.87,127495000,0.19550224,3694
9/28/2018,49496357.7,13309,1238526740,19.05,186831000,284.2669233,6475
9/29/2018,33922359.84,8232,1242611894,19.12,114329000,0.10781242,4158
9/30/2018,45789538.68,8412,1246247786,19.17,141458000,0.69484774,4257
10/1/2018,190964599.8,8518,1225184373,18.85,162321000,1.7185936,4183
10/2/2018,52910187.42,8161,1212860663,18.66,153533000,0.32042744,3811
10/3/2018,46453502.25,10863,1199504022,18.45,123794000,0.04571874,5060
10/4/2018,30978522.9,7013,1166008848,17.94,147540000,0.10861566,3511
10/5/2018,44526069.95,6953,1166493007,17.95,91481600,2.05187906,3369
10/6/2018,20217493.78,6640,1182264035,18.19,98981200,4.28000512,3334
10/7/2018,23403680.82,6972,1166261420,17.94,143765000,0.53139528,3444
10/8/2018,19293800.96,8077,1178660780,18.13,159657000,0.05026727,3958
10/9/2018,14522624.68,7668,1203609025,18.52,162300000,0.2452762,3868
10/10/2018,19769979.25,7454,1184832807,18.23,176005000,0.26398249,3586
10/11/2018,47801711.7,10195,1179016430,18.14,228270000,0.33428917,4191
10/12/2018,52015422.53,8413,1001412885,15.41,195622000,0.15782431,3904
10/13/2018,22447231.8,7416,1016503242,15.64,138117000,0.02801155,3388
10/14/2018,38902299.2,7250,1024256087,15.76,158264000,0.44111312,3425
10/15/2018,42991110.75,10124,1014637535,15.61,253750000,2.46753344,4459
10/16/2018,13127644.8,8031,1060922823,16.32,191769000,1.59045452,3940
10/17/2018,11640236,8009,1071019966,16.48,255805000,2.150124,3699
10/18/2018,10846542.98,9035,1082867244,16.66,323295000,0.03898802,3823
10/19/2018,6124872.6,7285,1074119273,16.52,194625000,0.24929576,3381
10/20/2018,3048865.92,6996,1071212867,16.48,179868000,0.06158919,3305
10/21/2018,4477957.12,6823,1081410131,16.64,216587000,2.70807212,3376
10/22/2018,9360277.44,7844,1071161606,16.48,154339000,0.45846958,3688
10/23/2018,21803991.51,9256,1087175358,16.73,169231000,2.30365441,4135
10/24/2018,18889958.76,6821,1077403681,16.58,138539000,0.04881646,3357
10/25/2018,4657439.6,3483,1087102620,16.72,91006000,2.14609479,2326
10/26/2018,16898374.85,8685,1071949184,16.49,128714000,2.0487414,4181
10/27/2018,16523760.76,7357,1053558036,16.21,83991800,6.86365218,3405
10/28/2018,9455063.24,9722,1045766074,16.09,102821000,8.03553344,4375
10/29/2018,9161524.16,11357,1050502312,16.16,142185000,13.20380799,4601
10/30/2018,7884760.86,10619,1003055504,15.43,123947000,4.07707016,4304
10/31/2018,4017307.5,6092,991535065.4,15.25,137329000,1.27872567,2772
11/1/2018,11808809.2,10885,996104836.7,15.32,131218000,177.5277411,5469
11/2/2018,31265460.84,9590,1022052921,15.72,151665000,12.87090422,4345
11/3/2018,12646719.04,8033,1050551184,16.16,124722000,3.69758675,3692
11/4/2018,20911440,9074,1040025015,16,168143000,13.60412493,4098
11/5/2018,14799730,8748,1079052990,16.6,141451000,4.50064559,3916
11/6/2018,15715924.11,9574,1055017200,16.29,174980000,0.16436087,4207
11/7/2018,10086964.02,8960,1105702870,17.01,168569000,0.14113642,4026
11/8/2018,23101667,8789,1089030709,16.75,154513000,20.91617548,3865
11/9/2018,51621639.3,8874,1060216509,16.31,138562000,1.85257877,3671
11/10/2018,42290382.12,8892,1036372487,15.94,129460000,20.91402485,3796
11/11/2018,44325676.08,8609,1037082098,15.96,126121000,8.66878595,3780
11/12/2018,37809107.12,8656,1048629506,16.13,161123000,1.71951425,3847
11/13/2018,28039810.37,8704,1022609654,15.73,137967000,4.85336511,4097
11/14/2018,45734660.66,10164,997100000,15.34,196751000,8.78684647,4708
11/15/2018,36974851.65,9339,879456765,13.53,185592000,5.08700093,4146
11/16/2018,28491775,7513,844780433.1,13,148956000,3.80634604,3523
11/17/2018,13025729.6,7828,825733569.1,12.7,151395000,4.5675545,3568
11/18/2018,11561078,7011,806179253.4,12.4,175701000,3.56104385,3393
11/19/2018,39476374.11,14972,817419560.5,12.57,233627000,5.08207915,5541
11/20/2018,14012119.9,12819,658716322.8,10.13,213977000,23.40325991,4842
11/21/2018,30888208.14,11949,585712316.7,9.01,162871000,5.50206341,4993
11/22/2018,40332364.46,8728,599233015.2,9.22,166761000,5.84795093,3754
11/23/2018,18256941.01,7654,546362289.5,8.41,155044000,6.63704367,3286
11/24/2018,10883851.68,7462,556550257.8,8.56,131520000,4.96547322,3182
11/25/2018,9634995.48,9609,486254863,7.48,168973000,13.19126484,3985
11/26/2018,22262673.04,9137,499544769.5,7.69,129336000,5.44565051,3899
11/27/2018,21306571.52,8366,462752827.5,7.12,126595000,3.62750944,3539
11/28/2018,35744696.75,9955,471069700.5,7.25,175504000,7.32847613,4574
11/29/2018,17330679.27,8632,543985828.7,8.37,173504509,4.6586099,4011
11/30/2018,12037131.04,8220,551270407.1,8.48,137492882,5.01788971,3600
12/1/2018,3504449.61,7442,502166212.7,7.73,151081040,9.35886432,3326
12/2/2018,2859769.61,7500,531003298.6,8.17,134091442,2.04090449,3392
12/3/2018,60937776,8099,520337540.1,8,127227094,5.24520798,3610
12/4/2018,20554803.88,7704,477115935.8,7.34,155406465,2.67480425,3495
12/5/2018,20912457.54,8222,495128116.7,7.62,147996551,9.16164818,3910
12/6/2018,16699536.39,8265,454276715.9,6.99,138744932,10.14744456,3925
12/7/2018,12438483.3,8796,393802183.8,6.06,169111360,9.33909664,3663
12/8/2018,10943632.8,8028,393998488.5,6.06,161033524,5.57082841,3284
12/9/2018,15674899.28,6779,392587836.1,6.04,136916930,3.19659349,3067
12/10/2018,12977926.4,6750,416007078.7,6.4,109775487,5.38085032,3128
12/11/2018,13440817.44,8606,397793644.6,6.12,91438630,4.93302846,3346
12/12/2018,8094473.6,6472,379836492,5.84,106740367,6.22630923,2863
12/13/2018,34957825.65,25059,393131341.9,6.05,112211642,4.00420485,10595
12/14/2018,5088607.58,7219,373059231.8,5.74,93988016,2.90542425,3083
12/15/2018,3310905.65,6295,367175999,5.65,65620129,4.6486034,2867
12/16/2018,15468632.15,7784,367406874.1,5.65,80240795,3.80910507,3471
12/17/2018,18303765.48,7974,371606131.2,5.72,104423945,10.6425912,3719
12/18/2018,14100316,9420,425932391,6.55,96404858,5.011289,4262
12/19/2018,9640524.51,10172,444029150.6,6.83,144157829,27.46260882,4017
12/20/2018,21219622.98,10169,434976135.4,6.69,168613103,23.72021593,3996
12/21/2018,29743152.78,12625,471916233.9,7.26,185729577,23.782708,4601
12/22/2018,4067022.96,8123,450338346.1,6.93,180836268,2.35245563,3761
12/23/2018,49839933.96,10159,461854667.2,7.11,172563267,7.27834827,4317
12/24/2018,44023104.49,11810,499701834.8,7.69,206500280,6.87944921,4993
12/25/2018,25656847.92,7090,552200890.9,8.49,128604042,8.00942704,3069
12/26/2018,53276931.4,11396,500476537.5,7.7,115818985,4.78670456,4086
12/27/2018,22087666.55,7770,511861258.5,7.87,100876756,6.01032658,3387
12/28/2018,17361961.26,9367,453544339.9,6.98,123245949,5.633173,3902
12/29/2018,19555631.16,7356,521286046,8.02,119973813,15.27742427,3352
12/30/2018,8933501.27,7935,517967652.8,7.97,113712668,6.31192431,3404
12/31/2018,8079992.76,7944,528088917.8,8.12,104180796,9.02800439,3384
1/1/2019,7512453.85,6583,490511231,7.55,100037385,5.14140798,3148
1/2/2019,20914662.09,8514,512625466,7.89,119182671,5.7558547,3906
1/3/2019,16191284.85,7942,524498064.1,8.07,85506700,3.83300522,3533
1/4/2019,14482754.78,8230,498849876.9,7.67,91083130,3.84906139,3810
1/5/2019,6074572.56,8596,495600387.4,7.62,102420264,3.72040945,3890
1/6/2019,14020844.32,9452,509749824.8,7.84,153043100,6.59940828,4086
1/7/2019,27064618.56,9981,561669105.7,8.64,130619451,6.17862828,4253
1/8/2019,15609179,11113,552244912,8.5,173654060,7.64601671,4590
1/9/2019,26186100.02,11716,599394401.8,9.22,185427763,7.44988942,4914
1/10/2019,42962946.15,9722,598504772.1,9.21,177262261,3.67211092,3835
1/11/2019,14751487.8,8409,515854514.2,7.94,120581366,3.28520457,3755
1/12/2019,7684907.25,7140,516882888.1,7.95,104462357,2.12901438,3353
1/13/2019,10632383.82,7022,502778276.5,7.74,114403812,3.18323007,3299
1/14/2019,13316214.22,7476,469459471.3,7.22,132180216,5.67920321,3345
1/15/2019,43313342.56,7503,519501756.5,7.99,132412256,7.29341472,3525
1/16/2019,6406170.89,7190,495694681.9,7.63,130166754,5.60433864,3437
1/17/2019,6143479.25,6689,503752316.1,7.75,130902165,2.6180434,3096
1/18/2019,14782968.65,7106,511666477,7.87,113409937,4.89110369,3127
1/19/2019,12354539.88,7499,501770445.2,7.72,141779987,5.20144619,3337
1/20/2019,13375078.34,7470,524005445.8,8.06,155380342,3.6238045,3206
1/21/2019,10965112.02,6882,494566828.1,7.61,116729955,4.17140521,3332
1/22/2019,19521712.82,6506,491800828.2,7.57,132491494,8.42750368,3050
1/23/2019,15519950.6,6743,500271379.1,7.7,98520101,5.16432363,3137
1/24/2019,9611695.17,6113,493229678.9,7.59,95665449,4.76583998,2940
1/25/2019,16031329.68,5989,504482988,7.76,106034923,2.97280823,2989
1/26/2019,11055297.99,6050,493627585.4,7.59,93847643,3.52640291,2980
1/27/2019,13410742.02,6985,490054818.9,7.54,120602207,5.0720275,3291
1/28/2019,10293967.8,7107,483211017.6,7.43,138166064,5.70548285,3242
1/29/2019,3197989.08,3462,456484351.2,7.02,128674508,1.95263944,2164
1/30/2019,1835019.81,5121,457067711.5,7.03,127490778,4.74646219,2731
1/31/2019,6055430.58,8307,462255161.3,7.11,126570197,26.02960703,3513
2/1/2019,1978355.61,5572,450610839.1,6.93,110514792,3.52252511,2676
2/2/2019,1582385.22,5450,456294433.5,7.02,118178032,2.76822412,2639
2/3/2019,1787964.54,5437,470131466.8,7.23,113281405,2.51316737,2607
2/4/2019,1709374.48,5820,455397011.2,7.01,104145001,3.30070633,2558
2/5/2019,1776874.82,6136,459642249,7.07,112713128,4.90900461,2818
2/6/2019,4075410.84,6284,460260806.5,7.08,113960942,4.62660262,2801
2/7/2019,2977340.64,5779,447283091.9,6.88,98062942,3.22502434,2634
2/8/2019,4274663.92,7083,449970681.8,6.92,161363179,3.33208882,3149
2/9/2019,2160353.2,5880,494232774.3,7.6,122279806,3.27200208,2994
2/10/2019,3239447.51,7152,498586867.1,7.67,159699885,4.02831308,3188
2/11/2019,14376758.56,7765,519264387.1,7.99,180322479,4.72582561,3271
2/12/2019,19686380.37,7369,528426920.7,8.13,191455559,7.62279522,3330
2/13/2019,11370170.84,6632,537126066.2,8.26,159400724,5.20665636,3223
2/14/2019,5657988.96,5715,538216205.9,8.28,147559333,3.28824334,2612
2/15/2019,7497683.2,6545,517698980.7,7.96,164623226,3.06240301,2930
2/16/2019,6734187.16,6872,527445059.3,8.11,173410185,4.20302303,3321
2/17/2019,10818038,11815,517287067.6,7.96,258499649,4.85886689,5142
2/18/2019,6839674.8,9309,546240281.8,8.4,232315948,8.24123488,4294
2/19/2019,4817072.7,7548,575083761.3,8.85,264778436,6.75168267,3700
2/20/2019,8659323,7846,584758327,9,239088321,6.69660451,3613
2/21/2019,5946042.8,7230,598322370.6,9.2,227003933,6.67262724,3234
2/22/2019,12279868.7,7147,562115042.3,8.65,188250575,4.20120238,3349
2/23/2019,28950345.84,10633,569562969.6,8.76,358802825,14.52506702,4617
2/24/2019,42566438.22,13383,661595258.1,10.18,546178687,16.58071051,5206
2/25/2019,15467180.72,8005,589944969.3,9.08,318263212,6.16250603,3434
2/26/2019,5355779.56,6482,608754471.2,9.37,335598444,4.07122548,2963
2/27/2019,23230895.84,6549,595289033.4,9.16,296811753,3.94062288,3086
2/28/2019,19569278.86,6326,583739695.8,8.98,240794894,4.76903845,2935
3/1/2019,20846915.33,7006,580397913.9,8.93,260838267,5.13841159,3150
3/2/2019,15004499.4,6626,586273257,9.02,259087758,3.94440548,3122
3/3/2019,7110445.86,6380,573211523.6,8.82,226822878,5.55640455,3073
3/4/2019,14599008.9,7870,565197244.2,8.7,314165465,7.37650562,3270
3/5/2019,20594142.35,6937,539139306,8.29,301955652,10.51502362,3268
3/6/2019,13860739.88,6377,574297079,8.84,282146719,11.04406932,2983
3/7/2019,6712851.2,6650,571712546.3,8.8,307951799,5.8210087,3089
3/8/2019,6205616.78,7552,601865485.1,9.26,326617088,12.53647316,3408
3/9/2019,11939508.45,6869,575224804,8.85,297585392,7.04621217,3323
3/10/2019,13996838.6,6566,588272626,9.05,290220064,5.55800308,3241
3/11/2019,17345292.88,6556,576066465.1,8.86,313082304,5.9004141,3108
3/12/2019,13280115.2,6753,571838159.1,8.8,268597663,6.71501146,3157
3/13/2019,12846126.5,8262,578598494,8.9,299672755,6.84523482,3685
3/14/2019,8357553.16,7015,585993592.1,9.02,328168530,5.20143056,3158
3/15/2019,6708526.46,6195,609303527.9,9.37,240911036,4.17024234,2924
3/16/2019,6081405.96,7307,606568589,9.33,289565478,4.17690509,3399
3/17/2019,5684630,6169,618777549.6,9.52,284618106,2.59620942,3046
3/18/2019,8233438.8,6859,604789824.1,9.3,359608160,5.14491725,3172
3/19/2019,66430007.8,7161,599054300.4,9.22,265459635,5.43900578,3033
3/20/2019,69755957.04,7317,604860952.2,9.31,313948902,4.5420456,3149
3/21/2019,27206504.6,7037,610743343.6,9.4,299041688,5.20380364,3008
3/22/2019,21431842.16,6495,587852529.4,9.04,297369881,4.07980805,2996
3/23/2019,14278516.56,6590,600402445.5,9.24,251277165,5.13941333,3089
3/24/2019,15093367.11,7493,611415583.5,9.41,277997571,5.92170791,3117
