"date","txVolume","adjustedTxVolume.USD.","txCount","marketcap","price.USD.","exchangeVolume.USD.","realizedCap.USD.","generatedCoins","fees","activeAddresses","averageDifficulty","paymentCount","medianTxValue.USD.","medianFee","blockSize","blockCount","inbasket"
"10/1/2017",444152696.8,245986587.3,17501,2932991749,55.14,100183000,2084104249,15725,31.46515158,55682,904453.1472,41776,193.0916087,0.000446,9860276,629,0
"10/2/2017",414648188,153561946.7,20685,2902017485,54.55,95474600,2083231418,14750,32.3544002,61972,904453.1472,45789,232.2414515,0.000373,10291063,590,0
"10/3/2017",543993774.3,137574674.5,19392,2841285034,53.39,88516096,2081581820,14700,29.12156973,58383,963023.2906,43138,209.3141677,0.000346,9903762,588,0
"10/4/2017",376362351.2,126798431.1,18975,2783005009,52.28,77473400,2082591984,15275,27.60914064,58517,964767.0601,45145,182.8677548,0.000346,9972335,611,0
"10/5/2017",237602059.3,108692432.6,19455,2736864554,51.4,69594400,2082089256,13725,27.03660608,61042,964767.0601,44333,159.297908,0.000346,10641999,549,0
"10/6/2017",157418126.9,71560463,20561,2750428226,51.64,59355900,2082711284,14575,27.67239589,62601,971505.2173,46527,123.0067077,0.000373,11085717,583,1
"10/7/2017",126786051.5,56657888.05,18558,2778014523,52.14,51786200,2083455576,14400,26.36576941,58662,977949.428,44255,89.59795632,0.000452,10089570,576,1
"10/8/2017",237606421.5,84211390.91,19846,2797360841,52.49,100841000,2084005790,14775,28.63091355,61632,977949.428,46482,129.2524352,0.00051783,10492617,591,1
"10/9/2017",442071451.3,139338450.7,23158,2829646134,53.08,152366000,2082268004,14175,33.09726436,69479,977915.7188,48655,285.6775138,0.000374,12080832,567,1
"10/10/2017",299220008,105834935.2,21902,2673741424,50.15,90415504,2080205208,13100,30.61008255,66560,976754.8583,48293,212.9403604,0.000346,11098820,524,0
"10/11/2017",205953787.6,76240987.55,20247,2706443575,50.75,57390100,2082521427,13650,27.4349881,61572,976754.8583,47485,158.7536404,0.0002626,10496907,546,1
"10/12/2017",468676865.3,172115663.7,28669,2714639390,50.89,341368992,2094960684,13825,45.78326481,76277,976754.8583,56663,288.5198347,0.00045,14432566,553,1
"10/13/2017",517527547.1,256749155.2,31319,3230878048,60.55,357124000,2098814485,14400,50.05892393,82311,956999.5967,58968,302.7363157,0.000374,17440431,576,1
"10/14/2017",351605397.2,170034568.2,24482,3171053266,59.41,313105984,2108721368,15850,35.69351809,72925,919573.7996,56859,226.4776559,0.00045,12748977,634,0
"10/15/2017",362214475,165424036.4,23927,3423919105,64.13,453940000,2116119771,16750,38.79400189,70981,919573.7996,52052,250.0925066,0.00045371,13693991,670,1
"10/16/2017",260162387.7,105320709.1,27154,3510047872,65.72,200428000,2120135191,15100,38.92082551,73995,936929.0766,55420,229.8491937,0.00045,14583390,604,1
"10/17/2017",312909798.8,138601389.2,27196,3454715649,64.67,205363008,2121586023,14025,40.45442159,74972,1034767.066,57065,229.7702802,0.000328,15169608,561,0
"10/18/2017",315922690.1,164443818.5,26667,3184314482,59.59,283868992,2131782462,14850,38.66474765,78757,1034767.066,54226,240.5266328,0.00026159,14329568,594,0
"10/19/2017",239394586,87350906.8,25230,3250851136,60.82,160943008,2133203465,14225,35.92169129,71386,1034767.066,47316,235.1637109,0.000226,12285867,569,1
"10/20/2017",219952163.3,91317558.84,25409,3197775389,59.81,150542000,2135237893,14425,34.1227325,70237,1021509.504,48067,269.3686804,0.000226,12168828,577,0
"10/21/2017",272167634.9,74802072.62,24063,3224915538,60.3,139503008,2136393457,14475,36.34813825,74924,1014422.349,49528,233.1176304,0.0002626,12613846,579,1
"10/22/2017",209622090.5,93509033.21,21477,3116919404,58.27,96781400,2135202154,13475,31.91684441,66853,1014422.349,44928,174.2028266,3e-04,10967134,539,0
"10/23/2017",349719741.2,127928506.9,29762,3037676253,56.77,177315008,2133968821,15300,46.94730982,83508,1015334.647,51929,248.6188116,0.0002626,14739477,612,0
"10/24/2017",288167265.2,112290273.8,30002,2941762468,54.96,199788992,2134762734,14175,46.10254916,87688,1020625.978,55382,296.5433346,0.00045329,17622105,567,0
"10/25/2017",235944827.2,91804356.09,25209,2995612380,55.95,114510000,2141317236,14325,37.41289924,71457,1020625.978,48679,205.5867425,0.000436,12481346,573,1
"10/26/2017",215992015.3,80706108.33,25724,3023899941,56.47,81104704,2141928715,13925,39.38809325,70897,1020625.978,48372,220.3790732,0.0002277,12403023,557,1
"10/27/2017",173006316.4,67436863.99,25536,2982126709,55.67,78923104,2142439686,14850,39.80518514,72564,1012899.79,49167,217.2141429,0.000226,12653148,594,0
"10/28/2017",154701105.7,57270237.55,21768,2967543021,55.38,71063200,2143598262,15700,36.19371105,59913,1008052.401,35569,175.6042991,0.000346,11296651,628,0
"10/29/2017",1359490965,609030455.9,22828,2929910388,54.67,138340000,2157875631,14825,37.10037835,70303,1008052.401,58469,185.9376964,0.000408,12806001,593,0
"10/30/2017",2067285791,797735570.5,25684,3047319309,56.84,129287000,2158487244,15675,37.43177049,70563,1031228.466,48827,226.9982117,0.000353,12434549,627,1
"10/31/2017",1970383303,943336729.6,21538,3023109073,56.37,99381104,2159215750,14025,34.96273079,69886,1081815.816,51141,244.9048517,5e-04,12169288,561,0
"11/1/2017",2228372948,1045681721,24157,2989934808,55.74,112759000,2154584195,14125,39.54419986,74616,1081815.816,48656,303.6000217,0.000552,12138026,565,0
"11/2/2017",2064554794,1152873452,27529,2873489234,53.56,221076992,2168261922,12650,41.8517525,71620,1081815.816,39450,342.0940958,0.000522,12872748,506,0
"11/3/2017",2221464533,934712741.3,24524,2929218256,54.58,150030000,2173083226,14425,36.45480241,75451,1044287.697,60775,292.0333934,0.000521,13186263,577,1
"11/4/2017",1684619454,749838686.7,19249,3017905139,56.22,83633104,2172644493,16075,27.12560016,54334,1026293.444,32750,245.6966148,5e-04,9403240,643,1
"11/5/2017",1640384437,784389332.2,18545,2954721753,55.03,84302000,2173321828,13400,28.61303684,64823,1026293.444,46272,199.6563241,0.00063433,10155172,536,0
"11/6/2017",1879156659,880749237.4,20785,2941368206,54.76,133918000,2174288884,13825,31.47888806,67223,1027622.997,45769,236.6994954,5e-04,11326773,553,0
"11/7/2017",2207136024,885104623.4,27637,2954083451,54.99,402670016,2190827883,14300,42.80430402,82029,1033229.697,62676,461.7478835,0.00067,15717267,572,1
"11/8/2017",1967030298,872015648.2,27657,3284124416,61.11,349454016,2199195240,13925,45.77001587,76452,1033229.697,51903,408.8110228,0.00100375,13423523,557,1
"11/9/2017",2340125503,858014700.4,29077,3359012876,62.49,279652992,2205960752,14550,48.80777839,81073,1033229.697,54856,397.7660785,0.00100894,13722141,582,1
"11/10/2017",2020352490,689984725.9,29698,3464908069,64.44,291596000,2200824377,16350,45.12791659,79604,1032491.444,52743,454.8642893,0.001,14031998,654,1
"11/11/2017",1694935098,645614535.5,25978,3192312241,59.35,272494016,2209243820,15600,37.60502618,70248,1032168.56,40811,327.3783135,0.00065156,12695985,624,0
"11/12/2017",2039703233,560357251.7,34159,3352197825,62.31,322820000,2206033011,17875,53.94125596,93416,1032168.56,58862,528.83134,8e-04,16784732,715,1
"11/13/2017",1336722160,694542001.2,26605,3184682318,59.18,237478000,2213783951,13675,40.20224991,78374,1120077.319,50218,313.0506362,0.000522,13305661,547,0
"11/14/2017",1556907520,699271407.2,24375,3318075890,61.64,174111008,2217759614,13700,51.91419221,64588,1180125.763,37962,287.3555026,0.001,11205027,548,1
"11/15/2017",1265522536,599551310.3,26290,3380473514,62.78,194636000,2221949031,13075,68.15521318,77725,1180125.763,61921,275.5297209,0.00128691,13412723,523,1
"11/16/2017",1658375380,709112312,30400,3436572719,63.81,418128992,2241656031,12875.78125,44.39201517,92804,1180125.763,64998,362.0372228,0.000522,14531368,516,1
"11/17/2017",1539338630,686552317.6,31024,3795082385,70.45,350504992,2244292943,13750,46.86626874,88977,1094517.019,60439,352.0831864,0.00047584,17375884,550,1
"11/18/2017",1192852575,403252277,24365,3632637006,67.41,174063008,2249639424,15825,40.35430032,76743,1074554.442,53112,268.459899,0.00088383,11587988,633,0
"11/19/2017",1173484070,341368173.6,23815,3746768412,69.51,243056992,2258887692,17400,52.15126362,72882,1074554.442,49370,274.0232937,0.001,11811642,696,1
"11/20/2017",1239585333,362764746.5,29536,3850582359,71.41,188976000,2267619665,16875,42.37144568,93046,1154132.162,62221,285.5985201,0.0004535,14900761,675,1
"11/21/2017",1287068445,523419307.2,29760,3893989593,72.2,231664992,2272411270,14600,44.01702834,90538,1198321.634,60919,291.4032085,5e-04,14538374,584,1
"11/22/2017",962636517.9,366175137.5,28407,3786252011,70.18,157890000,2280460224,13850,45.72424285,89977,1198321.634,59336,257.262062,0.000748,14115285,554,0
"11/23/2017",1032315595,439504084.6,30623,3884385506,71.98,315247008,2290123246,13750,47.255289,91689,1203038.139,59016,323.9246119,0.00053531,14885001,550,1
"11/24/2017",1047679882,412377409.6,28816,3947741103,73.14,287392000,2304400250,14050,48.30548355,88238,1222794.068,60285,292.34058,0.000744,14303206,562,1
"11/25/2017",1225269428,574694552.1,33856,4206214724,77.91,487896992,2385298857,13725,78.94349435,97922,1222794.068,64810,336.471938,0.00126785,15964417,549,1
"11/26/2017",1350917596,545546079.1,33004,4803133280,88.94,357456992,2393970086,16175,57.42409661,100059,1222794.068,62512,319.8383623,0.001,16038397,647,1
"11/27/2017",1469669858,411262245.7,40417,4640250243,85.89,429591008,2416268771,17775,66.40327725,115637,1252345.74,71010,326.0015752,0.001,18968857,711,0
"11/28/2017",1567925262,493997156.1,43480,4956805304,91.72,388931008,2445832155,16750,66.82391743,117585,1260381.258,74368,366.8213001,0.001,19060149,670,1
"11/29/2017",1778597526,519434772.9,55781,5190184417,96.01,786819968,2457544832,17450,79.16421708,144083,1260381.258,85310,479.95399,0.00080515,23938341,698,1
"11/30/2017",1381403061,669424521.3,42914,4663823132,86.25,481948000,2470696701,14700,61.60009202,124919,1466129.778,92268,403.6536837,0.000588,20787034,588,0
"12/1/2017",1124744513,567273666.3,40679,4759731200,88,561342976,2530951883,12900,68.48558077,116017,1502826.407,73150,352.7606949,0.00100758,18358246,516,1
"12/2/2017",1122786913,477521121.2,38855,5352677848,98.94,402553984,2548918896,12275,64.95625292,112331,1502826.407,69914,303.5782263,0.0010112,17522341,491,1
"12/3/2017",1129998268,417119989.5,39697,5421652737,100.19,364022016,2601323675,14025,64.294623,119689,1492735.579,70568,293.3953801,0.001,18459396,561,1
"12/4/2017",1403544351,398940785.2,45698,5488450531,101.4,331151008,2621526616,16700,98.7547843,126708,1391827.297,77897,320.2877711,0.00126645,19251005,668,1
"12/5/2017",1685633378,377663304.8,53733,5646242876,104.28,328726016,2634281118,17825,143.3921609,156196,1391827.297,88278,359.7290515,0.00257016,24461843,713,1
"12/6/2017",1434370704,385132519.3,68780,5551014964,102.48,547512000,2650156083,19075,145.8031427,186020,1472631.766,111913,460.4567228,0.00132592,29193463,763,0
"12/7/2017",1248825160,468082573.4,64009,5417554394,99.98,645691008,2657194734,19425,97.42084821,188309,1736261.991,109323,406.7880471,0.000374,30796450,777,0
"12/8/2017",1969481144,502876173,70853,5330100210,98.33,1515559936,2739442419,22825,130.623676,189345,1736261.991,117930,433.7339958,0.000544,31334950,913,0
"12/9/2017",2667594580,687770655.8,79163,6912680349,127.48,2436539904,2898980611,16975,112.3071021,203500,2313541.927,119672,460.474159,0.000527,35945152,679,1
"12/10/2017",1421912207,528939582.7,53943,8441917174,155.63,1087340032,2944199442,18675,89.4021302,166706,2473053.489,90020,426.771571,0.00045406,29479539,747,1
"12/11/2017",2174240812,704075533.5,79265,8044923871,148.26,2913979904,3231774474,17925,122.9911785,224208,2473053.489,128806,444.7127137,0.00045377,38626202,717,0
"12/12/2017",7638160590,2117046454,156717,11531380481,212.46,6961679872,4531922696,14250,360.900449,398476,3012494.564,255604,660.0610313,0.001,69487542,570,1
"12/13/2017",7687014672,2150249862,136446,17121412217,315.36,3409789952,4967333814,15525,482.9175264,352128,3032110.603,202907,512.2637168,0.002147,56779043,621,1
"12/14/2017",3748563097,1586219943,143609,16357153737,301.2,2114880000,5058182690,15750,321.9625766,361240,3032110.603,192395,403.1467152,0.00045434,58188481,630,0
"12/15/2017",4179439512,1511330313,116514,15262902057,280.97,2599940096,5197046389,15300,128.0333299,303596,3119519.813,180354,427.3410602,0.00022981,47969598,612,0
"12/16/2017",2582663925,1003696303,108366,16266059766,299.34,1291379968,5264914218,17075,115.7910757,276030,3166857.295,158946,399.2481554,0.000226,43190778,683,1
"12/17/2017",2898540083,1121275163,107871,16403059549,301.78,1703580032,5358385002,15150,126.3619212,280326,3166857.295,164955,363.6199518,0.000452,44346532,606,1
"12/18/2017",2792750736,1141975423,110604,17341024843,318.95,1966599936,5513185546,15100,200.262691,293283,3342243.38,171692,529.0870339,0.001,46299052,604,1
"12/19/2017",5938053298,2535597295,138052,19530728025,359.13,2150479872,5771940269,13425,143.0726058,362102,3553474.796,212058,648.6447109,0.00036241,56858372,537,1
"12/20/2017",5435595188,1536709913,143881,19017289455,349.6,2104060032,5959480389,14075,673.7298404,519431,3553474.796,196039,873.2494088,0.001,101532655,563,0
"12/21/2017",11756695462,1270555097,162372,17121138620,314.66,1555939968,6027311534,14100,752.6136196,423977,3553474.796,256629,1021.713024,0.00457969,66796093,564,0
"12/22/2017",4639956648,1615444924,149956,17376250372,319.26,2938040064,5937326038,14925,534.8413266,383441,3432828.714,223152,1175.667045,0.00253586,59425132,597,1
"12/23/2017",2583424365,1348172061,117738,14659194171,269.27,1352579968,6221411443,15100,335.6083963,317759,3414696.932,182199,786.5409686,0.00254252,49486417,604,0
"12/24/2017",1642982738,746685859.8,81111,15847439365,291.01,1122909952,6250388053,15375,202.998965,244502,3414696.932,144016,630.739605,0.00142185,38761557,615,1
"12/25/2017",1358163087,606780759.2,77925,15115076805,277.49,804377024,6267946831,14100,172.9878204,232867,3493019.45,137502,602.0867801,0.00142572,36281216,564,0
"12/26/2017",1206437969,499627153.7,82613,14880963379,273.11,842993024,6286552068,15525,183.8221926,249260,3569151.127,145295,608.3858472,0.00143041,40630743,621,0
"12/27/2017",1799705552,846705849.3,112765,15619730800,286.59,777137984,6285537821,14900,267.5139468,296508,3569151.127,181000,859.19682,0.00143502,46007076,596,1
"12/28/2017",3283120851,925992007.6,111207,14835441299,272.13,2593240064,6239984812,14825,321.6631363,297609,3587843.453,180508,859.6243136,0.00293657,45819079,593,0
"12/29/2017",5112717920,889126418.5,155481,13651936591,250.35,1392210048,6184785626,14950,231.1299415,394235,3707707.99,237175,983.4813014,0.00022727,58956479,598,0
"12/30/2017",1770454678,809173791.3,141900,13368815286,245.09,943667008,6141323037,14900,441.5243002,466689,3707707.99,212821,906.0504595,0.001,80851231,596,0
"12/31/2017",3101119001,678141788.9,105948,11838259093,216.98,771041984,6279832472,14300,396.2764514,326974,3707707.99,170455,1843.89604,0.00230063,56944381,572,0
"1/1/2018",1395521844,511685124.4,83076,12643291327,231.67,633142016,6299039181,13700,158.744685,234924,3755197.25,140732,1479.728302,0.001,38221303,548,1
"1/2/2018",2788360226,993168415.3,127924,12500229122,228.99,1237949952,6343188420,13875,214.3074111,331301,3776554.854,195877,2066.329305,0.0009925,55782872,555,0
"1/3/2018",3437564852,1201376510,186764,13961645253,255.7,3215280128,6368933898,14400,330.1692951,466120,3776554.854,247681,4479.567539,0.00099959,81478500,576,1
"1/4/2018",5194665303,1357619379,225860,13407573409,245.48,3481550080,6363255654,15650,485.6629746,607832,3769404.246,311207,4419.661221,0.00113039,109137432,626,0
"1/5/2018",7836194763,1334363482,197217,13167987674,241.03,1710599936,6451093245,14225,370.0649165,578517,3738939.05,273116,4586.266455,0.00100501,108406757,569,0
"1/6/2018",4062482917,1122033596,173712,13649142598,249.77,2264740096,6552061896,14100,332.887278,472280,3738939.05,272397,2227.858128,0.00100705,82950826,564,1
"1/7/2018",3764573900,1044733569,143412,16181944278,296.05,1055400000,6591815369,13275,176.3400634,390550,3738939.05,225217,2077.401486,0.00022776,68617991,531,1
"1/8/2018",2869497082,1114800148,146511,15731349864,287.73,1182080000,6589558192,14025,168.230445,366237,3693344.556,228072,2507.888448,0.000226,62111710,561,0
"1/9/2018",2755253421,1034622891,145848,13923645502,254.61,940825024,6584644568,13475,167.3666241,366211,3660955.784,217634,2365.216964,0.000226,63824162,539,0
"1/10/2018",2317186688,793239351.4,140304,13569514945,248.07,1009910016,6603042521,13875,165.9220085,357285,3660955.784,226596,2231.884798,0.000226,62764391,555,0
"1/11/2018",2056890952,783869910.1,120843,13761779462,251.52,1079389952,6581120787,14675,134.128334,293242,3660955.784,171195,1660.411795,0.000226,51786723,587,1
"1/12/2018",1812515985,639035684.1,106887,12575966402,229.79,691160000,6589420610,13625,133.7344455,285465,3542597.598,197478,1481.092048,0.000226,50420536,545,0
"1/13/2018",1677756243,508751415.9,93443,12967744929,236.88,961043008,6644003083,14275,133.6165239,322543,3541057.622,161642,947.4664533,0.000226,56285953,571,1
"1/14/2018",2196018583,550539153.4,88779,14268822971,260.58,886414976,6638523884,15750,109.8890558,236749,3541057.622,142666,1301.116421,0.000226,40924608,630,1
"1/15/2018",1702216665,666469234.9,90381,12997328248,237.29,601769984,6639499422,13975,117.0398274,242733,3553046.69,156219,1048.247843,0.000226,40770042,559,0
"1/16/2018",2348522411,784628923.9,117447,12755910738,232.82,1405069952,6574690294,15350,146.2436026,304544,3564823.186,195105,1227.844032,0.000226,53035212,614,0
"1/17/2018",1563652132,526426764.6,113111,10420658842,190.15,1422489984,6553902033,15100,148.5842039,288670,3564823.186,172825,1267.113645,0.000226,50093407,604,0
"1/18/2018",1408148569,552304448.7,95276,10248095235,186.95,936784000,6541946126,14625,121.2156036,244450,3578653.473,150306,1049.091566,0.000226,41966262,585,0
"1/19/2018",868830132,346526023,70009,10483721030,191.19,560284032,6538592836,14750,97.42426049,203229,3682079.96,146319,627.9724358,0.000226,34138884,590,1
"1/20/2018",774985627.5,296360358.4,66798,10661133292,194.38,540785984,6552598516,14475,86.79967949,192615,3682079.96,127563,583.1327302,0.000226,31299626,579,1
"1/21/2018",651386353.5,311748211.1,55466,11588995280,211.24,463516000,6539731805,14100,74.97143,166317,3682079.96,111202,476.3267976,0.000226,26735501,564,1
"1/22/2018",743153842,416120738.8,61730,10524547874,191.79,494091008,6516103221,14550,83.96600813,182975,3702569.449,118322,584.7240739,0.000226,29829315,582,0
"1/23/2018",534811147,246826326.8,59717,9895453289,180.28,441764992,6516987080,14300,83.39240562,171741,3714484.532,114213,540.7992567,0.000226,28308653,572,0
"1/24/2018",945719807.7,383158272.8,59072,9796555160,178.43,375948992,6514883342,14825,81.27281883,170864,3714484.532,113452,501.9701995,0.000226,27183372,593,0
"1/25/2018",726123359.5,360006432.7,61836,9971305603,181.56,363137984,6513111890,14400,80.38271757,178643,3717183.252,118872,577.0554306,0.000226,28046301,576,1
"1/26/2018",826360183.3,393152314.4,57452,9878780607,179.82,375476992,6512232712,16325,81.52443368,173418,3731199.183,113569,489.6693759,0.000226,28012948,653,0
"1/27/2018",488094619.4,201682198.7,49382,9707580594,176.66,291632992,6514331827,16025,85.70112964,193545,3731199.183,103872,318.2398288,0.000372,35695922,641,0
"1/28/2018",1742925630,571874140.5,51278,9971725908,181.42,363515008,6521174770,14375,80.34408795,186194,3731199.183,106848,384.6949472,0.000226,31998953,575,1
"1/29/2018",1205746266,418756901.4,50067,10652940518,193.75,303560992,6515018256,15600,73.7643374,158086,3987132.453,107040,386.3375,0.000226,25070625,624,1
"1/30/2018",1297324156,507425407,55270,9979033661,181.45,433227008,6455383038,15500,79.55434222,164113,4011378.763,111958,429.2292725,0.000226,26042723,620,0
"1/31/2018",563403104.7,307210048.6,54531,9093371183,165.3,363292992,6447955522,13625,82.43093168,161448,4011378.763,108546,436.6277228,0.000226,26599099,545,0
"2/1/2018",668611085.9,311135439.8,57962,9006577616,163.68,539880000,6417342695,15675,84.50428941,170770,4093112.06,109298,490.5608039,0.000226,28240294,627,0
"2/2/2018",690100829.2,307265447.9,66669,7846529374,142.56,815539968,6382781764,13975,98.03971275,185371,4159490.836,121306,599.8884185,0.000226,30658627,559,0
"2/3/2018",471489636.4,201218612.6,49384,7234389036,131.4,687676032,6389290827,15575,71.11762704,147440,4159490.836,101587,335.242452,0.000226,23462837,623,0
"2/4/2018",1127520500,516241164.1,45225,8832610694,160.38,1006080000,6363123288,15000,74.24730261,159395,4193441.233,99888,325.032358,0.00022662,25895549,600,1
"2/5/2018",915761710.6,512629959.2,51043,8192953148,148.73,844678016,6342024409,14850,82.60763942,162015,4341367.964,102456,407.9820661,0.000226,31082956,594,0
"2/6/2018",696292812.2,260054075.8,59946,7026698665,127.52,1148409984,6332069125,16275,84.30704415,172713,4341367.964,115353,406.7038704,0.000226,28560040,651,0
"2/7/2018",706127472,330891461.5,50320,7853188363,142.48,817808000,6377735631,14275,76.27749761,146354,4341367.964,101398,317.431192,0.000226,24134132,571,1
"2/8/2018",551998188.9,218051107.5,37148,7626799402,138.34,869206976,6375454917,15700,60.34889945,115453,4568540.543,84633,200.3896748,0.00026,18250303,628,0
"2/9/2018",557879744.7,279466748.6,44811,8257172761,149.73,722204992,6391935847,14775,75.34250322,143491,4605561.259,102381,291.7620124,0.0002266,24822588,591,1
"2/10/2018",853366105.3,352810290.2,46594,9018393973,163.49,576328000,6385972008,13600,80.29722133,172003,4605561.259,90725,308.6823382,0.00022698,33878929,544,1
"2/11/2018",509249175.7,234730070.1,36009,8573691134,155.39,495720000,6390414416,14600,59.68257197,113024,4617873.345,85346,238.6192661,0.000226,17620593,584,0
"2/12/2018",386277395.4,184782406.8,40374,8283796374,150.1,535710016,6405194017,14625,63.8652649,129448,4635150.798,101561,228.2699051,0.00022696,21212443,585,0
"2/13/2018",2742629692,281730933.4,41515,8930746151,161.77,483468000,6495853664,15100,64.96108846,127965,4635150.798,83739,260.5364945,0.000229,22532001,604,1
"2/14/2018",1113145419,432605402,62134,8811891800,159.58,2383340032,6567489053,14575,105.8824202,201475,4635150.798,126248,402.1407303,0.000258,38578995,583,0
"2/15/2018",1940812799,564747908.4,64146,11728775984,212.35,2087289984,6642837571,14600,107.9589802,211331,4765642.314,121094,535.5335343,0.000226,36384969,584,1
"2/16/2018",944142622.5,363596488.3,55687,12458783334,225.5,1300089984,6679778054,14525,81.52802594,164955,4765866.141,110479,453.5501344,0.000226,27425444,581,1
"2/17/2018",2523532705,535912510.6,63949,12683349026,229.5,863401024,6790869261,15275,94.10628227,188792,4765866.141,118369,694.5103686,0.000226,32217262,611,1
"2/18/2018",2004310692,897708140.8,75280,12742104864,230.51,1011120000,6808454137,14925,114.9530957,242875,4847020.748,128441,1115.083089,0.000374,41848872,597,1
"2/19/2018",686853662,389564754.3,55631,11910474385,215.41,767596992,6848295082,13950,91.22523762,161312,4901959.681,109771,464.3738815,0.000374,27260590,558,0
"2/20/2018",746941072,420219196.1,57841,12338610560,223.09,1739670016,6889855911,14650,97.08622136,174818,4901959.681,105151,443.0296145,0.000374,30429931,586,1
"2/21/2018",678587623,314355587.8,47113,12776795293,230.95,1195820032,6893654267,14750,78.77866681,147083,4906529.935,96346,340.3585671,0.00034227,24745421,590,1
"2/22/2018",1048006594,597774957,43229,11777818850,212.84,974379008,7058674397,14800,74.08820271,166221,4938398.193,92606,266.4263011,0.000284,28424234,592,0
"2/23/2018",613925198.6,291673952,41534,10748774528,194.19,1065680000,7127732445,15075,71.1694513,166301,4938398.193,89583,215.0784357,0.00028799,27291978,603,0
"2/24/2018",404042956.8,249843830.7,37171,11662459995,210.64,937312000,7137003538,14075,56.65057283,117997,4938398.193,85337,211.0410565,0.00035052,19459768,563,1
"2/25/2018",363372843.6,225992687,36437,11526026535,208.13,1028590016,7152934491,14050,53.82658916,109319,5005504.18,76751,227.7302723,0.000374,18071508,562,0
"2/26/2018",545217203.1,318590429.2,41920,12305486297,222.14,1297080064,7165640382,14425,78.24285644,136553,5038169.528,93259,284.6457599,0.000374,23356987,577,1
"2/27/2018",474395879.3,255635814.6,42480,12284696652,221.71,856454016,7207153060,14450,70.10739479,136772,5038169.528,100211,266.8886759,0.000339,22755173,578,0
"2/28/2018",580126373.7,300385055.8,74744,12042139390,217.28,761321984,7228722953,14475,75.48160086,166944,5037397.035,124754,204.7055718,0.000374,33942079,579,0
"3/1/2018",382200628,193685972.4,50091,11260563138,203.12,678542016,7237638669,14375,66.04235153,139848,5033510.429,100341,188.2503973,0.000374,24318697,575,0
"3/2/2018",418333473.4,236796713.7,38813,11619953949,209.55,627142016,7247544464,15000,47.64439942,117142,5033510.429,77525,248.2415823,0.00023395,20013940,600,1
"3/3/2018",405713614.2,221498346.5,35091,11861455612,213.84,681865984,7252682560,15050,47.53852759,122005,5033510.429,92325,259.973925,0.00024885,19759073,602,1
"3/4/2018",264114235.6,143588017,31630,11664532569,210.24,574675008,7263946839,14225,43.2411373,112835,5064506.832,78792,242.4860688,0.00027751,17620691,569,0
"3/5/2018",376907573.3,201788191.1,37546,11861853439,213.74,594828992,7276439667,15725,46.69046359,120837,5074911.728,76084,294.8574955,0.00023159,19489707,629,1
"3/6/2018",459394144.9,261662250.6,36769,11686223330,210.51,661078016,7273298144,15625,46.7440256,127426,5074911.728,85664,250.487592,0.00024466,19977597,625,0
"3/7/2018",437709173.4,226506840.3,38530,10929720315,196.83,755924992,7267487320,15475,47.51002192,129022,5244437.883,86779,299.1607026,0.000226,19790294,619,0
"3/8/2018",564954944,391481529.9,36806,10314519913,185.7,612508992,7246908894,14575,77.83377701,241724,5445712.753,93137,272.9997,0.00022763,48784098,583,0
"3/9/2018",474991415.6,246519678.5,39903,9804549193,176.48,943363968,7247433284,13800,49.16242811,128215,5445712.753,88832,352.1431782,0.000226,20169437,552,0
"3/10/2018",301823667.1,148346115.5,30991,10453722865,188.11,625808000,7246192295,14975,39.60645235,111805,5445833.158,77505,219.2050758,0.000229,18168293,599,1
"3/11/2018",396873605.1,191604952.4,28583,9866900629,177.51,669377984,7250598751,14475,39.51561468,105205,5517835.064,75120,183.3599486,0.000328,17132695,579,0
"3/12/2018",422242963.4,233742353.9,30179,10509907163,189.02,567628992,7250831234,14600,44.22159126,113108,5517835.064,77302,213.5221485,0.00034,21882139,584,1
"3/13/2018",393270050,179894622.1,31265,9877617191,177.6,468094016,7238025292,15775,41.47125743,115039,5517835.064,78691,208.2701187,0.000258,20038324,631,0
"3/14/2018",297169406.8,172450638.5,33328,9787665610,175.94,480652992,7221147518,13775,41.84021261,107826,5610149.673,72003,251.679837,0.000259,19227645,551,0
"3/15/2018",343969231.7,163140367.8,35691,8969652067,161.2,564609024,7220231729,14025,45.12875441,123119,5671972.486,92304,272.0433558,0.000226,21586721,561,0
"3/16/2018",211387914.4,112538207.2,31561,9173902810,164.82,436628000,7216886221,15725,37.74276544,104799,5671972.486,68880,218.541922,0.00022697,19201325,629,1
"3/17/2018",210830859,111009886.4,27818,9196840452,165.19,403808992,7206565964,14525,35.74193746,106160,5686467.61,83385,198.1906225,0.00024166,17798013,581,1
"3/18/2018",283850310,161094716.8,33000,8494983401,152.54,595955008,7197459577,14075,38.19523448,106462,5771050.922,71513,304.8869698,0.000226,19583799,563,0
"3/19/2018",284305273.4,161504584,31025,8660837362,155.48,504832992,7199324445,14575,41.71644102,115735,5771050.922,86986,219.4994933,0.00026,20539467,583,1
"3/20/2018",273901408.8,139790133.6,32184,8999266297,161.52,492892000,7203660408,13850,39.45310999,109157,5771050.922,74671,234.9730678,0.000258,17947925,554,1
"3/21/2018",309020099.4,188441228.3,30694,9449978611,169.56,462536000,7216131386,14700,37.65243504,110278,5740803.489,80580,249.5478885,0.000248,17561647,588,1
"3/22/2018",183351600.2,98768579.96,26996,9405776516,168.72,404996992,7214399520,15400,35.0335967,107711,5721231.622,81948,201.4140723,0.0003172,17096840,616,0
"3/23/2018",192965304.3,98118997.24,27804,9121175011,163.58,348056000,7217059083,15500,34.39320423,106150,5721231.622,76975,212.6267558,0.000374,17971050,620,0
"3/24/2018",149758467.1,78618751.73,26526,9399685756,168.53,290270016,7215115092,15150,28.91262017,94110,5842681.267,68578,200.3470315,0.000227,14367403,606,1
"3/25/2018",138481774.8,65794525.14,23312,8862989978,158.86,241431008,7216211486,15625,29.90674294,95782,6123409.135,79951,167.9436656,0.000373,14998128,625,0
"3/26/2018",247067701.9,132260800.3,28790,8937741547,160.16,407135008,7203784064,14900,37.2590951,105601,6123409.135,78087,223.7076442,0.000374,16891728,596,1
"3/27/2018",192163101.5,107880667.3,29504,8314881432,148.96,385104000,7194795832,15325,37.02610041,108367,6123856.156,80554,221.5457636,0.0003432,17055252,613,0
"3/28/2018",257878252.6,164926113,28661,7564826477,135.49,328374016,7150511644,14425,34.42140152,100844,6397433.163,72400,206.9214363,0.00034196,16178773,577,0
"3/29/2018",226070373.3,117059732.5,31286,7368139781,131.93,476804000,7128091012,14950,42.12767806,114670,6397433.163,88611,263.6986496,0.00028,20335212,598,0
"3/30/2018",220539199.1,116868141.6,29474,6413115740,114.8,468439008,7115196110,15025,36.55016556,107754,6397433.163,80945,229.3704,0.000227,18227089,601,0
"3/31/2018",116411371.3,75550171.37,23726,6629378613,118.64,295439008,7111797650,15150,28.22300904,85819,6575132.637,63235,149.810114,0.00023994,14596831,606,1
"4/1/2018",126304449.7,80123948.62,22487,6534197372,116.9,274182016,7098278278,15250,25.90155069,82295,6690855.183,61417,160.3023246,0.00034194,13061353,610,0
"4/2/2018",145820704.6,59582668.8,24488,6442785504,115.24,271703008,7093359591,14650,36.32350076,98265,6690855.183,94557,142.9497311,0.0004488,17072511,586,0
"4/3/2018",170051463.5,98195739.37,29115,6683476508,119.51,375408992,7095950705,14600,42.6393011,113689,6715927.083,81468,178.1894506,0.00035023,23455348,584,1
"4/4/2018",154047343.6,88457792.86,26433,7490917193,133.91,380351008,7087322614,14950,32.61995021,101779,6802626.095,77372,176.989925,0.00033637,16106810,598,1
"4/5/2018",172914547.4,120128030.3,26848,6614439199,118.21,294022016,7080176577,15575,31.33488234,92285,6802626.095,67250,150.9041305,0.000258,15184460,623,0
"4/6/2018",221021423.9,77060907.13,25893,6650620984,118.82,233190000,7074255438,15350,34.42390119,102308,6802626.095,88735,144.3277144,0.00029995,17024116,614,1
"4/7/2018",181585455.5,109319150.7,22584,6333988683,113.14,211470000,7098991987,13775,28.38702387,92630,7157500.068,74195,115.7883845,0.000374,14138658,551,0
"4/8/2018",175065520.4,122118048.7,20591,6512113572,116.29,194664000,7098448872,14775,25.32977178,86983,7192916.632,71541,118.2029705,0.000374,13054738,591,1
"4/9/2018",223516485.4,164110171,25284,6597115471,117.78,260171008,7092210576,14175,33.84102746,100541,7192916.632,78046,151.1151827,0.000373,17889283,567,1
"4/10/2018",180426354.2,114074168.1,26399,6455044495,115.21,202879008,7090006491,14850,33.66752603,105684,7208565.936,80137,146.8493055,0.000374,16730127,594,0
"4/11/2018",199493284.5,130272260.7,27354,6404835770,114.29,230068992,7089997294,12650,34.03238548,105304,7232138.938,81592,163.6339383,0.000432,17241193,506,0
"4/12/2018",310988621.1,188884866.4,32619,6630502954,118.29,587510976,7098236081,15375,38.87101038,108042,7232138.938,78420,217.7856661,0.00034,19541049,615,1
"4/13/2018",236577091.1,133131140.3,32661,7248353362,129.27,458040000,7093920187,14550,36.09363407,108624,7232138.938,77429,220.9854065,0.000254,18919131,582,1
"4/14/2018",156700021.5,73024248.07,24558,7023096946,125.22,258806000,7094470463,14700,32.21920963,99256,7148191.951,88992,126.5199351,0.000374,16555569,588,0
"4/15/2018",259897210.8,88322396.66,25481,7106464038,126.67,274427008,7088230758,15675,31.87438735,102726,7135731.071,90035,147.7865122,0.00036914,16973954,627,1
"4/16/2018",181211512,98921642.02,26699,7405130540,131.97,290855008,7084208821,14350,33.33827164,109813,7135731.071,82366,176.0338988,0.000372,17766257,574,1
"4/17/2018",250586125.4,124489475,30020,7224246882,128.71,532336000,7085646332,14650,39.76288275,118832,7219602.813,84596,194.8643825,0.00034194,20943259,586,0
"4/18/2018",220984477.5,111479420.5,28570,7432221544,132.38,381161984,7088958046,15275,42.46999123,114586,7309401.886,85749,165.8536478,0.000432,23650499,611,1
"4/19/2018",351350138.7,218734414.2,30261,7864644682,140.04,408736000,7006510964,15675,45.5746889,111797,7309401.886,85620,204.7439094,0.000815,18600064,627,1
"4/20/2018",242089138.1,123884015.7,33553,8229425699,146.5,491945984,7015883579,14725,37.1033794,120481,7373026.708,89948,217.9640258,0.00022694,20318176,589,1
"4/21/2018",242058853.6,137532609.2,27629,8747915590,155.68,482924000,7022315117,15400,31.70950693,106776,7708072.311,82504,191.4162506,0.000344,17878901,616,1
"4/22/2018",164060272.3,87475471.17,26376,8353055209,148.61,338735008,7023570234,16275,29.88721792,101005,7708072.311,77314,163.4312483,0.00026,15902449,651,0
"4/23/2018",301081400.5,110524813.5,29507,8246110261,146.67,376060000,7027337295,15075,36.24537663,113439,7708072.311,89537,174.4395268,0.00036914,18856396,603,0
"4/24/2018",422056512.2,181943342.3,36949,8580144231,152.57,643558016,7037126385,15600,43.68072734,129133,8321058.491,93630,221.7062976,0.00034656,23209710,624,1
"4/25/2018",460407940.4,239649719.1,34019,9286591837,165.09,613467008,7031589525,13075,37.93560699,121703,8376784.508,90419,219.431693,0.0002716,20200079,523,1
"4/26/2018",288620625.8,141185350.1,29268,8141432868,144.7,412436992,7040425920,14450,33.64225792,114867,8376784.508,85030,150.1598899,0.00033942,18551274,578,0
"4/27/2018",294186811.9,149989140.3,31274,8635778340,153.44,386742016,7038679761,14725,34.04474722,115644,8356854.015,87141,184.1500816,0.00022697,19045269,589,1
"4/28/2018",302931566.7,161178192.3,28846,8204183229,145.74,337116992,7046549614,15475,31.90327427,109078,8329064.751,83997,179.3596165,0.00022698,17597783,619,0
"4/29/2018",382768707.4,189675457.6,29353,8568145452,152.16,388081984,7049448936,14950,34.08401468,114067,8329064.751,85867,215.2674273,0.00036914,18771428,598,1
"4/30/2018",329051666.2,158234576.2,31786,8654293935,153.65,341396992,7049151933,16125,36.53002508,122481,8425648.316,89623,213.5245732,0.00023142,20615822,645,1
"5/1/2018",436451104.8,314444956.2,29737,8357494707,148.34,342152000,7090037286,15050,33.47754,116127,9006199.526,89381,165.99246,0.00024885,19085991,602,0
"5/2/2018",258963066.7,141017631.6,32848,8365658120,148.45,354656992,7093208318,13575,38.93720213,123327,9006199.526,89388,183.3022003,0.000261,22624792,543,1
"5/3/2018",321504956.8,151903121.2,36421,8560126261,151.86,617984000,7102468712,14450,45.12304124,128175,9006199.526,93729,225.671427,0.00026,26932619,578,1
"5/4/2018",291306718.7,140473399.8,35402,9047811230,160.47,633054976,7110628763,14975,39.07177272,129393,9002035.985,95097,216.625764,0.000227,22837782,599,1
"5/5/2018",355465729.5,145041173.5,33200,9495032124,168.35,741246016,7121258458,16075,39.30114759,120584,8999933.293,93397,188.9588834,0.000294,22249159,643,1
"5/6/2018",670199238.5,390273995.9,28210,10043138517,178.02,626270016,7211162239,15850,33.75906896,109862,8999933.293,88101,189.1808019,0.00032739,18557602,634,1
"5/7/2018",273025143.1,157860720.8,31101,9692454655,171.76,573281024,7228025894,14775,38.21286543,114832,9320943.39,89244,171.76,0.00037075,21571321,591,0
"5/8/2018",225695905.9,129289412.2,31268,9303685418,164.83,466308992,7227015209,14600,36.88740334,119944,9758801.162,91430,164.881694,0.00026363,20505802,584,0
"5/9/2018",236311765.7,140242438.3,31099,9012422167,159.62,448136000,7228813134,14750,35.49823956,114689,9758801.162,88931,162.7623607,0.000374,19627019,590,0
"5/10/2018",232125072.8,135920284.9,31719,8874969376,157.15,426694016,7237122558,14950,37.17020713,117344,9760988.588,90171,156.7519658,0.000374,19712319,598,0
"5/11/2018",305471123.4,164913454.7,33882,8442258890,149.45,530416000,7225827311,15175,36.10428309,119764,9976814.578,91598,174.8069603,0.00022731,20670086,607,0
"5/12/2018",139697558.2,79558377.72,28876,7755918736,137.26,410184992,7225121232,14450,30.51628878,109542,9976814.578,86451,137.229391,0.00022699,18019440,578,0
"5/13/2018",119840155.1,72547685.04,27074,8014462384,141.8,383224000,7224306714,15700,28.26157595,99220,9976814.578,66089,141.7763194,0.00022654,16345907,628,1
"5/14/2018",292905685.8,160779122.4,32093,8176242627,144.62,584222016,7227776177,14250,37.58419489,117954,10267458.37,94218,171.0975604,0.00023299,21121318,570,1
"5/15/2018",462146713,263510472.2,31630,8340380691,147.49,415984992,7224091669,14275,36.33352142,114680,10420961.92,85435,143.3011365,0.00022652,19334043,571,1
"5/16/2018",427504873.8,278900415.3,31414,7899071877,139.65,351689984,7218026421,15400,34.2792846,113869,10420961.92,85931,124.5003937,0.00022661,19276151,616,0
"5/17/2018",161829239.2,85277928.12,31063,7896320999,139.56,320248992,7211941422,14700,35.54301475,112837,10469116.71,83236,117.9918617,0.00026,19337565,588,0
"5/18/2018",153577350.3,84158886.06,30415,7509796858,132.7,371688000,7214173701,14675,34.91357143,116818,10635469.63,82236,105.2183449,0.00022652,18994484,587,0
"5/19/2018",107594020,54255198.09,26596,7696275844,135.96,310963008,7213934923,13400,29.70975088,109625,10635469.63,75695,108.329393,0.000226,17213324,536,1
"5/20/2018",85149375.09,47926447.98,26436,7659190579,135.27,324983008,7216099256,15400,27.76517852,98276,10635469.63,65466,118.1056614,0.000226,15591292,616,0
"5/21/2018",181052504,82301013.53,30491,7908691758,139.64,308376992,7213730046,14400,35.77794547,123779,10653678.36,91294,137.9386109,0.000227,20289280,576,1
"5/22/2018",167548269.2,92955281.5,31372,7605833979,134.26,294447008,7197764000,15200,33.1092899,119032,10659804.26,82723,134.1753155,0.00022653,19149115,608,0
"5/23/2018",178742435.4,92633966.54,34215,7299578707,128.81,373329984,7189286261,15575,36.68302031,131582,10659804.26,85388,160.5057679,0.000226,21101528,623,0
"5/24/2018",135573749.5,66395302.96,31260,6756155232,119.19,345857984,7185599888,15025,31.58666396,114258,10926181.38,82553,143.3376652,0.000226,17933377,601,0
"5/25/2018",121194140.1,66294857.03,27911,6948817713,122.56,297743008,7181548016,13900,32.12193844,108952,11307952.63,76588,123.6995629,0.000258,17371168,556,1
"5/26/2018",93540266.66,50975025.24,22351,6768127816,119.35,275851008,7179678876,13275,31.99080366,115400,11307952.63,73191,110.1829927,0.000372,17006432,531,0
"5/27/2018",91076519.71,51715601.68,21214,6721898825,118.5,258727008,7179673880,14250,32.5822083,99668,11307952.63,69075,119.9075975,0.000374,20361660,570,0
"5/28/2018",142022897,83562354.79,25213,6691006944,117.93,295723008,7168424070,14275,30.8088583,104855,10998741.84,76887,129.7991828,0.000373,17180581,571,0
"5/29/2018",119733947.1,66305337.04,26702,6347090424,111.84,350520000,7166203111,14300,34.73972271,110349,10923291.71,75767,127.7112591,0.00036296,17850608,572,0
"5/30/2018",104282881.1,62590003.12,25487,6785887977,119.54,305275008,7153756931,12800,32.95586561,105531,10923291.71,74978,125.8798625,0.000362,17916614,512,1
"5/31/2018",99823078.78,60427926.65,26334,6661569994,117.32,297183008,7151708736,14025,30.86374685,101433,10849156.11,74137,128.2561058,0.000374,17674925,561,0
"6/1/2018",92174967.98,55469460.56,25487,6703030532,118.03,290886016,7149749641,13975,28.61660826,99482,10450677.24,74181,117.8897568,0.000362,16372661,559,1
"6/2/2018",180038500.5,78170414.68,22879,6807010979,119.83,310800000,7148200965,13675,26.34765804,92844,10450677.24,70829,119.71017,0.00039586,15764908,547,1
"6/3/2018",191957976.8,96969419.37,22155,7005420786,123.29,322787008,7149275076,14175,24.24868197,92853,10450677.24,70657,123.2438069,0.000372,14047123,567,1
"6/4/2018",197991349.1,93880106.42,24326,7116525732,125.21,299780992,7149737098,14200,29.3030016,104873,10268647.23,73688,127.0850536,0.000372,16739584,568,1
"6/5/2018",209630217.1,93285164.64,25172,6816538643,119.9,300892000,7143077456,16025,27.40205292,98230,10120348.03,73845,120.0508498,0.000372,15218257,641,0
"6/6/2018",217763097.6,78669507.84,25346,6931717424,121.89,324158016,7141665934,15900,26.36034503,96040,10120348.03,72704,126.5623545,0.000372,14984909,636,1
"6/7/2018",202546742.5,79091394.45,24254,6901946526,121.34,365670016,7139868803,15625,26.24675157,95341,10386506.5,71915,122.4609935,0.000372,15342551,625,0
"6/8/2018",191816106.5,103597562,24566,6914399098,121.52,285831008,7135839484,14500,25.09510803,96206,10956272.86,72114,117.8563032,0.000372,15128695,580,1
"6/9/2018",156182902.5,77220260.46,20786,6835743135,120.11,242235008,7134271753,14525,21.58752638,85653,10956272.86,66564,103.2347852,0.000374,12741944,581,0
"6/10/2018",236179420.6,123263879.6,25391,6692455724,117.56,399889984,7125230211,14025,31.28051889,96213,10956272.86,71967,163.358015,0.000372,20373972,561,0
"6/11/2018",197705602.9,104182641.8,26587,6066076429,106.54,331430016,7119822732,13800,27.01367219,98889,10963690.72,73600,135.7564546,0.000374,16138573,552,0
"6/12/2018",229643366.8,122700916.1,26358,6118745822,107.43,333163008,7107043490,15350,29.04264625,98761,10965232.72,72453,154.5887297,0.000371,17515609,614,1
"6/13/2018",215425522.2,128698620.5,27843,5742173456,100.8,360492992,7088901632,14150,31.48174723,102501,10965232.72,73533,165.1883194,0.000362,18454343,566,0
"6/14/2018",160525021.1,79243323.04,26120,5356008327,93.99,367742016,7098098859,13900,28.29759715,105548,10977565.12,70658,134.4460424,0.000339,18052211,556,0
"6/15/2018",139031365.2,74971562.11,23315,5762624179,101.11,293284992,7088423008,13375,24.92683505,94895,11003971.76,68298,107.2630491,0.000339,15744519,535,1
"6/16/2018",91661233.58,46859857.75,19810,5505868191,96.58,259324992,7084629335,14200,20.88737806,82733,11003971.76,64456,96.56387114,0.000372,12386706,568,0
"6/17/2018",80742248.29,48779244.71,18680,5572608925,97.72,242331008,7079897271,14675,19.71000201,81026,11003971.76,64480,97.50247528,0.000374,11787078,587,1
"6/18/2018",123082164.4,79430007.33,22327,5462550173,95.77,282937984,7078253870,14000,25.12688069,90071,10769776.41,67307,104.402092,0.000374,15560216,560,0
"6/19/2018",127096862.3,74455905.86,23667,5632691431,98.73,284982016,7072111155,13975,25.39789008,92024,10684873.48,68860,107.6137797,0.000374,15073841,559,1
"6/20/2018",112185690.4,59553795.75,23108,5647532503,98.96,261392000,7064022796,14050,24.52240323,89602,10684873.48,67287,107.970308,0.000372,14231003,562,1
"6/21/2018",94716573.82,50605382.09,24046,5586882991,97.88,261544000,7058020128,14800,24.77464379,96957,10661164.68,67787,97.8638498,0.00036914,16167602,592,0
"6/22/2018",134111171,70982735.51,27225,5534561612,96.94,458636992,7044954287,13825,28.70250594,99310,10554914.14,73318,158.4859293,0.00030519,17430049,553,0
"6/23/2018",84342358.78,48080106.35,21577,4859663129,85.09,439203008,7038425492,14050,21.5528834,84926,10554914.14,64993,101.6954922,0.000364,13127818,562,0
"6/24/2018",90137037.86,49545400.53,23255,4726244925,82.74,449884992,7032061320,14400,25.8634359,87796,10554914.14,66721,127.2043858,0.00037285,14535961,576,0
"6/25/2018",95084024.16,52618344.43,23049,4592395649,80.37,458366016,7025854698,14600,24.92867884,89170,10493531.64,67088,100.2546897,0.000374,14870403,584,0
"6/26/2018",82850136.36,49609231.68,23372,4675946926,81.82,258432992,7013698779,13425,24.61519605,87415,10457237.36,65819,88.91980368,0.000374,14196673,537,1
"6/27/2018",94381308.56,53941637.16,25168,4397656010,76.93,274128000,7007119710,12900,30.22347914,133508,10457237.36,67485,85.4013285,0.000374,24905312,516,0
"6/28/2018",69943438.27,41761417.94,23694,4610243460,80.63,263414000,7001395641,13375,24.64782376,112945,10457237.36,64732,87.13203626,0.000372,20224469,535,1
"6/29/2018",79142181.87,43987869.94,26267,4278561369,74.81,309339008,6995657691,15200,26.91623019,92505,9842220.166,69465,85.50175094,0.000261,16154011,608,0
"6/30/2018",66952821.12,34954120.24,24450,4516854496,78.95,276550016,6992383904,15575,23.54773992,87099,9773635.068,65079,77.97804655,0.00026251,14603981,623,1
"7/1/2018",51750622.8,25134001.21,19808,4663826422,81.5,343401984,6989734418,14050,22.55149056,81607,9773635.068,63975,81.4865525,0.000374,13662042,562,1
"7/2/2018",95005841.25,55536252.19,24424,4594163078,80.27,302471008,6975827662,12975,26.79343324,110033,9817254.657,66810,94.91082096,0.000374,18617716,519,0
"7/3/2018",95326466.32,49386374.33,24786,4888579250,85.39,343900992,6973371813,13425,27.17809549,89981,9869969.394,67070,116.7104773,0.000374,15644737,537,1
"7/4/2018",130681357.7,71667177.82,23752,4877272843,85.17,282222016,6970244800,13275,27.23226931,88468,9869969.394,68244,85.97068317,0.000374,15491905,531,0
"7/5/2018",136321382.5,64810083.29,24041,4905669781,85.65,306121984,6966889295,13300,25.21376037,88658,9869969.394,66375,96.6568027,0.00034,14801079,532,1
"7/6/2018",91347904.76,54135307.8,23975,4803115248,83.84,253160000,6963173685,14675,24.96215026,86929,9429041.353,65064,84.53217046,0.00036914,14714468,587,0
"7/7/2018",71120707.91,37564133.78,22246,4779375366,83.4,238936992,6956423855,14900,23.53000269,82517,9232469.985,63055,83.4,0.000374,13680642,596,0
"7/8/2018",74981593.11,36695843.96,23498,4944223801,86.26,239655008,6949835553,15075,29.67055939,88941,9232469.985,67154,94.37142546,0.00041,17812934,603,1
"7/9/2018",75233990.3,46823236.4,25370,4732371608,82.54,263326000,6944506968,15612.5,28.00937044,94817,9387023.122,68340,92.00519113,0.000374,17121691,625,0
"7/10/2018",119400292.8,78842498.29,25265,4632857946,80.78,321614016,6934290394,12900,28.46942948,93288,9683851.809,68254,99.62036221,0.00036914,18207392,516,0
"7/11/2018",383690078.7,43887350.14,23993,4367025058,76.13,284915008,6930790616,13850,25.07064443,87006,9683851.809,65005,89.2595176,0.000372,14546759,554,0
"7/12/2018",86845140.38,40417052.21,23309,4509161181,78.59,267396992,6923991310,14025,26.25291352,85757,9683851.809,62872,78.59,0.000374,15246535,561,1
"7/13/2018",59559765.23,33552286.16,22931,4435928017,77.29,256038000,6918314468,14575,25.10486732,90508,9418499.719,61297,77.27702765,0.000374,15239363,583,0
"7/14/2018",44194412.77,29229648.61,20652,4418690235,76.97,197776000,6916551745,14850,21.02393025,80298,9308365.721,52067,75.41789995,0.000374,13275571,594,0
"7/15/2018",56428916.94,28323659.62,20578,4404162396,76.7,230467008,6915653321,15125,23.23445286,80277,9308365.721,69427,72.99394574,0.000374,14247283,605,0
"7/16/2018",74401990.76,45635782.03,24580,4535020151,78.96,307904000,6911541747,15850,25.95470783,93470,9447382.877,65363,75.76306752,0.000374,16138435,634,1
"7/17/2018",93406736.96,55059543.34,26348,4843006522,84.3,341836000,6903137922,15100,28.12629266,93532,9693242.915,67974,90.87749823,0.000372,17132893,604,1
"7/18/2018",113998122,68507564.15,27438,5161797749,89.82,375428992,6895966354,14700,28.61201906,96462,9693242.915,68530,95.39457231,0.00034022,17430464,588,1
"7/19/2018",73327546.6,40717951.23,24101,4994979990,86.9,307785984,6895304168,14300,24.84570501,90589,9693242.915,66413,83.0987333,0.000374,15090210,572,0
"7/20/2018",89338002.78,52788872.79,26160,4983942081,86.68,287448000,6892529120,13775,24.96795131,99181,10007937.92,75908,80.31630112,0.00036231,16102156,551,0
"7/21/2018",70965770.69,47610636.84,21282,4753841697,82.66,246152992,6889876940,13150,20.7528874,88898,10021646.22,69214,62.64633683,0.000374,13090451,526,0
"7/22/2018",61837432.69,36051397.91,20243,4846523859,84.26,245916992,6883915223,13225,20.24490719,81770,10021646.22,60727,61.14143635,0.000374,13111760,529,1
"7/23/2018",66831258.81,37643177.18,24764,4788970194,83.23,296071008,6876671274,15425,26.36694229,92198,9869275.517,66144,76.08999793,0.000374,16411962,617,0
"7/24/2018",80388585.17,48164806.41,27110,4758185481,82.68,440572992,6878076179,15750,27.89983418,94116,9510707.494,69121,82.68,0.000412,16683918,630,0
"7/25/2018",74501385.28,42673406.48,26322,5104080070,88.66,310156992,6869898666,15575,28.04974879,103109,9510707.494,68499,84.03120503,0.000412,17587788,623,1
"7/26/2018",71043689.44,38414585.31,24811,4968213255,86.28,286579008,6866106039,16125,26.09918813,87512,9606819.299,65486,75.00013157,0.000374,15807984,645,0
"7/27/2018",60571074.05,38357306.22,23944,4822811331,83.73,358798016,6865158082,12900,22.74453585,87064,10449981.95,65464,66.90903737,0.000374,14560441,516,0
"7/28/2018",45923020.47,27220607.97,20812,4870692879,84.54,279804992,6864727065,14175,20.55618717,79578,10449981.95,61151,59.44007315,0.000374,12562615,567,1
"7/29/2018",51813097.68,30488162.39,20677,4843699973,84.05,276696000,6864053726,14775,21.81076719,81420,10449981.95,62733,57.92753905,0.000374,13676789,591,0
"7/30/2018",85018871.97,44524826.32,24424,4850263995,84.15,313998000,6859997386,12400,26.0120876,86689,10281531.11,64555,66.8151,0.000374,15494167,496,1
"7/31/2018",112263493.6,51905832.52,26512,4767355162,82.69,319362000,6856933137,13275,27.9435694,92609,10070201.87,68073,82.67619077,0.000374,16603773,531,0
"8/1/2018",61873990.55,37964180.83,25343,4635305358,80.39,301530000,6852007405,11750,29.67037764,89755,10070201.87,65634,72.01479375,0.000416,15535453,470,0
"8/2/2018",62853044.58,40001134.56,25224,4482085345,77.71,285466000,6848037035,14575,26.20087394,92298,10070201.87,63779,63.13225754,0.000372,16304125,583,0
"8/3/2018",62306248.77,35355918.7,26825,4401612250,76.3,298295000,6846267065,13575,25.53367409,93391,9448090.353,64175,64.87020659,0.000362,16697475,543,0
"8/4/2018",88243686.77,60569964.7,23147,4467519723,77.42,262765000,6839182208,14400,22.33856625,83630,9049638.264,60846,57.89715421,0.000319,14060876,576,1
"8/5/2018",43689798.74,25838064.61,20405,4235527923,73.38,265627000,6838404832,14900,21.17392718,78131,9049638.264,60779,52.0295049,0.000374,12542893,596,0
"8/6/2018",77924619.2,47052304.62,25206,4333544342,75.06,265134000,6830360993,14825,26.54836526,87834,9072309.175,62830,63.78215994,0.000372,16131309,593,1
"8/7/2018",68122128.24,36177530.69,27812,4273619228,74,299418000,6823403175,15600,29.46500006,96555,9217686.392,65931,66.6,0.00037276,17727304,624,0
"8/8/2018",178119794.5,124883759.3,30339,3937363060,68.16,313187000,6725319780,14725,33.8715848,99513,9217686.392,69272,69.23578223,0.00034,20740484,589,0
"8/9/2018",110060644.5,56903357.51,28422,3609679306,62.47,270095000,6712084420,15850,30.56484788,104675,9217686.392,65155,62.38419433,0.000326,20486136,634,0
"8/10/2018",78491818.54,45225261.12,28160,3697994392,63.98,259781000,6705551694,13400,25.65555815,88453,9740950.578,64388,55.32775299,0.00029128,16068562,536,1
"8/11/2018",69455784.01,37691299.77,26817,3438942417,59.49,259948000,6698928409,12750,24.27192636,83233,9845135.169,60302,59.47673373,0.000259,14757460,510,0
"8/12/2018",48601898.4,25901233.56,21981,3366200746,58.22,276383000,6693503480,12600,20.90048889,74467,9845135.169,55644,40.754,0.00035797,12872515,504,0
"8/13/2018",69820148.27,34632355.94,28397,3439851961,59.48,223061000,6682396346,13375,26.57643422,90164,9845135.169,66034,52.41366596,0.000362,16498006,535,1
"8/14/2018",105096550.2,51103068.67,31445,3297297374,57,250440000,6663466049,14100,28.30773625,96439,8907657.163,66731,72.06000021,0.00025743,17576891,564,0
"8/15/2018",96811708.2,44558873.32,29572,3163928782,54.68,282699000,6645133503,14200,24.81538073,90976,8873191.059,65021,57.53916689,0.00025958,16198219,568,0
"8/16/2018",54990315.64,30163998.77,27953,3156660385,54.54,211779000,6640613262,13700,23.88085865,86621,8873191.059,62753,51.42710059,0.0002906,16084241,548,0
"8/17/2018",59422315.75,32739505.82,29406,3203227961,55.33,263383000,6641665399,13075,24.45753124,89724,8747565.631,65065,52.55499135,0.0002825,16223751,523,1
"8/18/2018",65930461.98,36609724.32,25886,3564347800,61.56,243057000,6638381794,15775,23.15252064,80416,8479765.315,60093,50.04385753,3e-04,14742604,631,1
"8/19/2018",42513384.88,21044218.93,22699,3314069282,57.22,204484000,6637401726,14375,28.24337302,83290,8479765.315,56492,35.32780767,0.000374,24398412,575,0
"8/20/2018",56589567.73,28923257.93,26422,3354743435,57.91,244192000,6625047145,15325,24.51242133,82814,8479765.315,54458,46.54469169,0.000374,15586965,613,1
"8/21/2018",59198100.86,30404385.21,24430,3115903504,53.77,187486000,6621427558,14350,23.01885832,79144,8809283.221,64522,45.86581,0.000362,14394714,574,0
"8/22/2018",80909294.96,30934372.28,25595,3284103568,56.66,228893000,6616949666,14450,23.08301501,79422,8827455.165,59421,52.33910387,0.000374,14598614,578,1
"8/23/2018",48011324.85,21475093.39,25387,3199953762,55.19,205125000,6614261058,14275,23.24290476,79759,8827455.165,58428,45.83340695,0.000362,15159055,571,0
"8/24/2018",53903552.61,32261222.66,25651,3340306341,57.6,194676000,6611606953,14350,22.68561711,82387,8794637.861,59571,44.87988442,0.000374,14865602,574,1
"8/25/2018",39171715.81,22108582.77,23083,3359643879,57.92,187571000,6609795620,15350,21.2014138,75540,8752406.828,56252,38.95647014,0.0003731,13409197,614,1
"8/26/2018",45544040.98,31952662.24,21534,3368342783,58.05,206572000,6608799273,13750,19.76940717,71627,8752406.828,54487,38.81135054,0.000374,12498485,550,1
"8/27/2018",71814503.34,39131082.8,24818,3323074562,57.26,228072000,6607551641,14175,22.37953329,79844,8752406.828,58052,46.02551242,0.000374,14532569,567,0
"8/28/2018",66187563.73,38557015.12,27061,3496514582,60.23,246764000,6607540486,13700,27.37928937,87576,8806279.552,62601,60.10954,0.000364,18454938,548,1
"8/29/2018",49399635.24,30559936.76,25522,3659586203,63.03,220637000,6596197676,15025,25.13049772,81254,8809843.117,58629,50.32697477,0.000372,15423711,601,1
"8/30/2018",40782879.48,25210358.35,25178,3587178921,61.77,219094000,6594584509,14125,23.47983454,81053,8809843.117,58132,47.71421612,0.00035,15213463,565,0
"8/31/2018",42328706.12,21934621.6,26726,3509672891,60.42,265252000,6593464203,14350,23.92989719,84766,8758761.407,61069,43.01310978,0.00027031,15429971,574,0
"9/1/2018",59907043.22,37578596.67,28620,3587596247,61.74,306586000,6596013883,15125,24.36397819,85734,8686646.051,62547,41.97219855,3e-04,16039165,605,1
"9/2/2018",63160252.88,35858298.89,25248,3834782184,65.98,265104000,6594964529,13600,22.23301705,79796,8686646.051,58911,35.93584007,0.00036201,14691192,544,1
"9/3/2018",61406099.65,42114935.41,74778,3826689212,65.82,235034000,6588695271,14950,25.83081312,91902,8686646.051,60795,0.056740789,3.84e-06,27991748,598,0
"9/4/2018",67245505.63,40186057.08,28882,3798346106,65.32,308206000,6587391738,14100,32.75087123,94045,8812555.265,63507,47.03337533,0.00036914,20312027,564,0
"9/5/2018",77819134.68,49536867.88,28653,3935887730,67.67,409226000,6579779596,15375,28.97365667,88915,8819878.314,62263,51.38331974,0.000329,19343892,615,1
"9/6/2018",89097438.14,56162832.6,29506,3392778072,58.32,351270000,6572987681,13725,25.53017231,87850,8819878.314,62178,44.21342368,0.0002502,16313900,549,0
"9/7/2018",51157437.08,31709304.17,28434,3336636076,57.34,229626000,6569014058,13650,23.47246886,85174,8769200.935,60420,36.65698665,0.000372,15995353,546,0
"9/8/2018",59140535.61,21994474.02,25991,3267479229,56.13,223684000,6564119017,15025,22.27817047,78106,8697984.705,58677,33.49687523,0.00036042,15009941,601,0
"9/9/2018",40472634.47,17959949.99,25265,3101708611,53.27,253320000,6562634027,14025,21.44078373,79181,8697984.705,58937,31.573129,0.000372,14587184,561,0
"9/10/2018",55364042.6,36388974.65,27868,3202176184,54.99,251240000,6540766532,14725,24.35033759,82714,8697984.705,60003,36.87009223,0.00036914,15916745,589,1
"9/11/2018",65925178.6,26826223.88,28481,3180930069,54.61,272379000,6535643681,14750,25.64605844,83968,8779653.764,61163,39.89236581,0.000348,16389824,590,0
"9/12/2018",53409792.34,30567794.24,28478,3052287065,52.39,290357000,6531338102,13750,25.14127837,85064,8785275.909,62836,47.60579602,0.000316,15716289,550,0
"9/13/2018",44782461.87,25464732.84,26906,3023333433,51.88,295074000,6529284508,14600,23.75919753,85535,8785275.909,60276,38.67008353,0.00033701,15909015,584,0
"9/14/2018",49569918.42,31262950.74,27316,3185588136,54.65,336190000,6527303351,15000,23.60893771,84751,8791698.809,59271,41.19549845,0.000359,15766284,600,1
"9/15/2018",39316251.08,24577825.03,24969,3285297725,56.34,252020000,6524353319,14450,22.03081806,79441,8799549.02,56620,34.42238784,0.00034891,14410621,578,1
"9/16/2018",34237324.98,20622758.73,22179,3300046629,56.58,253978000,6521405840,13825,18.81333431,72936,8799549.02,53691,33.948,0.00034242,12631683,553,1
"9/17/2018",46735643.22,29585230.2,26124,3326383522,57.02,261325000,6514194903,13950,24.3581458,79424,8799549.02,57278,38.79984517,0.00035,14823736,558,1
"9/18/2018",40252662.01,25443275.86,26103,3051077641,52.29,296552000,6511940013,15575,23.80121367,82671,8705902.053,60143,36.65224463,0.00035082,15992706,623,0
"9/19/2018",42882733.6,29548090.96,25047,3153129331,54.02,271642000,6501997773,12675,21.50068148,80373,8696471.174,57209,37.80495543,0.000336,17024574,507,1
"9/20/2018",100936135.8,81374188.93,27979,3174360767,54.37,260631000,6462147021,15075,24.32633103,89828,8696471.174,59991,53.25241051,0.000259,17218590,603,1
"9/21/2018",77504692.5,45671814.38,33476,3315821355,56.78,398550000,6459471089,15150,26.67944869,126209,8724697.179,66140,58.87894765,0.0002205,24697729,606,1
"9/22/2018",76830643.74,50446420.64,27046,3551738517,60.81,298424000,6451706830,15425,21.83354003,84309,8760775.53,59167,43.77851763,0.000202,16802816,617,1
"9/23/2018",52817197.3,30490353.09,26115,3537468995,60.55,304888000,6450882794,15325,19.42140825,77346,8760775.53,56750,42.385,0.00020271,15181900,613,0
"9/24/2018",76583415.93,53584968.64,27627,3584651267,61.34,296366000,6448571611,14200,22.62391959,84037,8800492.929,57676,44.5575821,0.000224,17968040,568,1
"9/25/2018",46784562.11,29804492.13,28344,3391372797,58.02,351579000,6442049133,14225,21.38697607,81672,9230764.747,60921,48.57324394,0.000224,18467534,569,0
"9/26/2018",66997396.26,42013927.21,28463,3358674558,57.45,294136000,6434617058,12925,20.80706452,80868,9230764.747,59101,49.6868964,0.000223,17941557,517,0
"9/27/2018",96690776.87,50777586.71,31736,3359711618,57.45,574277000,6431919610,14025,24.37493352,89426,9230764.747,61954,57.43500555,0.000226,20973051,561,0
"9/28/2018",131621160.3,63255665.24,30752,3694944158,63.17,459862000,6428897289,15550,26.30738168,111345,9075577.64,65708,49.68446208,0.000226,27271323,622,1
"9/29/2018",43594020.78,24220136.9,27191,3606395093,61.64,356028000,6427781979,13600,20.7080426,84745,8910079.098,58774,39.20002889,0.00018781,15574114,544,0
"9/30/2018",49505927.16,28416849.96,25678,3607043408,61.63,463002000,6426349732,15275,19.92701853,100125,8910079.098,56212,41.15944204,0.000222,19109435,611,0
"10/1/2018",80609280.21,52560116.24,28782,3576704172,61.1,456583000,6423862387,14825,23.07180865,89888,8923220.301,62148,47.047,0.000222,16378102,593,0
"10/2/2018",52453357.54,32852794.4,27095,3530550899,60.3,444830000,6420606717,13850,20.76639005,84137,9146222.543,60182,42.79012881,0.00021944,15613224,554,0
"10/3/2018",66821362.01,52129828.04,28000,3489294050,59.58,452464000,6415940824,13125,19.9002416,83605,9146222.543,59171,40.34701535,0.00020845,15641373,525,0
"10/4/2018",40825243.48,27114629.71,24039,3369525887,57.52,343602000,6414908143,13175,18.64817675,81575,9146222.543,54830,45.46548356,0.000224,14621208,527,0
"10/5/2018",52196890.09,34196552.1,26361,3417621105,58.33,371790000,6412694642,14375,20.76534665,83440,8916459.228,56893,37.89373452,0.000223,14592772,575,1
"10/6/2018",55470007.72,33985214.11,25146,3451182409,58.88,375900000,6412240971,14725,18.53010216,79011,8478980.594,55729,36.43460073,0.000192,14197831,589,1
"10/7/2018",71437093.35,47997448.36,21492,3396136374,57.93,435270000,6409391483,14875,18.64304484,71743,8478980.594,52321,40.47943907,0.000223,14317329,595,0
"10/8/2018",81026011.96,42776061.29,23160,3414765494,58.23,347408000,6407270329,15575,20.06049541,81146,8478980.594,53700,52.82228821,0.000226,15410949,623,1
"10/9/2018",90348958.81,57502805.03,22835,3487183856,59.45,318545000,6400537314,14025,19.22947148,75760,8969901.375,53097,59.08919854,0.000224,13998421,561,1
"10/10/2018",68701694.68,42658903.89,22736,3441585026,58.66,358009000,6394259125,14125,21.51766751,80075,8979719.79,54838,56.744243,0.000226,14476767,565,0
"10/11/2018",111672152.2,63432178.3,28090,3402615046,57.98,343098000,6386777339,14325,24.04445488,91797,8979719.79,59328,60.16011758,0.000223,17705649,573,0
"10/12/2018",85579530.61,48930650.39,24858,2986034164,50.87,280891000,6382833060,14850,19.44389706,78589,8925324.236,54828,50.84960062,0.000224,14601500,594,0
"10/13/2018",69790017.99,40838272.18,23406,3138815904,53.46,237333000,6381389992,13900,17.80733606,74171,8858250.019,52591,32.63352044,0.00019,13233690,556,1
"10/14/2018",48978016.54,26561758.59,20822,3142294548,53.51,242221000,6378891728,15125,16.33683355,67648,8858250.019,50723,37.87098868,0.000223,11470516,605,1
"10/15/2018",90346152.93,56059288.98,25061,3064512683,52.17,431765000,6376015654,14875,22.90184769,82098,8860229.584,56570,59.5431355,0.000226,15432883,595,0
"10/16/2018",75046889.11,42226802.55,26416,3229687910,54.97,281917000,6372414685,14375,30.06666275,93156,9054556.951,56404,44.94918943,0.000223,23960230,575,1
"10/17/2018",70960394.77,48469142.75,27262,3188952514,54.26,295022000,6368365928,13675,43.81337147,164683,9054556.951,55481,59.63174,0.000226,48432545,547,0
"10/18/2018",84288035.5,53590512.3,28438,3157729163,53.72,296411000,6364639375,15350,56.36361637,162025,9054556.951,48119,65.63769659,0.000226,64087738,614,0
"10/19/2018",58385763.97,37860135.7,26501,3089819802,52.55,272130000,6363772367,12875,29.24724151,108674,8974885.335,61193,45.07255908,0.000224,32668866,515,0
"10/20/2018",103030348.8,87618981.07,25055,3121298139,53.07,258418000,6353403070,14025,18.15903809,208245,8884304.327,50084,40.84278875,0.000226,70190201,561,1
"10/21/2018",37686617.97,27583847.67,21166,3142805126,53.43,273510000,6352900572,14025,15.43149807,77236,8884304.327,50209,41.50905424,0.000224,15536988,561,1
"10/22/2018",65983010.39,35924368.77,23686,3105808640,52.78,263337000,6351757858,14450,18.94278737,82949,8884304.327,53179,53.91477,0.000226,22519344,578,0
"10/23/2018",54529298.62,29312517.28,24759,3074637860,52.24,278025000,6347251640,14450,23.2059622,83914,8739506.198,54858,42.32959453,0.000222,25302413,578,0
"10/24/2018",42325092.76,21694614.5,23624,3087939730,52.46,291042000,6346087469,13800,18.79812628,80435,8717916.02,53535,46.21726,0.000224,25023180,552,1
"10/25/2018",40659737.24,25177239.86,23596,3091002916,52.49,241117000,6341822841,13875,17.94888469,84990,8717916.02,51290,52.48901581,0.000226,25200820,555,1
"10/26/2018",41835242.69,25956215.28,25836,3075412478,52.22,292908000,6339433490,12350,16.45961941,82895,8623422.954,55320,43.2966464,0.000223,19270617,494,0
"10/27/2018",24853208.15,14454213.29,21412,3071052355,52.13,312308000,6338604416,14550,15.07320725,73252,8187466.308,49623,50.08093547,0.000224,14070335,582,0
"10/28/2018",28486577.16,16748531.8,20398,3066859684,52.05,335237000,6337760049,15450,15.47211863,74052,8187466.308,49927,47.54647785,0.000225,14147435,618,0
"10/29/2018",44001398.9,27764078.42,23862,3054891731,51.83,373076000,6332913077,14400,17.68079116,82279,8187466.308,53128,52.19285406,0.000226,16568458,576,0
"10/30/2018",46870491.69,28914135.15,25187,2888644289,49,295448000,6322247934,13975,17.44312457,81521,8339558.324,53915,41.10133769,0.00021944,16987392,559,0
"10/31/2018",37964924.36,20713137.04,24488,2909539877,49.34,410734000,6321389081,14425,18.25452161,79721,8396359.274,59048,49.33941779,0.000224,16838965,577,1
"11/1/2018",41203957.1,24855054.17,23545,2923215125,49.56,321492000,6320037285,13725,16.56953413,82417,8396359.274,56430,54.16103592,0.000226,18923187,549,1
"11/2/2018",50501933.9,27363042.89,25610,2969850149,50.34,362726000,6319668182,13900,16.51625661,83348,8357637.684,57480,50.33033472,0.000224,16613079,556,1
"11/3/2018",29725956.04,15443334.19,22635,3027359874,51.3,325128000,6318826948,13875,14.80973792,71640,8101438.67,48718,49.7494062,0.000224,14790502,555,1
"11/4/2018",45942877.73,27681560.5,23125,3009766551,50.99,441533000,6318993577,15075,19.36539359,82995,8101438.67,53163,59.00999631,0.000226,16569921,603,0
"11/5/2018",53573813.72,30909384.54,23722,3163694699,53.59,398133000,6316793831,15300,21.55592893,92304,8101438.67,52952,56.48364403,0.000226,20320246,612,1
"11/6/2018",57931342.03,35861123.6,25287,3128480490,53.7,371534000,6315965517,13975,19.40412334,87954,8272857.319,53580,55.27052792,0.000224,18406459,559,1
"11/7/2018",116538934.4,66065352.5,24783,3309735809,56.04,385412000,6311990381,14700,17.70154505,84836,8349684.849,54179,56.16201981,0.000224,16083035,588,1
"11/8/2018",49305606.71,28723963.03,24702,3201531572,54.19,351857000,6310414680,14525,18.58950233,81410,8349684.849,52669,50.37643294,0.000224,16698980,581,0
"11/9/2018",45645139.09,24103816.54,24704,3093692383,52.36,386711000,6309641508,13700,16.13050373,80043,8327249.952,52271,49.26013459,0.00021238,16261185,548,0
"11/10/2018",30884647.49,15296479.93,30686,3069366450,51.93,322713000,6309306725,14225,14.69689224,79996,8208370.79,55701,18.6090293,0.00014213,17059028,569,0
"11/11/2018",32190374.29,17600185.08,31761,3093353466,52.32,410262000,6308021559,14200,15.46597674,86382,8208370.79,60604,13.6105248,4.16e-05,19058559,568,1
"11/12/2018",36290937.41,22282529.2,23812,3044006569,51.48,388194000,6305833775,13875,17.68916836,89149,8208370.79,63249,49.89723865,0.000225,25959418,555,0
"11/13/2018",46102830.7,23400211.82,24187,2994431196,50.63,356433000,6300848335,15525,16.35132889,85263,8121845.641,51783,51.08344228,0.000224,16469050,621,0
"11/14/2018",78569187.94,42544330.29,27472,2933285349,49.58,604639000,6291994950,14100,20.01724504,90953,8068443.4,58724,73.61130552,0.000226,18107756,564,0
"11/15/2018",248599733.7,101891267.9,25736,2587616673,43.73,588718000,6264841141,13250,17.31977511,87042,8068443.4,54621,68.38412914,0.000224,16312673,530,0
"11/16/2018",41100497.86,24662018.94,24970,2601895897,43.96,411507000,6261003608,14525,16.61408416,83350,8063420.346,53373,54.47633276,0.000224,15519636,581,1
"11/17/2018",31947944.21,18397812.72,23990,2515498717,42.49,330818000,6255219406,14325,15.55200142,80780,8000573.763,50529,46.95503871,0.00021854,14783553,573,0
"11/18/2018",27875532.32,14583322.41,22302,2492333060,42.09,352001000,6253208762,13650,14.3972713,77814,8000573.763,50068,44.58900578,0.000224,14000079,546,0
"11/19/2018",106979309.2,77461443.95,26482,2507885690,42.34,571241000,6233917132,13050,21.26807981,90135,8000573.763,54393,84.6785922,0.000225,17730711,522,1
"11/20/2018",85014126.87,46769244.16,29091,2166784167,36.57,619356000,6211967355,12400,21.30957877,101256,7829749.71,57909,87.96782543,0.000224,19404249,496,0
"11/21/2018",52121984.25,28964637.17,25804,1959648457,33.07,504001000,6205072275,13750,21.13653667,89327,7483935.163,53889,60.47619733,0.000224,18598378,550,0
"11/22/2018",44211421.01,24603578.1,23595,2055770813,34.69,468218000,6200470908,13675,15.54829066,79668,7483935.163,46345,54.34006586,0.000226,15128007,547,1
"11/23/2018",52871679.48,38125053.6,24058,1898221972,32.02,462932000,6147699891,12700,16.25812085,81254,7483935.163,54358,53.93343166,0.000224,15128279,508,0
"11/24/2018",39057561.96,22349984.04,22675,1912758169,32.26,396969000,6141802738,13700,15.13857884,76651,7139609.906,45358,50.95075718,0.00022104,14505231,548,1
"11/25/2018",67982749.79,35231282.31,24047,1733744923,29.23,573938000,6134196847,13025,18.09485762,83721,6857057.286,54602,67.37859008,0.00022456,15910600,521,0
"11/26/2018",52338919.34,30234110.88,23655,1831337444,30.87,528902000,6123385685,12500,17.55362301,82394,6857057.286,49785,64.722301,0.000224,15961724,500,1
"11/27/2018",34403135.65,20517724.17,22852,1744940048,29.41,486621000,6117456255,11650,16.46500079,85528,6857057.286,51000,50.94570778,0.000224,15660313,466,0
"11/28/2018",47868090.76,26541561.97,25022,1846698840,31.12,573550000,6113298812,13275,18.63293412,85846,6416127.751,51271,57.41667635,0.000224,17132191,531,1
"11/29/2018",562709003.4,191686317.1,24147,2060849539,34.72,476701013,5868611091,13675,15.71931853,84995,6084339.189,52924,62.6282832,0.00021944,16684185,547,1
"11/30/2018",1163376827,392947777.3,26265,2007179026,33.8,431153649,4854890974,14450,16.16558959,95284,6084339.189,56962,63.44248947,0.000168,17731320,578,0
"12/1/2018",32599140.11,15902247.1,22753,1908220349,32.13,428286157,4853655545,14825,15.00331012,80065,6083713.279,49023,50.01737601,0.00021854,14750763,593,0
"12/2/2018",27626432.45,16094150.62,20152,2035381124,34.26,407318732,4850998933,14900,13.6420771,74591,6010106.267,45974,48.81577794,0.000224,13778963,596,1
"12/3/2018",38552600.53,24458659.63,21575,2009142200,33.81,431873524,4844807696,14975,15.10036177,77933,6010106.267,46586,54.09058634,0.000224,14879235,599,0
"12/4/2018",33461307.66,18100707.7,21448,1842845309,31.01,398521610,4841500934,15650,15.96903674,79699,6010106.267,48190,51.96422357,0.000224,14874372,626,0
"12/5/2018",44688087.13,23535265.09,22328,1855693503,31.22,392132740,4833909704,14025,15.8139259,79059,6189797.478,47614,53.48291332,0.000224,14940555,561,1
"12/6/2018",51116402.83,28835704.82,23111,1739518419,29.25,451241301,4813063983,13725,16.75427293,78201,6281822.626,48799,58.04970005,0.000226,15173568,549,0
"12/7/2018",80382035.82,46672496.14,27082,1600659321,26.91,519622321,4772263249,13400,18.78277447,86824,6281822.626,52303,75.07025624,0.00021854,16867577,536,0
"12/8/2018",41743151.5,20987670.11,23659,1495202511,25.13,504751040,4764843336,13275,14.40072144,75556,6281822.626,48064,47.90614527,0.000192,14221751,531,0
"12/9/2018",28738194.73,16447572.13,21575,1475498716,24.8,471979152,4761505021,13650,14.05110531,72011,5953120.154,46421,43.06148273,0.000224,13437855,546,0
"12/10/2018",32588702.26,18042319.94,22763,1541938389,25.91,423653343,4753693576,13925,19.34684916,78741,5934682.298,46833,46.7011165,0.000222,18290281,557,1
"12/11/2018",33432976.06,18089424.59,22066,1464569756,24.6,386533569,4746431430,12675,14.84628643,77795,5934682.298,46457,46.31034329,0.000224,15334485,507,0
"12/12/2018",44119548.72,18945359.42,22057,1417354353,23.8,367818943,4743726021,14100,14.68370649,82259,5843438.057,47038,44.97238075,0.00021854,16439746,564,0
"12/13/2018",38151300.89,24097557.61,22369,1460881789,24.53,328942983,4729920438,15350,15.33184967,86709,5535753.992,47459,48.18034243,0.000224,15777815,614,1
"12/14/2018",32880476.63,18541200.37,23350,1409139390,23.65,318851820,4722567010,14300,15.77115092,76876,5535753.992,47657,47.65315977,0.000223,14788411,572,0
"12/15/2018",42000263.98,22256516.03,22674,1398028569,23.46,291476162,4718022480,13875,14.92460018,82092,5535753.992,46367,39.55221832,0.000192,35771831,555,0
"12/16/2018",43059422.74,25219389.94,21513,1417716714,23.79,424549776,4714990841,13500,14.40831027,71827,5590874.205,41580,49.23410681,0.000224,13489664,540,1
"12/17/2018",81113007.45,61668051.2,24849,1530802171,25.68,613385969,4696443123,13500,19.50039198,85249,5611299.462,52844,52.78471895,0.000224,17210586,540,1
"12/18/2018",52333134.04,31177523.81,24504,1745376046,29.27,492064386,4694271266,12975,15.90324924,76543,5611299.462,42707,45.70319338,0.000224,15138870,519,1
"12/19/2018",75539825.64,44412807.07,26676,1809055957,30.33,505439992,4688818617,14200,18.64448087,83705,5608114.947,50086,56.79993335,0.000224,17539177,568,1
"12/20/2018",73700205.64,37715088.29,25363,1765665285,29.6,796645103,4689903009,16400,16.73462206,80757,5249538.547,46892,50.93731777,0.000226,16236359,656,0
"12/21/2018",62531695.39,31660706.26,25601,1952884861,32.73,546504526,4686580762,16525,16.33380089,81368,5249538.547,50493,57.2775,0.000224,16396875,661,1
"12/22/2018",52396487.67,23999509.45,22843,1839939800,30.83,419546205,4686615979,16550,16.73800852,78032,5249538.547,61093,41.65694692,0.00022334,16183269,662,0
"12/23/2018",74294703.48,36376452.41,23117,1909869496,31.99,554317219,4684554718,14850,14.60254432,77402,5950698.576,47301,47.61760733,0.000224,14857826,594,1
"12/24/2018",80130783.58,39064744.56,23398,1998516771,33.47,535897387,4683742313,14050,16.76229088,81614,5990622.279,48776,61.91193578,0.000226,16261448,562,1
"12/25/2018",55494960.03,35398540.95,19501,1995270500,33.4,508836253,4680817218,13700,13.17048276,70723,5990622.279,45208,53.28685098,0.000224,13290199,548,0
"12/26/2018",49139740.5,28648402.33,21421,1857210305,31.09,464721770,4673029101,14100,15.03614308,78655,5973522.038,44950,50.05467522,0.000224,15208414,564,0
"12/27/2018",56431554.12,33577945.64,23365,1850433736,30.96,442100051,4643929533,14525,15.3069422,76964,5946783.479,48142,53.46406486,0.000224,15217506,581,0
"12/28/2018",58964889.46,31103605.77,24943,1691610162,28.3,486919645,4631714361,13650,15.27894805,80428,5946783.479,49142,53.64704216,0.00021854,15433343,546,0
"12/29/2018",62985735.07,34440652.7,24736,1946358200,32.56,390868406,4618994154,14850,15.92091937,84925,5946783.479,47731,52.45542951,0.000192,15827022,594,1
"12/30/2018",57977179.36,30434355.32,23038,1878778106,31.42,405650440,4605663120,15100,13.89235603,75988,5845438.18,47885,49.39833202,0.000224,14575174,604,0
"12/31/2018",41317366.59,22259330.4,20550,1912822575,31.98,367746437,4597582945,14500,14.31795444,72736,5831069.753,43821,52.4519599,0.000224,14233195,580,1
"1/1/2019",59040903.41,19678173.29,17760,1822444539,30.46,379429124,4594345293,14275,11.45391595,65830,5831069.753,43137,48.31964104,0.000202,12073577,571,0
"1/2/2019",77655699.27,29245663.02,23310,1916468041,32.02,414331918,4588977922,14800,15.4559351,79095,5895852.035,47714,48.61781387,0.000224,15965646,592,1
"1/3/2019",96301720.55,52641368.08,23400,1996137016,33.35,345068249,4573881328,14650,15.25564711,76109,5980878.78,47198,48.06786626,0.0002243,15305219,586,1
"1/4/2019",58178206.99,30407226.27,23729,1917449030,32.02,391010579,4570774018,14850,14.86846271,73279,5980878.78,46725,41.59492395,0.000224,14581301,594,0
"1/5/2019",70332385.82,38279677.55,24483,1937264571,32.35,640607603,4559982016,14825,15.97124266,73402,5984653.97,48308,52.06237642,0.000224,14650962,593,1
"1/6/2019",125744789.8,60521951.6,24596,2087617157,34.85,809493170,4549195113,14725,18.31077915,71992,6153085.514,50194,60.01418724,0.000226,15547771,589,1
"1/7/2019",173964667.5,63342757.7,22512,2353355999,39.28,586891613,4532732530,13525,16.06729045,69493,6153085.514,47008,59.39623504,0.000224,13636941,541,1
"1/8/2019",98406874.41,49571764.34,23257,2272646373,37.92,643946959,4527674365,14875,16.73855754,72910,6153085.514,48756,59.36260344,0.000224,14231220,595,0
"1/9/2019",106195702.4,46957430.35,23704,2364641252,39.45,504601883,4523926596,14175,15.20099998,67347,6129171.428,48004,54.51302742,0.000224,13111723,567,1
"1/10/2019",152764570.3,71884956.03,24429,2337640878,38.99,701124437,4520169716,14875,16.9245629,70009,6106167.567,49642,71.82048574,0.000222,13700494,595,0
"1/11/2019",142566644.2,75523736.01,24297,2019909213,33.68,628980637,4388198689,15975,14.2019241,68801,6106167.567,49143,44.42424501,0.000224,12917089,639,0
"1/12/2019",64413030.48,24544733.13,23895,1947661004,32.46,491524393,4385798004,15750,14.64641601,64919,6189991.616,45557,40.73811377,0.000224,12900595,630,0
"1/13/2019",50759528.96,22654815.22,21273,1944443264,32.4,564244096,4381538030,14275,13.9177674,65127,6491635.821,46308,46.90774962,0.000224,11852745,571,0
"1/14/2019",51808007.95,30611432.07,21552,1823361686,30.38,593098938,4377679666,13775,14.69499628,64994,6491635.821,45870,41.70572354,0.000224,12320187,551,0
"1/15/2019",44750260.63,26324910.99,23446,1943746031,32.38,527294088,4373656466,13075,15.04077423,67110,6491635.821,46424,39.6314806,0.000224,13172927,523,1
"1/16/2019",56212279.85,31971630.7,22655,1888155068,31.44,539347966,4361430700,14600,13.90759034,67081,6340807.534,46055,41.56089379,0.000224,12611640,584,0
"1/17/2019",42690004.43,24363373.5,23338,1912969374,31.85,609389197,4359013924,15000,14.69843297,65356,6239968.051,46049,40.47066369,0.000224,12330813,600,1
"1/18/2019",52735302.31,28251807.49,25533,1917225488,31.91,566482194,4351727863,15075,15.12439168,68667,6239968.051,47779,35.46905919,0.000224,13803923,603,1
"1/19/2019",66223767.75,33815754.19,24162,1891799692,31.48,585789957,4350251630,14500,14.72594887,68537,6280852.29,47193,33.96148718,0.000224,13475042,580,0
"1/20/2019",50681691.63,30351067.07,21108,1952686350,32.49,584024741,4344707795,14100,13.1627331,64969,6442642.056,44773,45.1338084,0.0002016,12087198,564,1
"1/21/2019",33683470.71,18894535.72,22322,1875371375,31.19,531048792,4342681441,13775,15.33774943,73824,6442642.056,45457,34.14619163,0.000224,13867780,551,0
"1/22/2019",55422755.39,31826408.34,20999,1877123956,31.21,589374367,4339765496,14700,14.56365278,64222,6442642.056,43951,35.00603672,0.000224,12337040,588,1
"1/23/2019",39560877.36,23963969.74,19718,1905113751,31.67,613521888,4337719959,14925,12.95740331,56312,6413776.304,38436,34.51046013,0.00017535,11679617,597,1
"1/24/2019",48015892.57,24965999.34,20641,1927481812,32.04,614405338,4335708481,14275,14.50536537,62258,6399667.359,48687,41.39853733,0.000168,11932156,571,1
"1/25/2019",54706515.52,30545788.78,23775,1975243215,32.82,661476020,4331194447,15100,17.15404207,75945,6399667.359,46226,40.96293935,0.000168,15613326,604,1
"1/26/2019",54346342.19,28157970.82,22337,1984695237,32.97,694481467,4329036837,15225,15.17644604,67288,6472418.198,46201,41.0602607,0.000188,13683130,609,1
"1/27/2019",36456708.33,20817330.67,20614,1991991270,33.08,678149673,4327429975,16125,12.41471759,62570,6661828.667,43594,41.57996025,0.0001709,11794891,645,1
"1/28/2019",79781899.04,41707366.68,22394,1958422068,32.52,812860294,4520025342,14300,15.97399785,69227,6661828.667,46174,52.34873797,0.000224,13790581,572,0
"1/29/2019",44647707.6,23003252.91,22087,1881678669,31.24,707842400,4517473627,15025,15.80516149,69113,6661828.667,45654,37.45923577,0.000224,12733545,601,0
"1/30/2019",52209984.16,27561620.53,22290,1872126345,31.07,694822148,4515989066,14800,14.28207534,64494,6959855.373,45294,36.13777146,0.000224,12340769,592,0
"1/31/2019",55947380.31,30577225.61,22061,1922052675,31.89,654137406,4515811099,13800,13.23755642,65038,6975206.66,44945,40.1056469,0.00021854,12769277,552,1
"2/1/2019",59581676.22,28826164.8,24853,1911950719,31.72,825977656,4514834811,14100,16.21764083,75106,6975206.66,46301,48.61896227,0.000168,14742311,564,0
"2/2/2019",48452434.28,24053588.36,22814,1979194701,32.82,829064166,4515301484,14775,13.80674284,65061,6971825.256,44535,41.63097798,0.000168,13677385,591,1
"2/3/2019",74968232,32936966.79,21527,2076446992,34.43,820461891,4513553722,15575,14.06033381,68109,6967338.905,49198,54.56755646,0.00017415,12634948,623,1
"2/4/2019",68851017,38783527.53,22157,2018389334,33.46,740036504,4511708777,14250,15.14243801,68015,6967338.905,45967,39.88049218,0.00017137,13431607,570,0
"2/5/2019",51895458.81,26482009.56,22150,2051944739,34.01,708712284,4510956913,14650,14.78513292,64051,6971393.042,45308,38.93387801,0.000192,12715524,586,1
"2/6/2019",50286750.38,30632122.46,21421,2073350678,34.35,748545366,4507506411,14525,14.35722702,65601,7107087.409,43238,42.35110325,0.000168,12593732,581,1
"2/7/2019",50017685.05,25035736.2,21709,1986880240,32.91,652002936,4506946496,14700,13.57008634,68216,7107087.409,46340,41.32772967,0.00017418,12746598,588,0
"2/8/2019",130132680.9,63903389.01,31023,2007338107,33.24,1721691113,4513377107,14350,21.44530314,84350,7107087.409,54835,63.14710564,0.000192,18692148,574,1
"2/9/2019",115873370.9,62506169.66,29388,2598297457,43.02,1509978243,4512971239,14425,18.51391593,77393,7131335.993,50940,51.28564598,0.000168,16817671,577,1
"2/10/2019",151859799.5,103204495.9,24705,2703891328,44.76,1420578823,4523808214,14850,18.02149748,72653,7150674.427,49763,53.37070769,0.00021107,15390828,594,1
"2/11/2019",107655153.8,64319802.99,24721,2832981995,46.88,1229169302,4520554844,14975,17.08637205,75195,7150674.427,48050,53.50129885,0.000226,14914412,599,1
"2/12/2019",151836189,100339380.9,24061,2609180965,43.17,1098569294,4521609924,14650,15.89010524,69820,7179423.759,45949,50.61434316,0.000224,14040304,586,0
"2/13/2019",123407366.5,89865189.92,24334,2649647680,43.83,1087815590,4518750489,14700,15.31704297,74791,7351235.244,52764,57.84050188,0.000226,13995420,588,1
"2/14/2019",207004356.8,149628528.1,23170,2532544213,41.88,997741394,4512558808,14425,14.12570934,73926,7351235.244,46651,49.48489539,0.000224,14543498,577,0
"2/15/2019",165750682.5,102262847.5,24256,2518594654,41.64,1043820661,4513529427,14750,14.90664267,72198,7351235.244,47731,45.78440505,0.000224,15589053,590,0
"2/16/2019",64618132.88,37917032.17,23423,2587279728,42.76,1017844635,4514374162,14925,14.67337137,69382,7482528.933,47423,42.74435283,0.000226,13497556,597,1
"2/17/2019",80851060.85,41858827.11,22042,2626252409,43.4,1089205822,4513810552,14550,14.87284722,66806,7537859.845,47072,52.40198764,0.000226,12874694,582,1
"2/18/2019",100477559.4,54127165.96,26120,2656234188,43.88,1462180271,4519204133,15100,19.18493776,82531,7537859.845,50778,57.33890475,0.000226,17557986,604,1
"2/19/2019",102879870.5,54214706.94,25854,2914926000,48.14,1417050580,4520362899,15125,17.66411378,74514,7589468.968,48868,63.93689934,0.000226,15151372,605,1
"2/20/2019",127195662.5,58581376.15,25819,2895738584,47.82,1582934318,4525522507,14625,17.97659942,76874,7697980.456,52047,59.10285738,0.000226,15615604,585,0
"2/21/2019",111012618.5,54431161.31,24425,3140292570,51.84,1259734341,4523430174,14900,16.72185062,71972,7697980.456,49753,55.40461016,0.000226,14922442,596,1
"2/22/2019",80109710.58,41612152.53,25684,2976480787,49.13,1213665948,4523799782,14325,16.14706108,74843,7697980.456,48874,50.5163641,0.000224,14850286,573,0
"2/23/2019",77655055.12,32873678.39,24851,3010270210,49.67,1278039837,4525497135,15550,15.17143159,69524,7857109.537,46633,52.41117703,0.000226,13543889,622,1
"2/24/2019",214149356.9,80412973.6,24340,3132676365,51.68,1618048131,4520771184,14350,16.66327944,73150,7876319.715,49896,74.22144648,0.000226,15020370,574,1
"2/25/2019",92707205.11,50882876.58,24141,2703210211,44.58,1212141472,4520767561,14575,16.7952549,71475,7876319.715,47723,52.86661644,0.000224,15675984,583,0
"2/26/2019",146871617.9,66118797.63,22563,2800806284,46.18,1060325373,4520455258,14950,14.89902752,67280,8059156.179,45835,52.31885333,0.000224,12693462,598,1
"2/27/2019",132207058.4,40400323.44,23361,2760260182,45.5,1061879935,4519208696,14950,14.19645819,67738,8248211.571,45663,51.22051253,0.000224,13066668,598,0
"2/28/2019",144679056.2,58792672.93,23633,2767898258,45.62,1119495712,4520166144,13350,13.61364875,67625,8248211.571,45643,52.66785296,0.000188,13058864,534,1
"3/1/2019",98941604.11,39434703.94,26147,2806183406,46.24,1175425172,4522946252,14350,17.56429426,76385,8248211.571,50176,50.52881364,0.00021107,15423979,574,1
"3/2/2019",83522106.12,31927474.12,23958,2882022837,47.48,1227656624,4523478342,14600,14.7105468,68264,8104821.253,46394,47.43252,0.000168,13419956,584,1
"3/3/2019",50029353,26779906.72,20828,2976541635,49.02,1102677211,4523162390,15100,13.35044203,62119,8100782.089,41617,49.91953416,0.00022411,11879218,604,1
"3/4/2019",87791892.61,40211386.13,23390,2935506038,48.33,1243464082,4520885366,15550,18.14167785,74568,8100782.089,46382,52.07057381,0.000226,15194008,622,0
"3/5/2019",167953672.8,77859606.83,26240,2826307366,46.52,2000300862,4527310235,15750,18.41549997,76399,8408326.647,49475,67.13634097,0.000226,15647986,630,0
"3/6/2019",136215729.7,65636611.64,26027,3222071591,53.02,1998850452,4530726959,14425,18.26591718,76349,8575667.069,47917,74.61963859,0.000226,16363287,577,1
"3/7/2019",204048939.7,94588108.97,28190,3393943158,55.84,2410843754,4528280978,14525,41.02497704,84595,8575667.069,49255,81.17755803,0.000226,37308216,581,1
"3/8/2019",181237282.8,83763266.43,27135,3492055984,57.44,1977538387,4516715284,14600,16.64014464,74092,8592648.454,47833,67.63066131,0.000224,15270363,584,1
"3/9/2019",88931114.31,40097464.92,25435,3405157443,56,2145350395,4517348526,14300,15.49424617,72278,8649675.493,47174,61.59999944,0.00021987,14574992,572,0
"3/10/2019",57364955.3,31069731.5,20997,3533993166,58.1,1778709344,4515397416,14325,13.60883096,61730,8649675.493,40274,58.09971241,0.000226,11874099,573,1
"3/11/2019",99268121.22,44849004.99,22841,3479448013,57.19,1839260243,4514534426,15850,19.28823597,69947,8649675.493,44992,70.8457956,0.000226,16446630,634,0
"3/12/2019",112953707.1,46333156.36,23969,3371723018,55.41,1666711996,4514165488,13650,19.64421236,69376,8897697.721,44071,75.47539224,0.000226,17166823,546,0
"3/13/2019",94170324.39,36531673.78,24157,3474538196,57.08,1465625295,4514590100,14350,19.79683216,74926,8955364.289,53575,64.91565072,0.000224,15694218,574,1
"3/14/2019",95478710.41,38929104.74,23712,3401162528,55.86,1610293200,4517197355,14875,16.95495329,67445,8955364.289,45473,61.80084339,0.000224,13242132,595,0
"3/15/2019",92221695.66,41202466.14,25489,3443093584,56.54,1824454595,4518650664,14575,17.20677639,71813,8943856.654,47382,67.50184063,0.000224,14706665,583,1
"3/16/2019",89077219.31,44616146.2,24547,3593452102,58.99,1997899601,4522022688,14250,15.12848849,69397,8917884.116,46593,67.39575527,0.00022081,13857656,570,1
"3/17/2019",106448712.3,47787217.21,19831,3770420951,61.88,1609232029,4511288454,15900,13.15166811,58388,8917884.116,40445,61.86811904,0.000224,11439482,636,1
"3/18/2019",168971420.6,80585126.08,23002,3734893284,61.28,1971826811,4512313777,15650,15.22051264,66569,8917884.116,45200,75.15509604,0.000224,14300086,626,0
"3/19/2019",215383470.3,96066420.06,23393,3670564373,60.22,1824124623,4472231608,13850,15.01474716,68198,9436003.623,45890,74.6294699,0.000224,14254343,554,0
"3/20/2019",111759554.8,38315978.5,24045,3699533792,60.68,1990264182,4473334869,14425,14.45762892,65862,9440722.38,46310,63.85178426,0.000198,13272390,577,1
"3/21/2019",112893305.3,35037440.83,23630,3712098579,60.87,1766689848,4473056633,14350,13.77345567,67136,9440722.38,45508,73.60802142,0.000224,12974116,574,1
"3/22/2019",112289500.7,42417844.32,25492,3617630118,59.3,1660894830,4473535172,15725,15.91096178,71925,9431141.591,46454,63.44291682,0.00021107,14084884,629,0
"3/23/2019",91070338.92,38176740.56,22830,3648094875,59.79,2009701790,4475358987,15025,13.69171762,65345,9421468.973,44879,62.41386382,0.000224,12646795,601,1
"3/24/2019",86699651.08,32575114.62,18774,3737776686,61.24,2041814465,4476401509,14525,12.88836418,59230,9421468.973,41222,60.74276366,0.000226,11320769,581,1
