"date","txVolume","txCount","marketcap","price.USD.","exchangeVolume.USD.","medianTxValue.USD.","activeAddresses","paymentCount","blockCount","inbasket"
"10/1/2017",9187801.29,2278,273648821.2,0.721765,8938190,116.7109362,1404,2278,NA,0
"10/2/2017",9732838.239,2289,269982656.1,0.707986,8299880,108.0682018,1529,2289,NA,0
"10/3/2017",7797188.605,1795,250190804.5,0.652812,7114830,97.31189799,1305,1795,NA,0
"10/4/2017",6471493.981,1994,243402759.9,0.631988,5449300,80.55233237,1282,1994,NA,0
"10/5/2017",5466697.95,1688,232125483.5,0.599336,8038660,132.9210078,1174,1688,NA,0
"10/6/2017",5046469.056,1901,236161814.5,0.606706,6785670,67.76420655,1218,1901,NA,1
"10/7/2017",4707603.15,1850,234581422.1,0.599816,6250760,94.0230395,1195,1850,NA,0
"10/8/2017",6183728.365,1793,230856296.5,0.587396,5854700,188.8543692,1335,1793,NA,0
"10/9/2017",7217093.536,2240,238412389.1,0.603543,6657950,109.8611506,1492,2240,NA,1
"10/10/2017",5491937.175,2084,221244923.5,0.557554,7701180,98.86674634,1495,2084,NA,0
"10/11/2017",11510904.49,2214,221869145.7,0.556461,8705650,140.6314839,1490,2214,NA,0
"10/12/2017",7197768.178,2442,244519498.6,0.610294,8681880,183.0271706,1739,2442,NA,1
"10/13/2017",7793926.175,2297,238184840.9,0.591619,8587370,177.4857,1824,2297,NA,0
"10/14/2017",7626053.393,2194,237387653.7,0.584829,6436220,106.3858362,1499,2194,NA,0
"10/15/2017",5019206.44,2040,237694046.1,0.58344,6573060,115.316916,1413,2040,NA,0
"10/16/2017",5102915.337,2187,234159429.2,0.571853,6005900,85.77795,1501,2187,NA,0
"10/17/2017",8857903.54,2464,231765876.3,0.562389,6374050,61.18978825,1571,2464,NA,0
"10/18/2017",5599113.993,1658,229180716.7,0.554269,7320330,154.5836225,1357,1658,NA,0
"10/19/2017",6411524.831,2342,227089875.1,0.545624,8084770,191.2458498,1686,2342,NA,0
"10/20/2017",7258751.627,2137,237084809.6,0.566626,6150650,113.3252,1468,2137,NA,1
"10/21/2017",5154074.161,2150,226891895.1,0.540259,7066060,200.7119242,1537,2150,NA,0
"10/22/2017",4982556.827,2170,222077526.6,0.526479,5538990,114.7900672,1455,2170,NA,0
"10/23/2017",5891267.765,2195,219400128.1,0.517658,6162350,144.5074206,1556,2195,NA,0
"10/24/2017",4654167.15,2205,209723986.2,0.49279,7089410,147.837,1608,2205,NA,0
"10/25/2017",4571744.635,1915,220269108.7,0.514902,5046620,145.8930924,1381,1915,NA,1
"10/26/2017",11170573.87,2356,216874388.9,0.50434,5314240,55.90819681,1429,2356,NA,0
"10/27/2017",3457809.45,1900,223814358.6,0.518989,4730120,116.385598,1330,1900,NA,1
"10/28/2017",5360674.559,2048,226306102.9,0.522242,5960600,144.5708976,1432,2048,NA,1
"10/29/2017",10985541.55,3459,233965782.3,0.536399,19902600,265.3883889,2403,3459,NA,1
"10/30/2017",10983533.19,4297,292525859.4,0.667644,20481800,227.4156366,3193,4297,NA,1
"10/31/2017",10026050.59,3336,313596030,0.712702,16200000,233.2699314,2343,3336,NA,1
"11/1/2017",26875146.38,7755,345759071.4,0.785862,74917400,245.1689956,5227,7755,NA,1
"11/2/2017",34762487.1,9482,464728950,1.05,68358600,245.7340212,6397,9482,NA,1
"11/3/2017",30530374.1,8829,500301732.2,1.12,59247900,223.1424739,6002,8829,NA,1
"11/4/2017",18722511.85,5944,537897997.5,1.2,37546000,238.8,3894,5944,NA,1
"11/5/2017",17324010.01,4719,501098702.4,1.11,32996400,222.999,3147,4719,NA,0
"11/6/2017",18562643.54,5190,485483418.8,1.07,26059800,271.1657597,3331,5190,NA,0
"11/7/2017",20339233.27,3908,422514025.5,0.921145,16941200,228.8221361,2742,3908,NA,0
"11/8/2017",16766603.41,4540,439157885.8,0.95102,37971000,299.3147622,3254,4540,NA,1
"11/9/2017",16862216.28,5079,523100917.7,1.13,24725800,168.758268,3346,5079,NA,1
"11/10/2017",17194323.09,3797,548607358.5,1.18,23024200,351.64,2962,3797,NA,1
"11/11/2017",16580673.69,3602,482723277.1,1.03,27539300,334.9354224,2629,3602,NA,0
"11/12/2017",19473111.87,6278,545824716.4,1.16,29229800,294.7743807,4759,6278,NA,1
"11/13/2017",21910648.75,3373,512496378.3,1.09,20848600,492.0914,2743,3373,NA,0
"11/14/2017",42562641.36,8107,559844510.7,1.18,107326000,544.2162392,6136,8107,NA,1
"11/15/2017",47072672.54,8873,803101369.3,1.68,64150700,406.2239998,6722,8873,NA,1
"11/16/2017",39792065.62,9642,802011091.2,1.67,64675200,498.328,8073,9642,NA,0
"11/17/2017",50636969.54,8193,800484890.8,1.66,50782500,498,7187,8193,NA,0
"11/18/2017",37120478.37,6359,842218675.9,1.74,52951400,348,4667,6359,NA,1
"11/19/2017",35159489.85,6645,934867602.4,1.92,55081600,362.5930322,5088,6645,NA,1
"11/20/2017",39144610.58,7123,925504520.8,1.89,55477200,378,5375,7123,NA,0
"11/21/2017",62773249.21,7297,983537027.4,2,56022900,514.4081278,5516,7297,NA,1
"11/22/2017",41516143.8,6121,938644039.4,1.91,44297600,404.2488055,4621,6121,NA,0
"11/23/2017",41359969.01,7994,935524485,1.89,42235000,808.1419815,6906,7994,NA,0
"11/24/2017",32640814.49,4532,940325844,1.89,44111800,718.692345,3613,4532,NA,0
"11/25/2017",112743331.1,7604,939234560.3,1.88,48591800,910.760644,5779,7604,NA,0
"11/26/2017",81696776.9,9305,1024468704,2.05,116846000,633.8395,7732,9305,NA,1
"11/27/2017",63188616.95,10370,1237364387,2.46,126962000,430.8684949,8561,10370,NA,1
"11/28/2017",180023449.4,12577,1443146948,2.86,98904096,560.56,9666,12577,NA,1
"11/29/2017",88233196.87,10986,1416747933,2.79,133125000,557.163,8533,10986,NA,0
"11/30/2017",125375374.7,10537,1409297385,2.76,92059600,874.92,7977,10537,NA,0
"12/1/2017",152080709.6,9876,1449493390,2.83,74402000,849.0461224,6953,9876,NA,1
"12/2/2017",112499465.9,12175,1664796974,3.24,163479008,710.4672,9293,12175,NA,1
"12/3/2017",136442394.5,12710,2032386441,3.94,132280000,592.0966675,9879,12710,NA,1
"12/4/2017",91096775.75,9272,1874085053,3.61,163900000,714.4749125,7433,9272,NA,0
"12/5/2017",79892068.97,6045,2109014964,4.06,181418000,1624,5230,6045,NA,1
"12/6/2017",94572240.92,7239,2226816822,4.27,200252992,1061.13343,6137,7239,NA,1
"12/7/2017",70673436.03,4951,2373610086,4.52,183666000,1134.017602,4419,4951,NA,1
"12/8/2017",128796198.2,7063,2101547767,3.99,149508000,1126.431253,5989,7063,NA,0
"12/9/2017",241478642,13820,2263704116,4.28,133142000,3296.595563,12328,13820,NA,1
"12/10/2017",99966861.83,8142,2160678222,4.07,98890000,1083.422221,7097,8142,NA,0
"12/11/2017",92470408.51,6971,2010133339,3.77,153155008,1068.795,5904,6971,NA,0
"12/12/2017",148589147.6,10291,2342668083,4.38,266450000,1228.464351,7805,10291,NA,1
"12/13/2017",461446034.1,17911,2855407527,5.32,663820992,1545.607364,14164,17911,NA,1
"12/14/2017",376134858.4,16510,3904595769,7.24,613600000,1504.7978,12751,16510,NA,1
"12/15/2017",324844514,13671,4547429243,8.41,640457984,1330.31903,11098,13671,NA,1
"12/16/2017",238320593.9,14767,4419849508,8.14,540462016,773.3,12188,14767,NA,0
"12/17/2017",166759225.3,12094,4689775058,8.6,361464000,1075.002729,9897,12094,NA,1
"12/18/2017",217823833.2,10508,4498576343,8.22,577649984,1639.00224,8459,10508,NA,0
"12/19/2017",403315124.2,16567,5074950878,9.24,1688240000,1841.553252,12848,16567,NA,1
"12/20/2017",341845080.2,12371,6862297508,12.45,775977024,1875.446212,9632,12371,NA,1
"12/21/2017",297755831.4,12324,6614982642,11.96,349756000,2192.308006,10040,12324,NA,0
"12/22/2017",517925271.4,13440,5935360451,10.66,612398016,3141.9817,9642,13440,NA,0
"12/23/2017",225432209.6,10791,4452516121,7.97,233174000,1435.54843,8253,10791,NA,0
"12/24/2017",185108525.4,9102,4771511883,8.51,192175008,2047.839932,7080,9102,NA,1
"12/25/2017",176279936.4,8044,4614813350,8.2,337892992,2454.52158,6662,8044,NA,0
"12/26/2017",179382834.2,7553,5517768019,9.77,336595008,1609.693671,5979,7553,NA,1
"12/27/2017",169914975,8048,5574419159,9.83,530216000,1677.893237,6362,8048,NA,1
"12/28/2017",253557471.3,9598,5994529166,10.54,478886016,2098.514,7415,9598,NA,1
"12/29/2017",179374909.4,7357,5484356822,9.6,448089984,1644.22284,5851,7357,NA,0
"12/30/2017",198481654.6,7991,5423461247,9.46,499400000,1889.72014,6340,7991,NA,0
"12/31/2017",173161060.2,7065,4892174934,8.51,312308000,1702,5802,7065,NA,0
"1/1/2018",188556811.5,8883,5063610229,8.77,331072992,1043.421309,7477,8883,NA,1
"1/2/2018",525673017.3,8552,5162882715,8.91,552188992,1477.249806,6952,8552,NA,1
"1/3/2018",165216649.4,12256,5416153272,9.32,529459008,989.3274081,10228,12256,NA,1
"1/4/2018",192413354.5,9776,6091609857,10.45,1204969984,1666.775,8328,9776,NA,1
"1/5/2018",167075702.7,8387,6569254485,11.23,618755008,1684.5,7669,8387,NA,1
"1/6/2018",172271529.2,9341,6343842589,10.81,688819008,1562.219041,8297,9341,NA,0
"1/7/2018",204175737.9,9775,7522755947,12.77,781497024,1792.809043,8757,9775,NA,1
"1/8/2018",505012108.5,12520,7394023061,12.51,697174976,2414.43,9647,12520,NA,0
"1/9/2018",230127510,10403,5732477886,9.67,546937024,1825.7927,8384,10403,NA,0
"1/10/2018",245048026.4,9468,5549901333,9.33,1211789952,2066.729461,7339,9468,NA,0
"1/11/2018",251132944.7,10956,6766183675,11.33,1161849984,2051.762163,8304,10956,NA,1
"1/12/2018",389209087,15847,6826798290,11.4,2449370112,1697.46,13026,15847,NA,1
"1/13/2018",328130722.8,19493,8369396531,13.92,3379130112,1404.50016,16410,19493,NA,1
"1/14/2018",373672680.7,15255,9771610388,16.17,1162419968,1614.4128,12756,15255,NA,1
"1/15/2018",210160248.1,10759,8140149501,13.42,806380992,1342,9196,10759,NA,0
"1/16/2018",320959195.8,13550,7887100859,12.96,1599730048,1628.429346,11420,13550,NA,0
"1/17/2018",271714617.2,13927,6234921111,10.2,1625250048,1392.184332,11181,13927,NA,0
"1/18/2018",300445152.1,14278,6250542369,10.2,1266300032,2027.967347,12102,14278,NA,0
"1/19/2018",187616780.6,9358,6385684886,10.38,845596032,1394.620147,7517,9358,NA,1
"1/20/2018",336737012.2,14486,6943205731,11.25,2777449984,1811.936231,10783,14486,NA,1
"1/21/2018",575535803.1,11496,9697572343,15.66,2887800064,2944.760171,9158,11496,NA,1
"1/22/2018",285712185.1,11768,8413913907,13.54,2902200064,1885.240478,9306,11768,NA,0
"1/23/2018",289293171,10790,8461927661,13.57,1614680064,2046.654947,8606,10790,NA,1
"1/24/2018",237101263.6,9882,8140846530,13.01,1050800000,1866.396582,8124,9882,NA,0
"1/25/2018",251193340.8,10451,8761574151,13.96,1546860032,1653.7016,8244,10451,NA,1
"1/26/2018",235212764,9557,8992602575,14.28,1444039936,1694.063818,7568,9557,NA,1
"1/27/2018",250225262.4,9091,9057978400,14.34,653830976,1861.20294,7620,9091,NA,1
"1/28/2018",310627453.6,10884,9085776536,14.34,646950016,1740.371107,8839,10884,NA,0
"1/29/2018",313202617.6,8966,9552077921,15.03,565307008,1888.064608,6976,8966,NA,1
"1/30/2018",389769716.1,13228,8949712361,14.03,980342016,3183.314147,10456,13228,NA,0
"1/31/2018",302865094.7,9936,7332761118,11.46,1008809984,1784.971381,7313,9936,NA,0
"2/1/2018",452801572.2,10570,7853388454,12.24,919859008,2444.59471,7809,10570,NA,1
"2/2/2018",369947473.5,11829,6542119314,10.17,1534140032,2222.7552,8315,11829,NA,0
"2/3/2018",262768789,8063,6307335286,9.77,736278016,1753.3242,6201,8063,NA,0
"2/4/2018",461252651.9,9306,6323824758,9.77,588172032,2432.130108,6620,9306,NA,0
"2/5/2018",269208892.1,10194,5637142839,8.68,640158976,2593.594381,7096,10194,NA,0
"2/6/2018",373620939.6,11722,4672430504,7.17,1304850048,2151,8252,11722,NA,0
"2/7/2018",175055151.7,8092,5473033042,8.35,762883968,1850.82927,5937,8092,NA,1
"2/8/2018",95619564.25,5573,5037557585,7.66,542067968,1513.775266,4384,5573,NA,0
"2/9/2018",134613222,7084,5603423976,8.5,507606016,1653.657441,5542,7084,NA,1
"2/10/2018",178768764.1,8362,6353394032,9.61,609065984,2007.17295,6432,8362,NA,1
"2/11/2018",194093349.7,6968,6036620260,9.09,408012992,2727,5388,6968,NA,0
"2/12/2018",124021748.7,6102,5626804091,8.45,353976000,1690.44785,4830,6102,NA,0
"2/13/2018",121568315.9,6026,6128653461,9.18,365436000,1101.6,4774,6026,NA,1
"2/14/2018",341017590.4,8084,6176014963,9.23,480308992,1620.920866,5828,8084,NA,1
"2/15/2018",136864808.7,10791,6674728582,9.94,392064992,397.6,5143,10791,NA,1
"2/16/2018",136850827.2,14640,6840905004,10.15,249798000,223.3,4438,14640,NA,1
"2/17/2018",177780279.2,17660,6765171948,10.01,276848992,281.6993834,4968,17660,NA,0
"2/18/2018",161871355.1,17766,6888174070,10.16,353808000,232.132164,4522,17766,NA,1
"2/19/2018",114256923.7,20459,6371191485,9.37,225362000,234.25,4278,20459,NA,0
"2/20/2018",153776428.5,17540,6598480252,9.69,305780992,290.7,5073,17540,NA,1
"2/21/2018",129420887.7,5910,6329360906,9.27,298552992,1674.346319,4659,5910,NA,0
"2/22/2018",131872579.3,5946,5999867669,8.74,295638016,1568.83,4567,5946,NA,0
"2/23/2018",102585678.3,5894,5543139879,8.05,284364992,1230.960682,4621,5894,NA,0
"2/24/2018",123236127.8,5743,5920473776,8.57,241756992,1310.60444,4498,5743,NA,1
"2/25/2018",146730129.2,5563,5660898609,8.18,173548992,1254.390894,4496,5563,NA,0
"2/26/2018",119922148.6,6557,5486348059,7.9,251184992,1476.436737,5060,6557,NA,0
"2/27/2018",149071038.8,6830,5692119928,8.17,330184992,1465.5346,5263,6830,NA,1
"2/28/2018",197592549.9,6370,5959041617,8.53,380052992,1370.295587,5046,6370,NA,1
"3/1/2018",128319881.3,5854,5882579220,8.39,214126000,1520.518168,4666,5854,NA,0
"3/2/2018",178197852,6709,6107150316,8.68,211631008,944.734238,5223,6709,NA,1
"3/3/2018",90078281.68,6178,5720276270,8.11,141850000,813.5705765,4871,6178,NA,0
"3/4/2018",155730520.9,7144,5656286564,8,195810000,1194.4,5628,7144,NA,0
"3/5/2018",126135732.1,6905,5808483652,8.18,183715008,1539.146489,5607,6905,NA,1
"3/6/2018",147841641,7345,5697591755,8,233026000,1760,5535,7345,NA,0
"3/7/2018",170481489,8216,5177115342,7.25,423460000,1740,6029,8216,NA,0
"3/8/2018",155244627.4,8987,4667363184,6.51,299364992,1700.702021,6631,8987,NA,0
"3/9/2018",198881690.7,8611,4456801147,6.2,429200992,1630.672917,6133,8611,NA,0
"3/10/2018",93072947.44,6081,4445653917,6.17,309652992,1271.800621,4773,6081,NA,0
"3/11/2018",85164713.03,5302,4178590301,5.79,271828992,1095.53693,4295,5302,NA,0
"3/12/2018",125459397.2,5769,4457706933,6.15,206551008,1168.5,5045,5769,NA,1
"3/13/2018",352434436,7019,4229203448,5.82,199199008,1743.09,5775,7019,NA,0
"3/14/2018",124945531.7,6475,4276668281,5.87,210732992,1572.573,5137,6475,NA,1
"3/15/2018",168644233.5,7183,3907562442,5.35,293299008,1636.261641,5292,7183,NA,0
"3/16/2018",107105335.5,5593,3792143387,5.18,184719008,1374.59588,4149,5593,NA,0
"3/17/2018",81155541.39,4996,3741229950,5.09,140080000,1198.333694,3868,4996,NA,0
"3/18/2018",110079910.5,6511,3424567122,4.65,333500992,1699.098692,4769,6511,NA,0
"3/19/2018",123751750.9,7383,3474780626,4.71,660668992,1385.682,5071,7383,NA,1
"3/20/2018",170235577.8,7847,4572221772,6.17,667072000,1530.16,5501,7847,NA,1
"3/21/2018",336654107.3,13127,4506956805,6.07,765790016,2119.644,9013,13127,NA,0
"3/22/2018",445095976.5,19202,5217760192,7.01,1062430016,2103,13485,19202,NA,1
"3/23/2018",273338575.5,15827,5237694988,7.02,846830016,972.555899,12049,15827,NA,1
"3/24/2018",160675227.2,8895,5239661465,6.99,357179008,1565.76,6102,8895,NA,0
"3/25/2018",119903534.2,7002,4961415456,6.6,274460000,1096.919208,4756,7002,NA,0
"3/26/2018",230514613,9441,4924692196,6.53,553672000,2232.929727,6424,9441,NA,0
"3/27/2018",175511890.5,9195,4458377388,5.9,877542976,2293.507,5996,9195,NA,0
"3/28/2018",176353412.3,8237,4454001914,5.88,616041984,1475.88,5790,8237,NA,0
"3/29/2018",199072330.4,8054,4787130058,6.31,626902976,1442.595355,5538,8054,NA,1
"3/30/2018",177142478.8,10311,4592963251,6.03,506609984,853.0012674,7745,10311,NA,0
"3/31/2018",147134085.3,5884,4665802354,6.11,224212992,1408.134615,4312,5884,NA,1
"4/1/2018",140905829.4,6282,4595550408,6,401303008,1868.83553,4288,6282,NA,0
"4/2/2018",118595080.6,6659,4357040611,5.68,314995008,1243.92,4814,6659,NA,0
"4/3/2018",133197056.9,6896,4542905376,5.9,306368992,994.8632841,5124,6896,NA,1
"4/4/2018",104785469.4,6050,4716884557,6.11,260820000,972.0653094,4488,6050,NA,1
"4/5/2018",109379808.7,7476,4425649361,5.72,542464000,1428.242339,5376,7476,NA,0
"4/6/2018",208097699.3,11742,4931373160,6.36,451440992,1265.64,9108,11742,NA,1
"4/7/2018",109136974.1,7095,4570743631,5.88,220028000,1293.371596,5132,7095,NA,0
"4/8/2018",127985163.8,14504,4608971056,5.9,166915008,751.7861939,12486,14504,NA,1
"4/9/2018",170412131.5,13272,4682982539,5.98,226564992,1149.588262,10358,13272,NA,1
"4/10/2018",198680917.5,11640,4614127447,5.88,225494000,1699.32,8610,11640,NA,0
"4/11/2018",630325512.8,25756,4719570338,6,1818530048,1741.078219,16378,25756,NA,1
"4/12/2018",850133368.8,37730,6705092651,8.5,1717360000,2126.7,26798,37730,NA,1
"4/13/2018",557468269,27613,6891953301,8.71,936742976,1231.21076,20028,27613,NA,1
"4/14/2018",811995956.6,36260,6939070493,8.75,811486976,874.125,26192,36260,NA,1
"4/15/2018",550287208.1,26791,6860105540,8.63,861262976,862.9999991,20751,26791,NA,0
"4/16/2018",363872633.3,12991,6702521379,8.39,455204000,855.78,9617,12991,NA,0
"4/17/2018",237343947.1,12368,6506499401,8.13,798768000,1401.464589,8236,12368,NA,0
"4/18/2018",210214738,9407,6809426268,8.49,518188992,1305.852843,6521,9407,NA,1
"4/19/2018",241797618.1,9865,7258026391,9.02,554115968,1547.73147,6850,9865,NA,1
"4/20/2018",568481335,14315,7670716388,9.51,1512339968,1817.711444,9682,14315,NA,1
"4/21/2018",529833636.5,11641,9366852953,11.58,1142259968,2214.681948,8110,11641,NA,1
"4/22/2018",335202985.7,11477,8972265329,11.07,1001900032,1910.267472,7913,11477,NA,0
"4/23/2018",379101104.5,10239,9206057493,11.33,662115968,1356.316453,8003,10239,NA,1
"4/24/2018",546556353,23527,9555272838,11.73,3223780096,1550.79116,15996,23527,NA,1
"4/25/2018",517453660.1,17551,12333916595,15.1,3005040128,2448.012,12758,17551,NA,1
"4/26/2018",543377565.9,13373,11814165223,14.43,1566850048,2164.5,9773,13373,NA,0
"4/27/2018",602981523.3,15945,12697852550,15.47,2486409984,2311.534548,11797,15945,NA,1
"4/28/2018",612534449.5,21861,13729365061,16.69,2728300032,1891.579892,16798,21861,NA,1
"4/29/2018",2030260440,29523,15575080761,18.88,4870720000,2832,20512,29523,NA,1
"4/30/2018",1090941816,23260,17893409762,21.64,4073370112,3539.943104,15934,23260,NA,1
"5/1/2018",577347664.1,15329,14650265425,17.67,3330129920,2297.1,11211,15329,NA,0
"5/2/2018",592407768.9,14521,15728499998,18.93,2410370048,1906.251,10956,14521,NA,1
"5/3/2018",1874543035,20461,16048212224,19.27,2266540032,2335.035923,14809,20461,NA,1
"5/4/2018",456290958.5,15618,14787162293,17.71,1749309952,2100.28867,11340,15618,NA,0
"5/5/2018",396950738.4,14491,14342679349,17.14,1614729984,1714,10868,14491,NA,0
"5/6/2018",431359227.5,12570,14885286045,17.74,1434829952,2212.233088,9379,12570,NA,1
"5/7/2018",574524849.7,13998,14859803709,17.67,2000850048,2703.51,10010,13998,NA,0
"5/8/2018",610945225.4,15059,15153231246,17.98,1449939968,1986.773638,11679,15059,NA,1
"5/9/2018",604111679,18745,15328765830,18.12,1199539968,1902.6,14157,18745,NA,1
"5/10/2018",698626020.2,21771,15242025612,17.97,1287810048,1831.8618,16650,21771,NA,0
"5/11/2018",983639901.2,19949,14846999618,17.46,2919820032,3492,13859,19949,NA,0
"5/12/2018",1350601125,19296,12769386457,14.98,3091069952,3314.311739,12169,19296,NA,0
"5/13/2018",567244364.7,13973,12158236921,14.23,1589949952,1768.633751,9775,13973,NA,0
"5/14/2018",673738104.3,17905,12789917058,14.93,1702960000,2530.635,12469,17905,NA,1
"5/15/2018",663393431.4,15596,12064861638,14.05,1371869952,2327.18062,11295,15596,NA,0
"5/16/2018",479332574.9,28139,11128450098,12.93,1534140032,827.52,23681,28139,NA,0
"5/17/2018",482822166,16514,11105293037,12.87,1644329984,1274.13,12201,16514,NA,0
"5/18/2018",552018331.1,17754,10703520513,12.37,1343680000,436.8236361,14163,17754,NA,0
"5/19/2018",270806389.4,10397,11301547930,13.04,1018750016,1429.510877,8000,10397,NA,1
"5/20/2018",360337407.2,14387,11440235254,13.17,1228359936,1744.382839,10602,14387,NA,1
"5/21/2018",447527477.3,16068,12221800434,14.03,1.063e+09,1931.107857,11932,16068,NA,1
"5/22/2018",566459144.8,13283,11799688671,13.52,991158976,1962.138131,10045,13283,NA,0
"5/23/2018",532505865.9,17371,10796222473,12.33,1591750016,1759.8609,12970,17371,NA,0
"5/24/2018",684237850,19888,9578905698,10.92,2161890048,1852.904344,15469,19888,NA,0
"5/25/2018",450227972.3,24317,11259988764,12.81,1624390016,1637.6304,18594,24317,NA,1
"5/26/2018",465078240.3,21424,10815611615,12.27,1085629952,1239.27,18347,21424,NA,0
"5/27/2018",733344984.7,17421,10854880939,12.29,939929024,1265.87,15032,17421,NA,1
"5/28/2018",1319246287,30984,11075233444,12.5,1580160000,1516.543587,25908,30984,NA,1
"5/29/2018",929289719.6,37769,10390094610,11.7,1877299968,1753.83,31267,37769,NA,0
"5/30/2018",1163797516,44229,10842179404,12.18,1269209984,1199.73,34369,44229,NA,1
"5/31/2018",1157757824,57471,10673141720,11.97,1142809984,362.691,50224,57471,NA,0
"6/1/2018",2276723319,18093,10985414896,12.29,1058150016,508.5390612,15457,18093,NA,1
"6/2/2018",257282543.9,9204,11010822219,12.29,2884720128,325.0159406,7781,9204,NA,0
"6/3/2018",NA,NA,13272700216,14.81,1631840000,NA,NA,NA,NA,1
"6/4/2018",NA,NA,13080306452,14.6,1297159936,NA,NA,NA,NA,0
"6/5/2018",NA,NA,12173223893,13.58,1445139968,NA,NA,NA,NA,0
"6/6/2018",NA,NA,12768756147,14.25,1022289984,NA,NA,NA,NA,1
"6/7/2018",NA,NA,12536529888,13.99,1017480000,NA,NA,NA,NA,0
"6/8/2018",NA,NA,13056898101,14.57,1105590016,NA,NA,NA,NA,1
"6/9/2018",65954167.31,25103,12577477189,14.04,1175320064,140.4,163932,163931,NA,0
"6/10/2018",1037.98422,12975,12578956321,14.04,2317139968,14.04,57,51,NA,0
"6/11/2018",11199.13825,14362,10137637004,11.31,1570569984,11.31,197,223,NA,0
"6/12/2018",16235.07963,10237,10352248346,11.55,1052700032,1.155,254,416,NA,1
"6/13/2018",4120.21593,8200,9191323274,10.26,1266409984,0.1026,233,404,NA,0
"6/14/2018",3571.761969,8898,9114082295,10.17,1409440000,0.1276335,246,324,NA,0
"6/15/2018",10592.42025,117776,10117527766,11.29,936732992,0.1129,459,797,NA,1
"6/16/2018",9111.38172,14462,9544620576,10.65,680969984,0.001065,283,1100,NA,0
"6/17/2018",279346.8362,60225,9529445199,10.63,432120992,0.001063,346,3299,NA,0
"6/18/2018",523896089.1,62825,9357371635,10.44,720630016,10.44,522,534,NA,0
"6/19/2018",433789822,52127,9603947082,10.72,715926016,53.6,791,800,NA,1
"6/20/2018",530486092.3,46448,9613469306,10.73,852286976,1287.6,1506,1744,NA,1
"6/21/2018",327718578.3,22361,9348184718,10.43,662139008,104.3,1172,1608,NA,0
"6/22/2018",224619067.3,115952,9335203581,10.42,1258310016,1042,1066,2581,NA,0
"6/23/2018",238935064.2,13605,7769967162,8.67,709977024,1231.14,1089,1926,NA,0
"6/24/2018",57475824.66,11904,7581593389,8.46,1397600000,795.24,1216,2199,NA,0
"6/25/2018",208869761.8,112692,7235805663,8.07,905011968,393.870069,1430,2877,NA,0
"6/26/2018",97351774.66,66819,7397857966,8.26,629339008,518.211337,1341,2916,NA,1
"6/27/2018",93155062.54,280735,6704738012,7.48,716035968,374,1728,4228,NA,0
"6/28/2018",442035939.9,144743,7181279208,8.01,724915008,364.824261,2232,5304,NA,1
"6/29/2018",25396521.31,215778,6694799612,7.47,802745984,298.484019,1855,4414,NA,0
"6/30/2018",149229584,115583,6940309304,7.74,832537984,215.767206,1725,4184,NA,1
"7/1/2018",34393192.19,137605,7304498748,8.15,621643008,143.44,2125,5485,NA,1
"7/2/2018",80698652.89,136374,7292187021,8.14,1024129984,260.48,3598,8820,NA,0
"7/3/2018",367360658.7,154333,7986778473,8.91,1006099968,406.913463,6496,15281,NA,1
"7/4/2018",86784397.46,121374,7926676527,8.85,935387008,447.918855,4291,9310,NA,0
"7/5/2018",180269138.8,132905,7953877599,8.88,958548992,426.895788,4318,10326,NA,1
"7/6/2018",149233039.1,164584,7974756486,8.9,604649984,355.11,4503,10084,NA,1
"7/7/2018",106251198.8,132157,7771778153,8.67,490260992,211.5068175,3404,7330,NA,0
"7/8/2018",117476095,148823,8105814018,9.04,491667008,350.176152,2577,4867,NA,1
"7/9/2018",66518546.49,124233,7800990303,8.71,707878016,448.856785,2861,5491,NA,0
"7/10/2018",64185855.17,607517,6941401821,7.75,707110016,633.2184,2551,5211,NA,0
"7/11/2018",158411186.5,676522,6458982246,7.21,599606976,657.4254645,2646,5162,NA,0
"7/12/2018",94097824.94,353894,6422020856,7.17,597379968,179.25,2952,5720,NA,0
"7/13/2018",76244885.5,936260,6188994292,6.91,586718016,0.000691,66769,71925,NA,0
"7/14/2018",100785291.3,2262260,6236709699,6.96,396983008,69.6,3857,6849,NA,1
"7/15/2018",137341574.1,3235266,6258234111,6.98,501440000,62.82,5089,9033,NA,1
"7/16/2018",261569863.7,2207672,6627540421,7.4,716972032,74,5849,12147,NA,1
"7/17/2018",92287152,6321607,7228384570,8.07,847793984,20.13465,7014,13044,NA,1
"7/18/2018",85008072.38,6742780,7861001884,8.77,929459008,0.000877,12274,20207,NA,1
"7/19/2018",510843579.3,8307321,7689320056,8.58,852908992,66.07887,5011,9493,NA,0
"7/20/2018",191767694.7,5766224,7524654200,8.4,810102976,0.81396,9507,17416,NA,0
"7/21/2018",56083605.79,7026314,7075781759,7.9,551660032,0.79,6806,19191,NA,0
"7/22/2018",53707123.67,7545183,7183798296,8.02,497159008,8.24055,5393,10541,NA,1
"7/23/2018",79172571.51,7167206,7058034136,7.88,630787008,0.000788,19249,28761,NA,0
"7/24/2018",350680950.8,6941143,7145990574,7.97,1007480000,0.000797,13418,20725,NA,1
"7/25/2018",97455687.74,7274454,7669966969,8.56,835307008,0.856,9636,15234,NA,1
"7/26/2018",71430614.3,7078502,7636827164,8.52,644028992,0.000852,31975,42984,NA,0
"7/27/2018",73398358.35,3698247,7448410215,8.31,694945984,0.000831,86939,92325,NA,0
"7/28/2018",76570501.34,5653877,7557037212,8.43,527104000,0.000843,71140,77623,NA,1
"7/29/2018",34595330.61,8416822,7478152436,8.34,615336000,0.000834,7282,10917,NA,0
"7/30/2018",126230798.2,8083188,7472847924,8.34,849398000,4.347642,4174,10252,NA,0
"7/31/2018",68393434.78,7271422,7043731609,7.77,708842000,0.000777,14168,19768,NA,0
"8/1/2018",50345935.76,7661173,6665673606,7.36,699077000,0.000736,10794,16561,NA,0
"8/2/2018",203895168.4,8216221,6557748174,7.24,559363000,0.000724,28848,38577,NA,0
"8/3/2018",39001024.67,8362106,6391557069,7.05,521404000,0.000705,28273,35377,NA,0
"8/4/2018",42863967.95,7215390,6521576345,7.2,465467000,0.00072,67032,86937,NA,1
"8/5/2018",89513350.23,3364069,6339914985,7,481289000,7e-04,64404,78607,NA,0
"8/6/2018",50950606.96,5985614,6399873308,7.06,477949000,0.000706,40912,77157,NA,1
"8/7/2018",55602082.5,7390761,6396299839,7.06,572786000,0.000706,12503,17220,NA,0
"8/8/2018",266709380.5,6763672,5986236007,6.6,8.85e+08,0.78507,9792,17838,NA,0
"8/9/2018",61311407.38,7358344,5086059958,5.61,711726000,17.8959,5017,11393,NA,0
"8/10/2018",76892804.27,6806954,5252916633,5.8,771704000,0.00058,58708,65693,NA,1
"8/11/2018",54997270.71,7337851,4782267183,5.28,651458000,0.000528,33862,50687,NA,0
"8/12/2018",28798805.06,7667153,4562197971,5.03,602163000,0.000503,74246,86155,NA,0
"8/13/2018",62559287.77,8690801,4543796443,5.01,666517000,40.08,3658,10181,NA,0
"8/14/2018",63139672.06,8476219,4188205400,4.62,588931000,4.62,6561,13605,NA,0
"8/15/2018",52066113.77,7608512,4219652775,4.66,692546000,0.000466,12016,18003,NA,1
"8/16/2018",50041691.41,3237242,4208112473,4.64,654120000,46.4,2176,8218,NA,0
"8/17/2018",80641997.6,2915955,4093224527,4.52,1009130000,41.898366,2592,11232,NA,0
"8/18/2018",44323600.4,4696460,5022094286,5.54,824713000,0.000554,83278,100930,NA,1
"8/19/2018",47371545.85,7962129,4618899428,5.1,659969000,0.49674,7256,20383,NA,0
"8/20/2018",51382451.87,7622643,4803775190,5.3,560766000,5.3,5186,23050,NA,1
"8/21/2018",271498470.6,6517695,4288756883,4.73,412303000,0.000473,117000,214223,NA,0
"8/22/2018",79800821.72,2436247,4453076193,4.91,571812000,0.000491,78716,161638,NA,1
"8/23/2018",94847791.19,6802495,4286208332,4.73,442313000,4.73,22113,75500,NA,0
"8/24/2018",56086245,6909744,4450121710,4.91,616336000,5.0082,11183,90845,NA,1
"8/25/2018",40693024.55,6723165,4583030543,5.06,356801000,5.06,16679,107044,NA,1
"8/26/2018",36500113.43,2606981,4571489234,5.04,361901000,5.04,13960,63037,NA,0
"8/27/2018",62478406.99,5774012,4483369083,4.95,552155000,4.95,4634,99871,NA,0
"8/28/2018",80690994.48,5647034,4852314761,5.35,622686000,5.35,4317,91755,NA,1
"8/29/2018",114296664.5,5336604,5349397303,5.9,955876000,5.9,7007,112168,NA,1
"8/30/2018",93894148.31,4498186,5544851808,6.12,744458000,6.12,18457,98005,NA,1
"8/31/2018",122363494.7,3452908,5489206252,6.06,899621000,6.06,16175,163421,NA,0
"9/1/2018",69852540,4347626,5839707983,6.44,746530000,9.66,4854,129679,NA,1
"9/2/2018",88762091.92,4210544,6025772151,6.65,903575000,6.65,4101,135551,NA,1
"9/3/2018",173578765,4380459,6013514839,6.64,720704000,6.64,4382,128047,NA,0
"9/4/2018",178570621,4775080,5850079185,6.46,765275000,6.46,25923,146022,NA,0
"9/5/2018",141146243.7,5048300,5871714617,6.48,1009270000,6.48,58163,186328,NA,1
"9/6/2018",127440047.7,904322,4720374700,5.21,844070000,5.21,69934,210209,NA,0
"9/7/2018",136419993.9,5077672,4744001224,5.23,651853000,5.23,54316,194340,1,1
"9/8/2018",44690723.98,3157711,4624675643,5.1,531005000,5.1,33270,180191,13337,0
"9/9/2018",56213177.99,5914093,4311834622,4.76,621964000,4.76,16822,117674,80482,0
"9/10/2018",96006039.42,4810318,4518529256,4.99,536130000,4.99,6520,125228,172800,1
"9/11/2018",44661494.06,1208067,4598233297,5.07,582087000,5.07,7150,162234,172800,1
"9/12/2018",37006855.42,734139,4530097367,5,707279000,5,5763,153581,172682,0
"9/13/2018",118624672.5,622998,4493191136,4.96,718438000,4.96,10251,178340,172291,0
"9/14/2018",83764514.24,617577,4912659412,5.42,606576000,1.355,47357,170183,172503,1
"9/15/2018",42967233.46,803841,4758949882,5.25,508734000,10.5,7805,203919,138696,0
"9/16/2018",47260444.02,714053,4874897078,5.38,477706000,5.38,25883,199716,172750,1
"9/17/2018",83627118.7,824651,4919381380,5.43,696413000,5.43,39669,217615,172792,1
"9/18/2018",71695815.86,966723,4404446268,4.86,658606000,2.43,45053,249498,170453,0
"9/19/2018",56780662.32,991483,4584855026,5.06,622045000,2.53,19226,280378,172746,1
"9/20/2018",75118683.64,970800,4761268175,5.25,703866000,2.2575,25527,295499,172604,1
"9/21/2018",138784858.3,1107356,5212555870,5.75,1088760000,0.71875,97602,406024,172771,1
"9/22/2018",74300579.22,1129405,5600717605,6.18,669024000,0.927,93552,372707,172728,1
"9/23/2018",45445672.88,1152990,5392722745,5.95,686260000,1.4875,16634,308525,172653,0
"9/24/2018",37976025.85,1052415,5458246566,6.02,654906000,0.602,36774,446689,172779,1
"9/25/2018",99355912.78,1197181,5149299716,5.68,891486000,1.136,87588,344632,172762,0
"9/26/2018",46460421.6,1130722,4889061779,5.39,683187000,2.156,20347,281724,172602,0
"9/27/2018",57218152.59,903256,5035320417,5.56,753645000,3.684612,17118,302107,172629,1
"9/28/2018",96281099.56,909954,5283445662,5.83,840105000,4.664,19690,311722,172705,1
"9/29/2018",75234316.5,1131483,5223714670,5.76,678214000,4.608,13536,344546,172348,0
"9/30/2018",110892972,1288261,5219241812,5.76,828008000,1.728,26260,352063,172641,0
"10/1/2018",63689695.1,1416553,5198765742,5.74,695608000,1.435,36949,372501,172661,0
"10/2/2018",47039067.05,1883906,5198652212,5.74,564671000,0.7175,75943,507579,172425,0
"10/3/2018",57454855.03,1377687,5082325355,5.61,595740000,0.70125,99742,406989,172722,0
"10/4/2018",52159103.39,1472286,5099873750,5.63,613679000,1.4075,72562,384249,172716,1
"10/5/2018",55282768.14,1461415,5248360388,5.79,554553000,0.579,135803,461107,172416,1
"10/6/2018",38994281.68,1668270,5264659283,5.81,486075000,0.581,210683,643956,170417,1
"10/7/2018",33683870.19,2118262,5191991182,5.73,525930000,0.573,50549,558342,170154,0
"10/8/2018",176306561.9,1876713,5232086811,5.77,627571000,1.4425,19103,506034,172763,1
"10/9/2018",67797114.51,2210216,5364753229,5.92,538883000,0.9472,96145,509186,172614,1
"10/10/2018",120929330.4,2020740,5337692964,5.89,533169000,1.4725,83520,538658,172041,0
"10/11/2018",143145255,1978872,5325857628,5.88,758737000,1.47,52656,536901,172781,0
"10/12/2018",70219185.83,2330505,4567078604,5.04,525307000,1.26,56912,644305,172421,0
"10/13/2018",72891797.12,2503599,4697845882,5.18,362609000,1.295,21364,686745,170903,1
"10/14/2018",53815946.03,1986076,4755292941,5.25,372903000,1.3125,13658,537772,171031,1
"10/15/2018",138605741.1,1177049,4677105339,5.16,918475000,5.16,18319,445012,171178,0
"10/16/2018",125955045.1,1814330,4963475389,5.48,425119000,5.48,8003,579306,164504,1
"10/17/2018",87923613.93,2593686,4940797876,5.45,401459000,2.725,20646,773841,168336,0
"10/18/2018",56288155.67,3525586,4916108534,5.42,440484000,1.355,45928,1086290,163751,0
"10/19/2018",79379186.13,4329377,4860873151,5.36,378435000,2.220112,45519,1294152,168422,0
"10/20/2018",99867891.03,3739962,4841502753,5.34,366171000,1.335,129279,1421382,170208,0
"10/21/2018",126656164.6,3708061,4869274831,5.37,443995000,2.148,99432,1368152,169868,1
"10/22/2018",105359908.3,3535491,4905529094,5.41,348657000,2.705,30229,1099893,170217,1
"10/23/2018",72510129.39,3611763,4874438304,5.38,329169000,2.152,35836,1155189,171853,0
"10/24/2018",78725343.05,4709812,4902667618,5.41,312068000,2.705,36192,1150403,170392,1
"10/25/2018",68633026.14,3771304,4879130591,5.38,291321000,2.152,36791,1229700,168624,0
"10/26/2018",79054784.43,4684851,4863674144,5.37,355795000,2.685,29093,1251458,171701,0
"10/27/2018",71421789.81,4521588,4886231902,5.39,415957000,2.695,19062,1266822,171609,1
"10/28/2018",107046198.5,4113607,4889424728,5.4,382333000,2.2275,22376,1283398,170964,1
"10/29/2018",98288489.93,4019134,4899178017,5.41,578423000,2.705,29680,1284099,170040,1
"10/30/2018",91053897.18,3836278,4663357801,5.15,562212000,5.15,33099,1228691,170145,0
"10/31/2018",168415541,4486620,4654767572,5.14,646592000,3.084,37860,1358359,170709,0
"11/1/2018",89736378.68,4690299,4709788144,5.2,560423000,2.6,43687,1399475,168683,1
"11/2/2018",127900693.5,4898804,4781010548,5.28,668222000,5.28,42017,1478280,162125,1
"11/3/2018",76268148.29,4328081,4861672664,5.36,624348000,4.963896,46976,1335734,168019,1
"11/4/2018",137134524.3,3996033,4811552329,5.31,736521000,5.31,81696,1231884,170416,0
"11/5/2018",122221581.2,4395419,4928188916,5.44,681390000,5.44,32936,1149210,170405,1
"11/6/2018",334394625.4,4240665,4931104333,5.48,776546000,5.48,30047,1182315,171412,1
"11/7/2018",160977512,4047880,5192398511,5.73,719042000,5.73,30162,1077001,171606,1
"11/8/2018",166749292.9,4527130,5115766804,5.64,655039000,5.64,26262,1180789,172136,0
"11/9/2018",137837954.4,7101135,4986923702,5.5,719946000,5.5,94485,1995188,169938,0
"11/10/2018",118589283.2,7305228,4877118984,5.38,595931000,5.38,46489,1947580,166506,0
"11/11/2018",129215316.1,7995091,4906201814,5.41,729699000,5.41,31076,2090137,163086,1
"11/12/2018",120725391.7,7319436,4941020652,5.45,606714000,5.45,38396,1914758,165456,1
"11/13/2018",133551410.2,7018913,4890364463,5.4,766307000,5.4,65116,1815304,169339,0
"11/14/2018",283805489.5,5404547,4726276724,5.22,1244140000,10.44,40283,1594821,168597,0
"11/15/2018",155916882.3,4450301,4203300734,4.64,1265280000,6.032,18858,1456946,171943,0
"11/16/2018",484313903.2,5220412,4247963619,4.69,923308000,4.69,41472,1655438,172335,1
"11/17/2018",102113493.1,5616736,4125914598,4.55,773374000,4.55,44614,1787751,172062,0
"11/18/2018",133357875.4,5161205,4148224406,4.58,750443000,4.58,38215,1720696,171033,1
"11/19/2018",204315028.9,6287736,4171792782,4.6,1193950000,2.3,63327,1967757,171154,1
"11/20/2018",163936055.9,7747554,3685872521,4.07,1305960000,2.035,37707,2430880,171713,0
"11/21/2018",200642099.7,7784264,3390255231,3.74,965961000,1.496,25915,2429778,172631,0
"11/22/2018",112576103.4,8130661,3457238763,3.81,694359000,1.905,26461,2433837,171654,1
"11/23/2018",116933232.8,7235145,3190337256,3.52,891425000,1.408,24608,2215204,171989,0
"11/24/2018",141937382.7,7107528,3272939797,3.61,796038000,1.805,92949,1986966,171924,1
"11/25/2018",202104735.3,7031162,2963492303,3.27,1057330000,1.635,80873,2047182,172324,0
"11/26/2018",185136076.2,7138212,3039539427,3.35,984528000,2.68,51498,2057566,171721,1
"11/27/2018",132177919.5,6245134,2882021162,3.18,957723000,3.908538,81197,1851455,171719,0
"11/28/2018",86818783.67,6456131,2745395288,3.03,860148000,1.515,241833,1955089,172065,0
"11/29/2018",131323190.2,6933771,2983373239,3.29,896394060,0.987,102280,1955334,171296,1
"11/30/2018",137123958,6156265,2748687634,3.03,887904092,0.909,86486,1816139,171207,0
"12/1/2018",57632179.94,5821806,2616613777,2.89,814784417,0.867,62317,1705682,170918,0
"12/2/2018",98254781.18,6436589,2672838927,2.95,740214948,1.475,35070,1942342,171124,1
"12/3/2018",111366587.7,6439910,2586379111,2.85,798359633,1.425,63793,1919138,171106,0
"12/4/2018",104712140.2,6631478,2342803013,2.59,770915653,2.59,96935,1979188,170554,0
"12/5/2018",110122753.5,6975645,2224692207,2.46,843118459,3.61128,32591,1961339,171167,0
"12/6/2018",111260812.4,6600769,1991591919,2.2,771704763,3.08,147794,1915144,171340,0
"12/7/2018",155892821.7,6442157,1688701111,1.86,937285229,1.86,30387,1903217,168905,0
"12/8/2018",95778469.72,6621969,1579975299,1.74,847786798,1.74,43588,2032537,172404,0
"12/9/2018",73335730.73,7227552,1669326843,1.84,813391106,1.84,39315,2206965,158111,1
"12/10/2018",94132014.81,6571730,1828053691,2.02,867574172,4.04,25444,1963917,161229,1
"12/11/2018",103361754.4,6491261,1747946429,1.93,769874104,5.79,23585,1930889,170573,0
"12/12/2018",82494026.11,6218645,1676150990,1.85,684689882,6.2841725,21589,1763674,170838,0
"12/13/2018",99584778.53,6726936,1795115801,1.98,612212508,3.96,19541,2054714,172615,1
"12/14/2018",87163977.99,5858419,1675095377,1.85,608056107,5.55,19881,1815417,172475,0
"12/15/2018",88664151.94,6120170,1649270142,1.82,514205945,9.1,22820,1914635,172449,0
"12/16/2018",79046031.62,4735056,1717463648,1.9,592700281,3.8,35449,1413109,172588,1
"12/17/2018",92833564.69,3596917,1739028972,1.92,1035073029,13.44,18817,1160421,172564,1
"12/18/2018",533402755.2,4274601,2179003727,2.4,1357427909,9,60467,1396585,172575,1
"12/19/2018",1383838959,6390915,2398590684,2.65,1267475702,1.325,168279,1867610,172690,1
"12/20/2018",542242346.6,5590763,2251515018,2.48,1338384673,2.48,101134,1561640,172793,0
"12/21/2018",164572567.2,5615823,2474219228,2.73,1034421052,2.73,34423,1659577,172684,1
"12/22/2018",94169186.38,5359207,2373938353,2.62,826024877,2.62,34233,1631589,172794,0
"12/23/2018",96154435.54,5016091,2384021569,2.63,1098757163,2.63,38780,1565962,172655,1
"12/24/2018",110292345.2,5832797,2554984327,2.82,1205992715,2.82,45551,1797460,172793,1
"12/25/2018",103104769.9,6225441,2513172756,2.77,1040752729,2.216,73042,1730465,172733,0
"12/26/2018",88353273.48,6186930,2294986950,2.53,919041942,1.771,165136,1922381,172760,0
"12/27/2018",81779803.17,5835971,2358536525,2.6,786076003,1.3,193016,1820596,172521,1
"12/28/2018",67735269.28,5476461,2099227262,2.32,912368604,1.856,61206,1556984,172690,0
"12/29/2018",73978683.8,5630450,2409298960,2.66,832583860,2.128,58938,1547526,172772,1
"12/30/2018",56108259.66,5685662,2384894325,2.63,678199674,2.104,70639,1673241,172793,0
"12/31/2018",60361224.44,5566999,2425836966,2.68,737955581,2.68,48641,1572155,172788,1
"1/1/2019",53089992.3,5802132,2332143482,2.57,675099229,2.57,54270,1638980,172793,0
"1/2/2019",73407882.42,5377137,2417689489,2.67,808413256,2.136,51217,1529386,172800,1
"1/3/2019",76827576.38,5812178,2611360082,2.88,636865311,1.44,139962,1722209,172773,1
"1/4/2019",65481810.41,5643870,2439273778,2.69,723318560,1.345,176055,1759119,172729,0
"1/5/2019",62200736.84,6766712,2464500591,2.72,750751760,1.36,106455,1912423,172799,1
"1/6/2019",66793249.21,7174275,2442844885,2.7,867964715,1.35,55196,1913899,172685,0
"1/7/2019",72826532.74,7326410,2608266904,2.88,747456993,1.44,102889,2023041,172690,1
"1/8/2019",74344811.46,6841224,2508133912,2.77,672422514,1.108,166230,2031458,172785,0
"1/9/2019",89789421.28,5904370,2539700163,2.8,734853519,1.12,121509,1724662,172292,1
"1/10/2019",123543112.3,5795248,2632984421,2.91,1205353503,1.164,162810,1643515,172779,1
"1/11/2019",68523662.83,5691535,2199383306,2.43,839425934,1.458,34915,1499475,172669,0
"1/12/2019",47202876.41,5710175,2190764036,2.42,676904282,1.936,51816,1367455,172722,0
"1/13/2019",50762631.11,5413284,2202338299,2.43,654710955,2.43,58265,1373227,172732,1
"1/14/2019",58853421.21,5357905,2047341667,2.26,754055929,2.1922,173520,1467394,172762,0
"1/15/2019",72889851.34,5367320,2250837899,2.48,742818854,1.488,167383,1368924,172731,1
"1/16/2019",61430795.15,5331866,2172750816,2.4,676246815,2.4,31448,1276629,172785,0
"1/17/2019",55151460.14,5866799,2207199875,2.44,776197591,1.952,37639,1388929,172727,1
"1/18/2019",48674062.14,5816697,2283444430,2.52,755857709,1.26,32147,1423949,172588,1
"1/19/2019",51361507.08,5587437,2235625261,2.47,738761772,1.235,33613,1319214,172103,0
"1/20/2019",58983258.7,4690585,2244972151,2.48,971352022,1.488,81573,1019936,172568,1
"1/21/2019",56402390.78,4953262,2150679956,2.37,681202741,0.948,59494,1166754,172574,0
"1/22/2019",60771202.15,5019651,2127830100,2.35,737422547,1.175,87642,1234961,172537,0
"1/23/2019",49926316.83,5631968,2220390604,2.45,630931520,1.225,122374,1560459,172644,1
"1/24/2019",51968384.42,5518593,2214176910,2.44,662563042,2.44,54683,1511009,172693,0
"1/25/2019",62128269.79,6015649,2233593784,2.46,630943289,1.968,90000,1590087,172668,1
"1/26/2019",54010898.78,6027251,2216567392,2.45,610470886,2.45,31831,1581373,172509,0
"1/27/2019",74377956.28,6191302,2198901856,2.43,780419369,1.944,74212,1748037,172549,0
"1/28/2019",71391809.42,6336534,2157167460,2.38,860063876,1.3328,91351,1705330,172691,0
"1/29/2019",61228924.06,6117863,2035662047,2.25,807914540,0.9,55681,1581561,172455,0
"1/30/2019",51077223.91,6184354,2055427744,2.27,814229781,0.908,40782,1406659,172573,1
"1/31/2019",59834017.13,6382021,2121171603,2.34,678924605,0.936,39307,1467841,172654,1
"2/1/2019",46125053.07,5852127,2102656363,2.32,648027079,0.928,36387,1461675,172394,0
"2/2/2019",39727180.85,5970364,2121657050,2.34,613998325,0.936,42937,1463477,172521,1
"2/3/2019",49631735.02,5363373,2198072645,2.43,567625069,1.215,41576,1208149,172443,1
"2/4/2019",36442703.15,5290268,2157179721,2.38,542186549,0.595,38767,998050,172047,0
"2/5/2019",31198227.08,4838584,2173699902,2.4,528454306,0.96,40784,844750,172050,1
"2/6/2019",40240692.64,4814211,2165449439,2.39,491346170,0.956,38433,823467,171945,0
"2/7/2019",28362411.87,5193626,2125592025,2.35,490454851,0.94,39739,889468,171314,0
"2/8/2019",52647886.56,4802863,2130043637,2.35,1089618269,0.94,37828,795925,169748,0
"2/9/2019",45971296.21,4737997,2475803191,2.73,955886280,1.365,39495,780514,171366,1
"2/10/2019",41681115.53,4348230,2509371680,2.77,936574263,0.839864,35984,722797,171693,1
"2/11/2019",52727804.33,4392491,2581350850,2.85,835068730,0.57,100422,910161,172237,1
"2/12/2019",65951079.97,4643305,2499001312,2.76,993123027,0.69,130624,966980,172318,0
"2/13/2019",82598452.21,5004493,2669923872,2.95,985005906,0.6549,132026,998761,172548,1
"2/14/2019",64218892.34,5141407,2601818425,2.87,926826863,0.574,139124,945015,172523,0
"2/15/2019",50663434.95,4878958,2493342919,2.75,844521264,0.825,76262,907650,172458,0
"2/16/2019",42959080.73,5484851,2535252609,2.8,750356324,1.4,37706,850084,172374,1
"2/17/2019",48125482.08,4930436,2539428689,2.8,893315803,1.12,91591,814278,172111,0
"2/18/2019",106567714.3,4621347,2609456965,2.88,1867708700,1.222272,46286,705049,172312,1
"2/19/2019",117906151.9,5056510,3177474305,3.51,2028171138,1.053,43256,779681,172144,1
"2/20/2019",133462376.5,4775765,3217892143,3.55,1914563883,0.71,99749,823840,171166,1
"2/21/2019",100361217.2,4435940,3557716636,3.93,1392322652,1.2183,44412,663357,171301,1
"2/22/2019",132335869.6,4665507,3444878786,3.8,1413643823,1.1324,78779,838375,170942,0
"2/23/2019",91436237.27,4621876,3514334351,3.88,1609352207,1.94,87712,842703,171820,1
"2/24/2019",168884292.2,4088193,3879779096,4.28,2406373954,4.28,75366,775232,171942,1
"2/25/2019",108761599,4557499,3244800226,3.58,1903389281,3.58,79815,859549,171712,0
"2/26/2019",85154243.62,4524447,3265661214,3.6,1482508113,1.8,83478,820117,170974,1
"2/27/2019",73961919.15,4286573,3153982879,3.48,1376946609,1.205124,81467,719861,171400,0
"2/28/2019",75119199.65,4286625,3207737515,3.54,1353651826,1.062,44622,644073,172264,1
"3/1/2019",58159543.83,4179879,3204382291,3.54,1318189790,1.090674,42472,620590,172160,0
"3/2/2019",74962235.1,4114884,3171411145,3.5,1146398595,1.3237,35071,609141,172080,0
"3/3/2019",34807972.38,4264659,3193518842,3.52,1053719011,0.66528,71817,654766,170343,1
"3/4/2019",107720650.6,4342931,3214001713,3.55,1622012459,0.71,100479,727761,171893,1
"3/5/2019",84192371.31,4132272,2973419502,3.28,2094488255,0.656,96508,631915,171970,0
"3/6/2019",69895586.08,4134411,3434119715,3.79,1927523149,0.758,71866,570441,172345,1
"3/7/2019",71958214.5,4172909,3414912295,3.77,1709256122,0.754,76342,578877,172135,0
"3/8/2019",99211196.2,4313543,3437965403,3.79,1654702858,0.379,187973,733909,171225,1
"3/9/2019",63745919.26,3842924,3288978291,3.63,1788535105,0.73326,45642,556818,171827,0
"3/10/2019",53491968.39,4131609,3412882587,3.77,1375200235,0.499525,85250,651588,172127,1
"3/11/2019",62977965.41,4311099,3376183073,3.73,1600799426,0.46625,79090,656524,172162,0
"3/12/2019",58732667.76,4047689,3264849607,3.6,1821147442,0.72,38531,532774,172295,0
"3/13/2019",59038519.21,4052143,3322929924,3.67,1684463419,0.734,49621,529191,172411,1
"3/14/2019",65122134.03,4471043,3267847743,3.61,1484695823,0.722,46972,613545,172306,0
"3/15/2019",57924391.39,4645805,3270168860,3.61,1659502982,0.48735,89841,655989,172530,0
"3/16/2019",63259691.54,4032771,3374142097,3.72,1734038541,0.744,99544,657434,172479,1
"3/17/2019",44563044.25,3869180,3466975183,3.83,1179827903,0.766,73464,616107,170620,1
"3/18/2019",54406442.18,4144488,3425981655,3.78,1465685317,0.756,48281,616502,172214,0
"3/19/2019",62697978.41,4192890,3397289790,3.75,1241517191,0.75,41143,664482,172018,0
"3/20/2019",68694102.85,4060061,3422847631,3.78,1439034494,0.756,53730,674051,172359,1
"3/21/2019",69613649.41,4381426,3394178471,3.75,1589560904,0.75,40176,669819,172429,0
"3/22/2019",63696782.07,4803151,3316292937,3.66,1361397468,0.366,258487,956264,172268,0
"3/23/2019",48922021.57,4749111,3301119357,3.64,1455344537,0.728,70952,770449,172380,0
"3/24/2019",45753767.05,4579325,3340419281,3.69,1459311466,0.738,83382,731720,172363,1
